Phase,Year_Month,R1-RF,R2-RF,R3-RF,CMA,CRD,EG,HML,IA,LIQ,ME,MOM,Mkt-RF,RMW,ROE,SMB
Recovery,1991-04,0.6604469031597475,1.925396332633586,3.2697244236664282,0.74,-0.0658808139901934,0.6157,1.5,0.4677,-1.2426705732654808,-0.7093,-2.36,-0.28,0.62,1.3981,0.31
Recovery,1991-05,0.5015186513618024,2.189796109583046,4.045095683912396,-2.43,5.353834050170581,-1.0619,-0.52,-1.9526,5.013104047638817,-0.5648,-0.11,3.65,2.0,-0.7118,0.14
Recovery,1991-06,-1.7859380780039142,-0.18625830533878412,1.6373439001017047,0.65,-2.3807410887888625,0.4831,1.15,0.6135,-5.711036177302919,0.0591,0.47,-4.94,1.79,1.3683,0.24
Recovery,1991-07,2.1009941278831947,2.70152480146041,2.9519629566625696,-1.36,5.5456166816658214,0.3864,-1.32,-0.6418,2.5729376302079388,-0.5405,4.32,4.24,1.6,3.0468,-0.96
Recovery,1991-08,1.6371470550430693,2.5817037001806646,3.5959404898677487,-0.34,13.020890370457682,-0.2496,-0.78,-0.0359,4.061817219648867,1.2962,1.57,2.32,0.84,1.1586,1.4
Recovery,1991-09,1.5926055710454516,3.0119772541945915,4.306077960254722,0.08,-2.3688040463560767,0.2084,-1.08,-0.8242,-2.0996514453912707,1.812,1.79,-1.59,-1.82,-0.3644,1.56
Recovery,1991-10,1.7109308598333355,2.50598420898631,3.197826171554084,-0.23,3.117699814532271,3.2018,-0.47,1.3518,6.094848150289689,0.548,3.06,1.29,-1.7,-0.0451,0.91
Recovery,2001-10,1.9524799318897148,4.587169873646911,6.562886241063047,-4.55,7.654379969143199,-0.5555,-7.65,-2.9867,15.88188587631798,3.4861,-8.47,2.46,-2.98,-4.3754,5.27
Recovery,2001-11,2.6612659725502343,4.901563719372052,6.936739328382417,-1.61,4.47579510536722,-2.9927,2.21,-1.1391,8.955893979220031,-1.3907,-8.69,7.54,-3.73,-8.4893,-0.31
Recovery,2001-12,3.5329160228651015,5.930736058599534,8.255664403012958,-0.26,0.2788783957302643,-2.257,0.84,-0.1753,0.2130709200282243,5.3201,0.07,1.6,0.34,0.5419,5.16
Recovery,2002-01,2.396166154805963,3.8987435777522683,4.998290558828107,2.84,-1.6967356287292068,4.2877,3.44,3.2498,-1.762042546560283,0.7237,3.75,-1.44,4.69,0.3033,1.26
Recovery,2002-02,2.5267078497914843,4.35678339466726,6.121813542934515,5.11,5.282646821805637,3.7643,2.16,4.4456,-8.136813727282178,-0.4922,6.82,-2.29,8.07,5.3235,-0.36
Recovery,2002-03,4.554523340343416,6.257038844793391,8.282188511151729,0.58,-4.538741107757039,-0.5528,1.06,0.7761,4.916480646263444,4.6097,-1.64,4.24,-1.78,-4.7001,4.25
Recovery,2002-04,3.3627837886498093,5.839908737559823,7.562683061130265,5.38,4.052599889454145,4.0819,3.88,4.0731,-7.988180639177534,7.5846,7.63,-5.2,4.56,5.4639,6.72
Recovery,2009-04,1.4601435316035072,4.870068908024393,8.722840530612363,0.13,-7.4605269051941985,-1.9211,5.36,3.5317,19.730712935229768,7.3504,-34.3,10.18,1.31,-13.9902,7.13
Recovery,2009-05,4.2416047490901,7.364044382134494,10.625247587196807,-2.17,-6.500586274716158,-0.587,0.28,-2.4121,5.475577760777672,-1.337,-12.49,5.21,-0.78,-3.2921,-2.32
Recovery,2009-06,4.231165222457522,5.0223724314457865,5.66584965831911,-0.33,-0.1384113472901904,2.5897,-2.73,0.4848,-5.701804815860267,3.7792,5.48,0.43,-1.41,0.9567,2.29
Recovery,2009-07,3.496560041320084,5.252352267456572,6.973330848573455,3.14,-4.100309483673136,-1.0228,4.83,2.0193,3.4842601869184975,1.6803,-5.55,7.72,-0.46,-4.9457,2.39
Recovery,2009-08,1.3510625495510176,1.9267841182380108,2.2966937706377024,3.34,-8.424474411252358,-1.5559,7.63,2.2891,8.057971481451931,0.8741,-9.07,3.33,-3.02,-2.5812,-0.09
Recovery,2009-09,3.709663837953147,4.685878428060407,5.481928590181727,0.36,-1.5047684946099316,-2.6452,1.05,-1.1383,3.5118908189670783,2.4775,-4.79,4.08,1.31,-2.7953,2.73
Recovery,2009-10,1.2677202020691336,1.9976627104071332,2.455463810910019,-1.51,5.649800654360515,2.9368,-4.21,-0.2528,-4.141457647050251,-4.6208,2.61,-2.59,4.17,3.9382,-4.93
Recovery,2009-11,4.730008117127671,5.460380949109678,6.020992498814137,0.12,-3.83161677279984,-0.3241,-0.34,-0.3339,1.0607214900898665,-2.3874,0.3,5.56,1.0,1.0111,-2.68
Recovery,2020-05,6.430090905306528,7.202140467855655,7.986083394486053,-3.26,4.399044598960411,0.7014,-4.88,-3.7099,7.361826909216718,2.4777,0.43,5.58,0.95,-0.6115,1.97
Recovery,2020-06,-0.8842877073894206,-0.23149997134259803,0.46919536000777806,0.54,-2.1509528943174705,1.6956,-2.2,0.2574,7.125224668859742,2.2921,-0.73,2.46,0.09,1.1653,1.96
Recovery,2020-07,6.203390406631003,6.500299185196789,6.793335512052211,1.02,5.185735489036691,1.3992,-1.41,-1.3813,2.5673573475173184,-1.2545,7.61,5.77,0.41,3.3555,-3.2
Recovery,2020-08,2.9409975153136028,3.914183536059811,4.823723247044475,-1.19,-2.7043358160594777,-1.6697,-2.97,-2.9853,5.908700363428787,-2.0267,0.55,7.63,4.28,-0.7089,-0.89
Recovery,2020-09,-2.6799216824520586,-2.137074779546367,-1.5659047075368815,-1.85,5.768990110840244,0.8072,-2.71,-2.5136,0.1776507867683907,0.592,3.12,-3.63,-1.36,1.1375,0.01
Recovery,2020-10,-0.27380853270944194,0.2771178010593889,0.8245072446621637,-0.78,-2.722840725534237,0.0726,4.25,-0.4067,-0.925576940413686,2.6025,-3.05,-2.1,-0.83,-2.6512,4.64
Recovery,2020-11,6.9360973168742115,8.412878734589778,9.9678197571599,1.4,-12.610492133629748,-9.8294,2.09,3.1876,16.67780012715987,4.1354,-12.43,12.47,-2.2,-14.3089,7.11
Recovery,2020-12,4.229989195235361,4.9459462454749294,5.691271532947705,-0.12,-2.2608547680072033,-1.0062,-1.51,-2.7157,4.657713834563237,4.2013,-2.32,4.63,-1.96,-4.1575,4.79
Recovery,2021-01,2.2889296069572342,3.984728304303408,5.821735592637966,4.94,-1.951645048526407,-7.1561,3.01,6.4987,15.015732131286374,8.2266,4.5,-0.03,-3.78,-1.9992,6.94
Recovery,2021-02,-1.0421436545604013,-0.5564425767347836,-0.02386485460545984,-1.94,-8.288464352362412,-5.6844,7.15,-0.6657,9.41182698898091,4.3707,-7.89,2.78,0.39,-6.1829,4.54
Recovery,2023-05,-2.163320850554635,0.6196819747336816,3.472420695556249,-7.22,5.1519145361490715,1.7062,-7.72,-6.9667,-1.8303466613505792,-1.7025,-0.63,0.35,-1.81,-1.1789,-0.38
Recovery,2023-06,3.4374505538530946,4.272465628345401,5.135440512789513,-1.62,-1.804451519425665,0.2824,-0.26,-1.4515,5.313059737122328,2.6905,-2.37,6.46,2.18,4.2909,1.34
Recovery,2023-07,2.909245267757904,3.980937126317613,4.989045319370739,0.57,-1.377562172903235,-1.0095,4.11,-0.5918,3.4607698708253753,1.4887,-3.98,3.21,-0.57,-0.6995,2.86
Recovery,2023-08,-1.2566648934287212,-0.5727024883112548,0.03142843527028133,-2.37,3.701069126603529,5.0538,-1.06,-0.8323,-3.414224895711515,-2.3035,3.77,-2.39,3.43,5.1629,-3.65
Recovery,2023-09,-3.7969606751538407,-3.3839941170444785,-2.9904394682435695,-0.83,0.9355753544078472,3.0499,1.52,-0.5022,-0.1569036013944535,-0.1586,0.26,-5.24,1.86,3.3765,-1.8
Recovery,2023-10,-1.6185801111963067,-1.8866962609426403,-2.2277017950601294,-0.66,1.3323590548317998,4.6495,0.19,-0.3951,-4.991168852676797,-2.6272,1.73,-3.19,2.46,5.771,-4.04
Recovery,2023-11,6.219120073218205,7.213898188187802,8.225216941582577,-1.0,1.2266915475463325,-3.2768,1.64,-2.2334,2.4733164360813964,-0.7873,2.75,8.84,-3.91,-3.8269,-0.12
Recovery,2023-12,3.241594732466987,3.7038586050206015,4.164001016308069,1.32,-0.1549589799065498,-4.2574,4.94,0.4286,4.867058786899037,5.4177,-5.56,4.85,-3.07,-3.6554,7.32
Expansion,1991-11,-3.4208620462809467,-3.6472597085101075,-3.9247863000247727,0.01,6.345119397360155,0.3457,-1.89,0.3063,-2.1756023638770716,-0.2929,1.14,-4.19,1.11,3.2845,-0.83
Expansion,1991-12,8.575423504844483,9.343276186349692,10.11997885789562,-3.12,10.82452844126638,-0.4648,-4.17,-2.0278,-1.209649870856866,-1.4813,8.19,10.84,3.55,6.7592,-2.4
Expansion,1992-01,2.5500776603657975,5.404984781292262,8.270481711473872,3.2,1.7399367399200116,1.5419,4.71,1.5044,13.658212889818078,8.3447,-2.49,-0.59,-1.32,-4.0675,9.18
Expansion,1992-02,1.4739745601441447,2.2109113429442795,2.5857388111289037,2.19,0.1555531340860172,2.2092,6.47,2.2609,3.5108682786069156,1.4019,-0.53,1.09,0.08,0.7464,1.33
Expansion,1992-03,-1.201943362494988,-1.2654744655132097,-1.5780142481521862,1.95,-1.833248342160021,2.0118,3.56,2.0114,-6.704736278979395,-1.1984,-0.29,-2.66,-0.01,1.0075,-0.93
Expansion,1992-04,0.9001915501857563,0.8262192848110674,0.5221981443999193,2.23,-3.6911465887082606,2.0023,4.34,1.8032,-3.083071351148625,-6.9392,-2.58,1.07,1.69,-1.7011,-5.7
Expansion,1992-05,0.3287176741558231,0.9962216800448866,1.7606780479073072,0.48,6.959829630169634,-0.7499,1.19,0.2946,0.7438999157799664,-0.26,0.21,0.3,-0.95,-0.2076,0.21
Expansion,1992-06,-1.9583642638380658,-1.6047971791362545,-1.4047064084805292,1.01,0.159529796530955,0.7786,3.24,0.6498,-3.356872046721404,-2.6362,-0.58,-2.34,-0.05,1.0499,-2.73
Expansion,1992-07,3.7426637637089635,3.626047486357519,3.7048978555020864,-0.91,1.0075377839836586,-0.024,-0.56,0.3915,2.3663076501410307,-0.8431,1.56,3.77,1.3,2.5486,-0.62
Expansion,1992-08,-2.063981944637412,-2.3070247463279854,-2.740819942628054,-1.65,4.815068079407259,-0.8624,-1.1,-0.7708,-1.0195423682940574,-0.3027,-0.51,-2.38,3.72,1.5206,-0.42
Expansion,1992-09,1.9688800632047856,2.36565998457307,2.8013156840734403,-0.59,3.904522847818459,-0.8276,-0.26,-0.3975,2.825536638579096,0.6797,1.49,1.19,1.64,2.3975,0.48
Expansion,1992-10,3.2041456348822464,5.257325285613908,7.5203326323817175,-0.79,5.857505249401629,0.61,-1.98,-0.3589,8.84428880235697,1.5547,2.48,1.02,1.24,2.1272,2.07
Expansion,1992-11,3.8309013624382184,4.384106257798833,5.0173019860632015,-1.59,0.6836201133859854,-0.1423,-1.35,-1.1712,5.7943795080423355,3.6882,-0.15,4.13,-0.68,0.9448,3.94
Expansion,1992-12,2.2268319539328196,3.101343174302875,3.817009774606963,0.84,1.2088164801172585,1.04,2.62,1.4108,0.5107016524133812,2.743,4.31,1.53,-0.48,1.8297,1.68
Expansion,1993-01,2.032459158399399,4.122830770294069,6.519354042113187,2.91,3.286080516151002,0.0495,5.94,2.9827,6.143834515012725,2.3197,4.83,0.93,-1.84,-1.4431,1.93
Expansion,1993-02,0.9925763461418693,1.3707546303768783,1.4672107482149623,4.13,-4.156671962925462,2.1469,6.42,3.6569,-4.166854087182214,-3.3152,3.14,0.12,-0.42,-1.4786,-3.45
Expansion,1993-03,3.2041824568415924,3.8308980684922336,4.085766882734138,0.9,4.143410265416536,0.5639,1.18,0.9273,0.0383930720688763,-0.0141,3.73,2.3,-0.15,1.7906,0.09
Expansion,1993-04,-1.902655086614906,-2.0674635974440676,-1.9380869279579425,1.38,-2.497388822172264,1.9917,2.49,1.201,-2.3456860002001756,-1.1434,0.38,-3.05,-3.61,-3.0656,-0.85
Expansion,1993-05,2.575842226806999,4.021783858032644,5.87931003823121,-1.04,4.960155953490908,-0.273,-3.42,-0.8479,8.520694450543886,1.8045,0.22,2.89,-0.12,-0.5601,1.9
Expansion,1993-06,0.1600361501721439,1.041389536186771,1.8579639212522538,1.21,-2.6983293462810476,1.4634,2.75,1.8188,0.7676243392209514,1.5893,4.55,0.31,-0.92,3.004,0.13
Expansion,1993-07,0.29379250058076534,1.1358153049169941,1.954988795765318,2.06,-1.8980602195555196,0.8502,2.85,1.4591,1.3751423842653487,1.3909,3.16,-0.34,-1.87,-0.5623,0.95
Expansion,1993-08,4.913116415423863,6.6955570438225145,8.527138712142873,-0.04,0.5205608744005996,0.7642,0.13,-0.0614,4.608177375801281,-0.019,2.65,3.71,-1.54,0.4572,0.1
Expansion,1993-09,0.4441139352307546,1.5765022829171185,2.625068818892167,-0.16,2.884768608726574,1.3638,-0.31,0.2696,4.17868114286335,3.1054,3.37,-0.12,0.24,0.9427,2.98
Expansion,1993-10,0.7683352968863779,0.5424074885452137,0.3753860129154887,0.6,-0.322115817777846,-1.4198,-2.76,-0.5641,1.2457815593378552,0.4216,-2.72,1.41,0.57,-1.4093,1.89
Expansion,1993-11,-2.528046506712561,-2.2355869733848563,-1.7397318959765538,-0.94,2.70261572444066,0.1379,-0.74,-0.7507,3.3457862331193855,-1.8618,-4.74,-1.89,2.23,-0.7095,-1.27
Expansion,1993-12,3.0953468205524106,3.720612999248837,4.1192222893456,-0.34,-2.3041358890527053,2.2733,0.32,-0.2555,-0.207307046012195,2.1125,2.36,1.65,1.16,2.3869,1.4
Expansion,1994-01,2.5367830108608382,3.4633306026774004,4.362931290430078,1.43,3.897127461831018,0.9311,1.15,1.1272,9.3268320538487,0.159,0.0,2.87,-1.66,-0.922,-0.06
Expansion,1994-02,-1.3927540069556663,-0.19135843749409445,0.8283924171480486,-1.0,3.73723094939975,1.598,-1.54,-0.4691,5.7750165456530445,2.6526,-0.3,-2.55,2.14,2.6619,2.67
Expansion,1994-03,-3.515110108861371,-2.803475138565422,-2.0968973351284523,1.28,1.4250815665735272,1.3513,1.6,0.9681,1.5610094650617246,-0.9378,-1.27,-4.78,0.69,0.2218,-1.04
Expansion,1994-04,0.6296237264660367,0.8571240413125438,1.1010143387373197,1.11,2.575662279279056,1.5131,1.66,1.2741,-0.1265284576220882,-0.819,0.39,0.68,1.07,1.529,-1.01
Expansion,1994-05,-1.4609258553814684,-1.2734640120141036,-1.1795670600120887,0.68,0.770925309920556,1.4199,0.67,0.512,-1.5862905375770286,-1.9848,-2.19,0.58,0.6,-0.7588,-2.56
Expansion,1994-06,-2.3150267063275174,-1.821342423116091,-1.52545807526261,1.47,-3.3448876604309175,1.3288,1.67,0.9202,-0.7372665706571024,-0.8441,-0.87,-3.03,1.21,0.1932,-0.5
Expansion,1994-07,2.589377533546524,3.2915495927035154,4.0126109072890515,0.14,-3.741503162664928,-0.0945,0.58,0.4259,-1.6062950009669177,-1.4321,0.18,2.82,-0.65,0.7148,-1.85
Expansion,1994-08,4.057376194458299,4.06708285920148,4.225195108822381,-1.47,5.388256267947544,2.6805,-2.51,-0.6915,6.121481082977009,2.0904,1.55,4.01,0.95,2.061,1.37
Expansion,1994-09,-2.5957109829584732,-2.1163058127218046,-1.7596116178274688,0.93,2.0915833120396465,0.9738,-1.89,0.5879,0.578867558445606,2.2081,1.31,-2.31,0.52,1.0911,2.8
Expansion,1996-02,0.9972235201411787,2.1887145078088657,3.138727283435118,-1.9,2.326221922554028,0.7364,-1.08,-0.9876,4.01513457408369,2.7354,0.59,1.33,0.24,3.1394,1.77
Expansion,1996-03,2.3270987844149063,2.8859186281768214,3.110493966986684,-0.95,2.288332013690453,-1.3301,0.35,-0.6897,-0.4769071704268879,1.873,-1.84,0.73,1.42,0.2756,1.61
Expansion,1996-04,2.7454067850196378,5.123804973102224,7.83479265876194,-2.11,7.66499947032091,1.1731,-4.02,-1.8073,9.056446478461954,5.1852,-0.88,2.06,-0.14,2.8673,4.71
Expansion,1996-05,0.5868118703430607,1.21502743265056,1.943608223205005,-0.3,6.699384203288039,-1.4379,-0.83,1.0265,2.3152258150307192,4.4631,1.54,2.36,0.12,1.864,3.21
Expansion,1996-06,-2.1313743677401127,-3.121871738957693,-4.447810828209686,1.22,0.8659597510003891,1.6996,2.35,1.7381,-8.747281838605492,-4.2992,0.98,-1.14,3.51,0.866,-3.65
Expansion,1996-07,-5.898488178180999,-5.7080960908016225,-5.730037474799304,2.6,-1.441298936694979,2.9393,5.14,2.0165,-2.6307848604368633,-3.3585,-0.16,-5.97,2.95,2.415,-3.81
Expansion,1996-08,3.914593388104203,5.109412587031347,6.689078639301415,-2.42,2.4421789729730525,-1.3704,-0.74,-1.8529,6.124460912850216,2.4811,0.01,2.77,-0.37,0.1305,2.57
Expansion,1996-09,2.9125375848837414,4.281302797100213,5.779255974519799,-2.22,2.8645544826336744,2.9315,-2.72,-1.7381,4.5326228188907525,-1.4457,2.7,5.01,1.27,2.2071,-1.39
Expansion,1996-10,-0.2427757530184778,-0.3317400672300926,-0.3166508458008606,3.25,4.169968632535692,3.2184,4.94,3.6633,-2.144743160345075,-2.4195,3.79,0.86,1.4,1.8831,-3.77
Expansion,1996-11,4.891094752531177,6.429780766926506,7.899483473824075,-0.79,-1.0622693846109366,5.389,1.39,-1.3109,6.730712975230735,-3.5327,-2.37,6.25,2.12,0.8165,-3.8
Expansion,1996-12,0.3371766470884711,1.0830222193686172,1.8963568454752604,1.49,-0.5023936771914594,1.7538,1.31,1.2254,-1.5014577612847857,3.3237,0.63,-1.7,0.37,0.9371,3.25
Expansion,1997-01,1.1262554810261343,2.6242702513616436,4.312049134206014,-0.02,3.0717862045438693,2.5674,-1.42,-0.6466,3.934201014730676,-0.795,1.96,4.99,1.19,1.8159,-1.82
Expansion,1997-02,0.39227617797004266,0.3793209556921543,0.24474054475149976,3.47,1.5464127370933722,0.6426,5.67,2.9153,-3.882613262804002,-2.4667,-2.13,-0.49,0.67,-1.5374,-2.59
Expansion,1997-03,-2.17410061166318,-1.55681845473509,-0.6671886440747261,1.66,-4.53792634683976,0.2068,3.39,1.7515,2.485234052483243,-0.5279,0.9,-5.03,0.5,1.7708,-0.43
Expansion,1997-04,1.5834286069107166,2.6443562600422212,3.2164974521437375,-0.72,6.266140223134675,2.9932,0.07,-1.8801,0.4885939804601502,-4.7258,4.84,4.04,3.26,3.8599,-5.7
Expansion,1997-05,6.052249295414248,6.528499370474518,7.068104741517879,-2.96,-0.5114666631915399,-1.4972,-4.13,-3.2305,3.8615321637921474,5.0194,-5.17,6.74,-1.02,-0.2201,4.75
Expansion,1997-06,2.837846398894709,2.895781726258443,2.63589746479174,0.66,-0.1460703323589274,0.1107,1.58,0.2313,-2.931719276110911,1.0326,2.6,4.1,0.56,2.1092,1.19
Expansion,1997-07,5.086427365585974,6.0871084622277944,7.0821277611773565,-2.58,-1.0392154655299524,1.2829,0.26,-3.0399,9.104892956045884,-1.4173,3.77,7.33,0.07,1.2853,-2.76
Expansion,1997-08,-0.7337940116907811,-0.1928938669804488,0.24414956537850346,-0.04,-0.4205561017029957,0.4401,1.18,-0.7059,6.75948375678832,7.4961,-2.56,-4.15,-1.11,-1.4198,7.61
Expansion,1997-09,4.516279336767899,4.160144152506158,3.4119353924983513,-0.91,1.80948797736904,-2.6061,0.37,-0.1259,-0.7590388478233456,2.435,1.47,5.35,-1.63,-1.0418,2.49
Expansion,1997-10,-3.5180786744037036,-4.168719252176258,-4.99847742713966,1.94,-1.894113731708713,-1.4187,2.27,2.6609,-6.165645343652681,-1.0927,-0.57,-3.8,1.0,-1.0477,-0.52
Expansion,1999-04,10.490300475941842,11.24981776140535,11.625992154120262,0.89,-12.086954679245554,0.4435,2.46,2.6555,1.1767178671989065,3.9806,-9.04,4.33,-2.53,-5.152,4.52
Expansion,1999-05,1.7936283091287322,2.2937858149710237,2.8864115737940415,3.34,-0.6948369837933566,1.8903,2.35,0.4504,-1.294200171358617,4.945,-5.19,-2.46,0.93,0.6804,3.71
Expansion,1999-06,2.5559120457930633,4.1174454836856444,5.443428501371228,-3.21,17.907053552489806,4.329,-3.19,-2.1112,8.020021409811505,3.1512,5.06,4.77,1.13,2.391,2.29
Expansion,1999-07,-1.8178991349270341,-0.9770970154989486,0.17831436312867577,3.22,1.8092071912667815,1.9786,-0.44,3.4338,3.648717603568796,2.264,1.66,-3.49,0.36,1.0281,2.57
Expansion,1999-08,-3.2657812501775005,-2.192772812047371,-0.9319103818973703,0.64,-0.0191767493953665,4.6299,-1.87,-1.1989,2.801749129146369,-1.5497,3.12,-1.38,-0.24,-0.0297,-1.73
Expansion,1999-09,-2.625704358742874,-2.0324556940668135,-1.8016705910712791,-1.23,1.046888977179905,-1.0359,-3.49,-1.3826,3.1382076667684444,1.7307,6.47,-2.79,-0.75,-0.1695,2.59
Expansion,1999-10,-0.34278902949931156,0.46361041711367046,1.255701262878174,-1.19,4.9821476456901825,1.7882,-3.37,0.3316,-2.136363643520156,-5.6493,5.5,6.12,-1.74,2.0317,-6.91
Expansion,1999-11,-0.7140636055978874,0.7545037488643705,2.0191515548246435,-1.74,0.328297094667751,1.1586,-6.12,-3.931,9.90455549296736,5.7518,5.64,3.37,-4.28,-3.0073,5.8
Expansion,1999-12,0.6675128192238327,2.9520142151721234,5.403119966694199,-5.63,12.724433546132351,-0.6029,-8.33,-5.4904,12.880978718121884,4.1765,13.22,7.72,-7.6,-5.4444,5.39
Expansion,2000-01,-3.9954220645420655,-3.6039089533695288,-2.8119503768817897,4.72,8.865629818250342,0.6319,-1.88,2.9355,3.654747393231217,5.6171,1.92,-4.74,-6.29,-4.9998,4.42
Expansion,2000-02,-3.3513767726507635,0.7910441939952022,5.55977781783463,-0.48,28.373960332251393,-3.1144,-9.59,-5.3931,26.96077667224923,22.1445,18.2,2.45,-18.65,-7.5531,18.28
Expansion,2000-03,10.702353970896665,13.14590777196202,15.74704342117638,-1.59,0.3455895168650524,3.5075,8.13,1.835,3.195119718861972,-14.402,-6.83,5.2,11.79,7.6849,-15.32
Expansion,2000-04,2.8563608553387514,3.4579327653761753,4.188833527155016,5.65,-2.945694221052908,5.1049,7.26,3.7873,-2.4159092570433804,-4.8609,-8.39,-6.4,7.66,8.7094,-5.01
Expansion,2002-05,-0.5594367341332828,0.7808596031774041,1.5445635336263153,2.44,2.8331831576041244,0.6156,1.53,2.1865,-2.4435859804026516,-3.1795,3.16,-1.38,2.36,1.8111,-3.02
Expansion,2002-06,-3.358406645319892,-1.824030633003618,-1.5978743781660119,2.51,4.365270230608931,0.5052,-0.05,3.5485,-7.891804986806705,3.5661,6.03,-7.21,3.93,4.9409,3.89
Expansion,2002-07,-3.595786921670235,-3.606308811598374,-4.915461237907476,-0.99,5.823910273196553,4.9683,-3.85,1.9786,-6.534838382829844,-6.3911,3.77,-8.18,3.79,6.7016,-6.43
Expansion,2002-08,2.1245038063481725,2.5705459031843136,3.325857018768803,-1.47,-3.7631694943890626,-1.7192,3.28,-0.8574,0.0240048063535391,0.0007,1.9,0.5,1.36,2.5491,-1.31
Expansion,2002-09,-3.6398313932629534,-2.963426106422311,-3.0630961172721727,-2.19,7.381920536988251,1.1299,1.47,-2.1364,-3.728262023125694,3.12,9.13,-10.35,3.29,4.4049,3.08
Expansion,2002-10,-0.9675537070226768,0.4600987681988201,1.5749699460213828,0.76,4.670856486059671,1.5123,-3.95,0.2843,7.8012387480015155,-5.1206,-5.58,7.84,-3.39,-4.5614,-4.31
Expansion,2002-11,1.5353563850648433,1.7953102250108355,2.8289808460283927,5.15,-6.994525216634151,-3.1022,-1.23,3.2719,16.044160891285088,1.496,-16.33,5.96,-9.2,-11.1725,2.91
Expansion,2002-12,-0.3913715366612901,0.6885552739822488,1.1200113560021807,-1.68,0.3636012080708184,2.2776,2.14,-2.2589,-8.250662413890819,0.0671,9.64,-5.76,6.29,5.3188,0.62
Expansion,2003-01,-1.3462240412526194,-1.1149691864612454,-1.0797680445421176,0.69,-0.219967007880717,0.7808,-0.83,0.6982,-0.5423742978839852,-0.9824,1.55,-2.57,-0.99,-0.589,0.7
Expansion,2003-06,1.6955489311085592,2.822237170067543,4.6629488037496785,-0.38,0.9902220552252984,-0.1291,0.11,-1.0629,-1.806959322554136,2.221,-1.0,1.42,0.51,1.0948,1.66
Expansion,2003-07,2.359409701810137,4.843878242857228,7.119824562923941,1.78,2.956000730623698,-0.8789,-1.24,2.3405,2.429117216067822,4.3762,-0.24,2.35,-4.14,-1.7422,4.54
Expansion,2003-08,1.1509376879591005,2.3517918065771783,4.045793964792491,2.14,0.7192431907902197,-1.6327,1.53,2.3621,4.993423190963142,2.2397,-0.62,2.34,-2.25,-1.2384,2.48
Expansion,2003-09,0.5583901636620504,1.5941512038609185,2.0796945375187637,0.34,-0.6461044653988224,2.3261,0.16,0.2279,-1.0681543425762108,0.6889,-0.19,-1.24,1.01,1.2631,0.54
Expansion,2003-10,4.9687524419535976,6.6826767637644755,10.040024173728128,1.55,0.4631439034644247,-0.5642,1.97,1.031,3.464585935554698,3.0474,3.99,6.08,-1.35,-1.7507,2.71
Expansion,2003-11,2.467862713245587,3.2974049188476164,4.187995022303418,1.81,1.2660041013947687,0.5379,1.78,2.3052,-1.230896288286898,2.1957,1.46,1.35,0.19,0.7767,2.33
Expansion,2003-12,3.6317836579227736,4.187611127094106,4.9786523721998455,0.94,-4.868377601377027,-1.3486,1.6,0.774,-3.6716826920176526,-2.7811,-5.57,4.29,0.56,-1.7394,-2.49
Expansion,2004-01,2.379937632302124,3.2712221320368697,4.866202382461108,3.38,1.530191288933036,0.837,2.49,2.0585,1.7042543900283924,3.1121,2.58,2.15,-3.66,-2.4364,2.45
Expansion,2004-02,2.786843175734537,3.300888256514505,4.152302943529767,-1.21,-1.5432160849266574,-0.0152,0.9,-0.8855,-0.94950539348313,-0.3075,-1.14,1.4,2.17,2.1354,-0.93
Expansion,2004-03,0.6964178270261091,1.9459400387297332,2.8537762125090085,-0.98,2.929529051818136,-1.0578,0.27,-0.7352,0.1802192358755894,2.5218,0.17,-1.32,1.56,1.7567,2.1
Expansion,2004-04,-2.617500357510447,-1.9337821772593888,-1.4244630595452645,-2.84,1.0187857126129574,1.427,-3.1,-2.9001,-4.19020368775469,-3.2185,-5.38,-1.83,3.45,0.0193,-2.01
Expansion,2004-05,0.8581491446021761,1.7580009827223564,2.0309457929172647,0.03,1.070243277554872,-0.2178,-0.25,0.551,2.075021564800128,-0.3819,1.5,1.17,-1.18,1.068,-0.38
Expansion,2004-06,2.6407244558180576,3.1564875125890257,4.477793752893513,-0.39,-0.385733254363374,0.6322,1.18,-0.2618,0.3415882352644006,2.2399,2.05,1.86,1.2,0.5621,2.56
Expansion,2004-07,-1.3672619491056692,-0.8821377254067618,-1.1306653262314503,-1.66,-3.0374441758695747,3.0646,3.24,-0.9772,-5.769569780149652,-3.3502,-2.29,-4.06,5.32,2.4066,-2.95
Expansion,2009-12,5.650281716191107,7.4463439375632925,9.020366814641976,-0.09,-2.289120070141837,-0.126,-0.17,-0.1381,1.1920422888388238,4.839,3.01,2.75,1.02,-1.8542,6.24
Expansion,2010-01,-2.5100608973808947,-0.3763592238362534,2.1398541658600445,0.46,-2.742572750118244,-0.6848,0.43,0.6653,-1.1435250938105157,0.3824,-5.4,-3.36,-1.27,-1.0677,0.34
Expansion,2010-02,4.714298188398258,6.191476051319045,7.231321166652349,1.43,1.694807199510362,-0.5169,3.23,0.703,2.627827813593786,1.5068,3.74,3.4,-0.27,-1.0406,1.51
Expansion,2010-03,9.604480558002203,12.647971185377214,15.880532375941756,1.69,-0.8895279870882455,-1.6988,2.21,1.6201,5.431814604054108,2.0311,3.76,6.31,-0.65,-0.5102,1.85
Expansion,2010-04,5.152983230009832,7.382453450433734,9.197811662801469,1.72,-2.833288439305859,-2.3485,2.89,3.063,3.904272860530633,3.8994,3.16,2.0,0.69,-2.4885,4.98
Expansion,2013-04,2.9397437006146054,3.790467713753376,4.368780293445651,0.37,-2.116591885088926,-0.2802,0.45,0.1008,2.2042017000334813,-2.8649,0.22,1.55,0.27,-1.049,-2.25
Expansion,2013-05,4.433469179342242,6.631564543952151,8.448009541046208,-0.87,3.723001641492263,-1.411,2.63,-1.6629,3.4617015871616807,3.5114,-2.02,2.8,-1.97,-0.4309,2.06
Expansion,2013-06,-0.5988932161480109,0.4675102438301382,1.7176740181259698,0.0,-0.901261710261514,0.5336,0.03,0.7117,-3.4826045205325062,0.7559,0.52,-1.2,-0.38,-0.1152,1.57
Expansion,2013-07,6.388038111216354,7.10736595373882,7.635457118048472,0.51,0.3935045276849624,-1.1004,0.57,0.6492,-0.5263839349977428,2.096,1.76,5.65,-1.35,-0.4789,1.81
Expansion,2013-08,-3.8813526045780478,-2.77354490587437,-1.592812961775525,-2.16,2.686657738273168,0.1682,-2.69,-1.7886,1.490669750266016,-0.2103,0.02,-2.71,0.66,0.5747,-0.06
Expansion,2013-09,5.493407425270869,7.377177907018617,9.161384392137983,-1.36,1.0683540042706774,-1.0177,-1.22,-0.7386,0.5130959229326715,2.4501,3.06,3.77,-0.58,-0.9744,2.63
Expansion,2013-10,3.9516707136920903,4.230303015663495,4.425356633155864,0.87,-0.9690443807809146,0.7823,1.25,1.1612,-0.8535882312605381,-1.6177,0.08,4.18,2.78,1.337,-1.48
Expansion,2013-11,3.0514093179642376,4.654204060600575,6.19420373091677,0.04,2.046608854227072,1.2051,0.32,0.0148,-1.3545048556799275,1.9293,0.44,3.13,0.14,1.5473,1.41
Expansion,2013-12,2.439332163660901,3.253303399212304,3.855521360369174,0.09,-1.65988433346983,-1.7385,-0.02,0.7392,1.180378507657753,-0.4381,0.02,2.81,-0.46,-0.1739,-0.45
Expansion,2014-01,-2.2941075738382333,-1.540578189425823,-0.7337975730037472,-1.42,-0.7548237129793245,0.3524,-2.07,-0.2918,4.384571704060258,0.3303,1.71,-3.32,-3.88,-2.3112,0.58
Expansion,2014-02,5.014957591074265,5.231750475740071,5.252178771835658,-0.45,1.8330052292456989,-0.0127,-0.31,-0.6297,3.6660443442292134,-0.3064,2.07,4.65,-0.23,-1.4762,0.14
Expansion,2014-03,2.250788723369057,1.8066939195365617,1.412959243595191,1.92,-0.4556502643202953,1.5414,4.93,2.7038,-0.9335185234682908,-0.1623,-3.29,0.43,2.13,1.7701,-1.09
Expansion,2014-04,-0.6694246918061197,-1.401557375685003,-2.1753975628937883,1.02,-2.7577599344360215,0.6944,1.17,0.8015,-1.2442643627830652,-4.6866,-3.89,-0.19,3.48,1.0756,-4.12
Expansion,2014-05,1.1198579014586318,1.6867494138556038,2.2339160436560146,-1.0,-1.046166377023161,0.5021,-0.13,-0.9378,0.8060095993946748,-2.0366,0.87,2.06,0.05,-0.6562,-1.89
Expansion,2014-06,4.062529005987536,4.742571609951218,5.378784582564422,-2.0,-1.247284864698861,0.2611,-0.7,-2.6584,1.5563528780669245,2.2426,0.69,2.61,-1.89,-2.5842,3.11
Expansion,2014-07,-4.280898940002786,-4.46240970357461,-4.836829488213523,0.52,1.456447189666421,1.2336,0.03,0.7158,0.0151635522683157,-3.5626,-0.12,-2.04,0.89,1.1954,-4.29
Expansion,2016-12,2.836241438517481,2.8971195544591457,3.1827793371461657,-0.23,-0.8448833695341662,0.8248,3.53,-0.2455,-2.038303997206792,0.6324,-0.26,1.82,1.22,1.5371,0.41
Expansion,2017-01,1.8569127077294478,3.074622823035207,4.019169027825615,-0.99,-1.4062758566547595,0.6337,-2.75,-2.0241,0.8289894506973816,-1.8672,-0.93,1.94,-0.49,-1.3102,-1.46
Expansion,2017-02,2.106975895732073,2.61975398468139,3.145476643626073,-1.83,2.709580972145531,2.4684,-1.67,-2.2401,-1.4848477983468331,-1.6698,-1.65,3.57,0.47,2.0078,-2.22
Expansion,2017-03,-0.2651793615432141,1.0776769783952889,2.0422637155050185,-0.94,1.0765571388801964,1.2334,-3.35,-1.2934,-0.7155993170037345,1.2536,-1.02,0.17,0.61,1.9001,0.74
Expansion,2017-04,0.2816687157227216,1.0814994499211028,1.851815890868841,-1.6,0.9593115765758276,1.6603,-2.13,-1.5686,-1.818996346705859,0.6004,0.48,1.09,1.9,1.0154,0.48
Expansion,2017-05,-0.9959782900823844,-0.4463932221431776,-0.21423486095030858,-1.79,1.5528985060290434,2.6916,-3.78,-1.559,-2.1276641043226463,-2.572,1.48,1.06,0.95,1.3157,-3.06
Expansion,2017-06,2.275830544067008,2.801288861423361,3.3414338503447483,0.0,1.2177956450249772,-1.8834,1.48,-0.5345,1.6804067324464045,3.0521,-0.09,0.78,-2.22,-1.3137,2.58
Expansion,2017-07,1.1581430437280693,1.3585384807703582,1.4732065035517528,-0.2,-2.444058941246574,1.0232,-0.31,-0.4273,-0.026577058839039,-1.1238,1.68,1.87,-0.64,1.5286,-1.69
Expansion,2017-08,-0.8472639928237312,0.4443792135626746,1.4773472581389846,-2.38,0.8078268236089814,1.5301,-2.09,-2.8801,-1.711882281192123,-1.456,3.26,0.16,0.14,0.3901,-1.82
Expansion,2017-09,5.090957752854454,5.842173654367046,6.237216346509412,1.69,1.5306873894594064,-1.7837,3.14,3.1398,2.2555731953046942,4.9094,-1.32,2.51,-1.47,0.4385,4.78
Expansion,2017-10,0.5926010362950941,1.5195322298588676,1.6471710390832628,-3.25,2.185440186820631,2.8967,0.2,-3.3035,-2.485879654228451,-1.3341,4.27,2.25,0.93,1.3832,-1.94
Expansion,2017-11,3.4234557339862937,3.720553614730684,4.21794486557582,-0.05,3.272055414987518,1.165,-0.03,-0.4945,1.9374339111594585,0.2127,-0.87,3.12,3.16,1.8841,-0.33
Expansion,2017-12,0.7908193798849118,0.8975680425606826,1.0444717819732563,1.69,0.4054477808437706,-1.0643,0.06,1.7408,5.735375728660563,-0.9107,-1.54,1.06,0.74,0.3386,-1.07
Expansion,2018-01,2.68211255613243,3.5109012008791884,4.25159162177303,-0.96,2.5510201013148492,2.5698,-1.29,-1.2905,-0.3279409218197582,-2.7667,4.05,5.57,-0.76,-1.2835,-3.18
Expansion,2018-02,-4.711394038640717,-3.906106090766138,-3.278790311792291,-2.37,2.621908550905272,4.466,-1.04,-1.6974,-2.085056728653767,0.183,3.58,-3.65,0.52,-0.7709,0.32
Expansion,2018-03,0.646806173186253,1.1557630591359047,1.806046571727703,0.01,0.3422405922591798,0.463,-0.21,-0.1097,-0.8692039927240658,2.8019,-1.13,-2.35,-0.46,0.1504,3.59
Expansion,2018-04,0.8877033859384499,0.9588521126701567,0.8108048859959706,1.3,-2.221203412456607,-0.8221,0.54,1.586,0.4548805289042112,0.2757,0.36,0.28,-2.42,-0.0324,0.93
Expansion,2018-05,3.854747593377257,5.55806728889446,7.558547333342676,-1.5,3.9233312490832177,2.3324,-3.2,-0.9636,2.3346745401595648,4.9641,3.89,2.65,-2.04,-1.7547,4.73
Expansion,2018-06,0.871945832676786,0.9060071800645565,1.4247197928065458,0.24,1.176351097994699,0.0872,-2.34,-0.3929,1.795420264185621,0.6134,-2.35,0.48,0.79,1.4065,0.8
Expansion,2018-07,3.0511867905881607,4.117696980990209,4.853372753967649,0.35,0.6807942739050832,1.4064,0.47,0.4681,-2.3483534476568924,-1.3017,-1.41,3.19,1.56,1.9791,-1.93
Expansion,2018-08,2.651609171885898,4.609193557408724,6.650964894253946,-2.7,5.211877281009136,4.167,-3.94,-2.4129,0.6736464969981704,1.5016,5.29,3.44,-0.31,0.3628,0.64
Expansion,2018-09,-1.4934914650933937,-1.249325575613197,-0.8432586945793795,1.29,-1.5954645376576315,0.9718,-1.7,1.45,-0.393585388127915,-3.1009,0.04,0.06,0.63,0.7193,-2.48
Expansion,2021-03,4.79739832260635,5.860339594407793,8.086862182939281,3.42,-4.558307390245053,-1.4957,7.39,4.6803,0.6462577675447445,-0.6519,-6.14,3.08,6.36,4.4253,-0.88
Expansion,2021-04,3.9563024322277096,4.80552814250077,6.422959423657049,-2.7,2.4620735924094195,2.1599,-0.95,-3.3593,-0.6020289122010247,-3.0234,1.16,4.93,2.44,2.2228,-3.16
Expansion,2021-05,3.1114968979337965,4.0345772521283685,6.060452547612827,3.04,-5.349119575646544,-1.5652,7.09,4.4315,2.7339751887156094,1.5281,0.88,0.29,2.45,2.5653,1.22
Downturn,1994-10,2.265213976306704,3.841960325020535,5.698856078492767,-0.68,5.2747556624840986,2.448,-1.62,0.1613,2.7644388227101357,-1.8201,1.49,1.34,0.23,0.3556,-2.3
Downturn,1994-11,-3.5669003036962375,-2.579841842369964,-2.5527845882784304,-0.5,5.069328683320351,1.4457,-0.7,-1.0042,0.8404963539789145,0.5354,-0.18,-4.04,0.42,1.3703,0.07
Downturn,1994-12,1.316885182155843,1.2214067075508388,1.262623904894396,0.38,-0.3192444968756369,3.7209,-0.13,1.2933,-3.640147651361691,1.1739,3.48,0.86,0.37,3.9844,0.0
Downturn,1995-01,2.455855137556438,3.994433069516366,5.018744223147185,-0.75,1.861110599851323,1.1177,2.57,-0.0027,0.0170557371322432,-2.4308,-1.81,1.8,0.17,-0.063,-3.06
Downturn,1995-02,3.2270511466989897,3.9624630985051206,5.454948592504438,-0.33,2.8423882400282707,1.2099,1.08,-0.8485,2.4127505509701885,-0.6967,-0.39,3.63,0.59,0.5097,-0.54
Downturn,1995-03,0.5380344381834705,0.8796867412668101,2.35812189281323,0.22,3.834714908188319,0.7805,-2.15,0.1685,2.1712374098660447,-1.2145,0.43,2.19,-0.17,1.2654,-0.51
Downturn,1995-04,1.128611780051743,2.3334135450779407,3.500093902344999,0.9,1.004048050387918,3.4497,1.71,0.0068,2.504627686726524,-0.0076,1.79,2.11,0.41,0.142,-0.22
Downturn,1995-05,3.215626769936793,4.305577851291272,4.728430582317429,0.04,-0.8499719897440805,1.4624,2.29,0.8586,2.214564845232503,-2.2038,-0.42,2.9,0.39,-1.0066,-2.19
Downturn,1995-06,1.1510536367225803,2.6122658313490295,5.109475632955666,-2.44,7.692012593753672,1.8099,-2.54,-1.7465,5.75648301549212,3.219,2.93,2.72,-0.33,2.1275,3.06
Downturn,1995-07,1.5794815282026147,2.4859038107288125,3.9877399287156337,-1.65,6.728637091865752,0.3138,-1.62,-2.5443,6.140070551729404,1.7624,2.56,3.72,0.3,0.9451,2.09
Downturn,1995-08,0.33612083057041153,1.0995494573841007,1.2906437573377765,1.62,2.262388257627612,1.2954,2.79,2.1996,1.079505853833207,2.3538,0.16,0.55,-1.24,0.1383,1.75
Downturn,1995-09,2.648109429943976,4.933718569795073,6.228100491969488,0.36,3.866701871611,3.123,-0.04,1.9328,-4.475997015030475,-0.7905,2.9,3.35,1.03,1.3917,-1.88
Downturn,1995-10,-2.1413280564569,-2.023386410931656,-2.7116675078235195,-0.05,5.436352296462554,4.4585,-0.5,0.7822,-5.939429477994973,-5.0247,4.16,-1.52,1.91,2.7798,-4.04
Downturn,1995-11,3.124821891444583,2.6877736890975594,3.136119159380322,1.12,-4.134244275908072,-1.2715,0.51,1.1261,-1.1071921427004194,-0.7575,-0.68,3.96,-0.62,-0.2398,-1.07
Downturn,1995-12,2.2399432235571295,1.9048015986799742,0.15551153333676226,3.1,-7.839359044980165,0.4029,0.22,3.1163,-7.59355070860771,0.6315,2.52,1.03,-1.37,0.2794,0.72
Downturn,1996-01,2.3805190299242187,2.8003721747575896,3.594490346055942,2.31,2.2269252888223345,1.4014,0.38,2.451,0.2435433558235056,-2.6865,0.54,2.26,0.18,-1.5087,-2.56
Downturn,1997-11,1.4754007649693492,2.8408714094208434,2.8533121094446403,1.84,0.8018174063508132,3.6732,1.2,2.8803,-4.80542760398992,-5.5217,0.33,2.98,2.81,1.4029,-5.11
Downturn,1997-12,2.265826123746409,3.511201293383173,3.3982239596877766,1.92,-1.7037150367385734,-2.3996,3.84,2.2364,-6.40105241695641,-2.2245,3.98,1.32,0.74,1.5724,-2.03
Downturn,1998-01,-0.15547496529813315,0.06780758499002876,0.26958021027600737,-0.73,5.152032582996791,2.5942,-1.63,-1.2061,4.00907923801701,-1.216,0.14,0.15,0.87,2.1884,-1.36
Downturn,1998-02,5.450742891495521,5.84515267643473,7.120163308881923,-2.54,3.4671032824787673,-0.2956,-0.85,-2.453,4.091251671337726,1.0586,-1.12,7.04,-0.31,1.1388,0.2
Downturn,1998-03,4.324417362862,4.082266541270531,3.0644765936042053,-0.37,3.2782596068660297,-1.0612,1.39,0.4996,-4.694382302083866,-0.3378,2.15,4.76,-0.26,-0.1759,-0.65
Downturn,1998-04,-1.1581606812459928,-0.5986939332847803,0.23742538234023652,-0.36,-1.336424401649039,2.2959,0.94,0.1834,4.4135465189546474,0.4968,0.74,0.73,-1.69,-0.1992,0.0
Downturn,1998-05,-2.376609917267824,-2.148707609507505,-2.9040959193342593,2.61,4.273999970746245,1.0564,3.44,2.2554,-8.363523948599349,-2.6343,1.82,-3.07,1.1,1.7795,-2.95
Downturn,1998-06,0.42023933826813503,2.081454784679181,2.4454394449632035,-2.97,7.233091834586891,0.4225,-1.96,-1.5159,-4.075763377245211,-3.2841,7.28,3.18,-0.26,3.159,-3.66
Downturn,1998-07,-5.735160602670907,-3.4534975740082903,-0.5039051056848206,0.45,6.4215935018733905,2.8077,-1.78,1.8848,-2.0050733147938704,-5.7045,3.69,-2.46,1.74,0.9703,-5.27
Downturn,1998-08,-10.01291769349573,-9.248726660890997,-11.512633872986136,5.91,-3.7699406145583536,6.7132,3.53,5.4604,-8.638626580189934,-6.1863,1.84,-16.08,3.37,3.0578,-5.17
Downturn,1998-09,6.114752008963003,7.818537390612151,11.207186946085304,-2.99,8.027025332123516,1.275,-3.42,-3.0812,4.3896849177258,-2.0592,-0.81,6.15,-1.88,-1.8265,-0.78
Downturn,1998-10,5.672260562101248,5.769221214249307,7.009990702988365,0.31,-3.4426361058514376,-0.5144,-2.23,-0.9612,4.938407322315452,-2.1688,-5.37,7.13,0.93,0.6389,-3.43
Downturn,1998-11,2.963270421564267,4.559331753901074,6.625749836386296,-1.18,10.293348142071812,1.2936,-3.25,-0.0254,4.05407687459125,0.8958,1.2,6.1,-0.86,1.3699,0.75
Downturn,1998-12,2.2957798686771085,4.83079923349832,8.347573342238192,-3.39,11.762436159829017,-2.2555,-4.19,-2.9332,6.320735042675452,-1.8735,8.92,6.16,-0.76,2.9291,-1.56
Downturn,1999-01,-2.3841039847090792,-0.26775644003761945,3.2397623233467345,-6.8,18.94826500480371,-1.0681,-4.6,-4.4699,8.212511069452532,-1.8912,3.03,3.5,-2.77,-3.2508,-0.75
Downturn,1999-02,-3.9540730122226417,-3.2808802604605334,-3.134376840810632,4.1,-3.554550362365494,0.0109,1.92,4.8135,-6.006471777896627,-4.2284,-0.1,-4.08,-1.23,0.016,-5.22
Downturn,1999-03,-1.2840947946322097,0.6533775457873563,3.433961603236743,-1.42,1.734250739323695,0.4002,-2.74,0.3158,2.6757078711187265,-5.5833,-1.27,3.45,-4.07,-0.6922,-4.23
Downturn,2000-05,-0.122794317276675,0.8399864260328798,0.34726123784963914,1.37,-8.649408958366989,3.7037,4.75,0.5085,-10.235055822845352,-4.595,-8.98,-4.42,4.13,0.0196,-3.81
Downturn,2000-06,-2.9399501412024405,-0.24831481427054458,4.201486396308285,-2.95,12.422230174840475,-1.8045,-8.42,-3.3905,5.913770426212528,10.2649,16.6,4.64,-8.31,-4.7546,9.92
Downturn,2000-07,3.256047634364148,4.517254571137844,4.599235280167138,2.94,-9.18841623559078,3.2749,8.31,2.2468,-0.9987702910281948,0.995,-0.05,-2.51,5.83,3.4292,-1.03
Downturn,2000-08,5.889234960881063,8.01763334851794,8.535105915275143,1.1,9.867643138821226,-1.098,-1.39,-0.7996,7.417307915948346,0.4492,5.73,7.03,-3.22,-2.082,-1.03
Downturn,2000-09,0.8190603938088008,3.154783903405211,1.5766586646201224,5.53,-8.281128936886816,0.7955,7.17,5.2247,-12.53467000772146,1.6354,1.97,-5.45,2.56,2.1026,0.19
Downturn,2000-10,2.5974017192984804,3.442672718726541,3.8089644216524214,3.8,-8.1002747292929,6.4705,5.71,2.9226,-4.909302378413438,-2.223,-4.48,-2.76,9.61,7.3215,-2.65
Downturn,2003-02,-1.043677034777234,-0.40092970703774367,0.03999240997000339,-0.62,3.151067725467094,1.3997,-1.39,-0.1272,2.74452708552686,-2.0245,1.17,-1.88,0.83,0.8778,-0.93
Downturn,2003-03,1.740655588816209,3.613045813790039,5.242956434868818,-0.77,-0.4241944420874333,-0.9347,-1.93,-0.1257,1.5334875567814654,1.4039,1.48,1.09,1.87,3.4092,0.65
Downturn,2003-04,9.589850350986685,10.416847767002169,11.123328687009215,1.06,-2.9758454519581035,-2.9391,1.14,1.0369,4.178851817744311,2.3547,-9.33,8.22,-4.68,-4.4513,1.02
Downturn,2003-05,9.64025084188639,13.798029528944944,18.750530689110956,2.91,-6.516850299290455,-1.6245,0.4,1.848,7.406366821655075,3.8174,-10.7,6.05,-7.0,-8.2331,4.81
Downturn,2004-08,-0.415989336772039,-0.2691416311569449,-0.3188036464705345,-1.47,0.4651060407667717,0.176,0.97,-1.1997,-4.988195688107555,-1.5163,-1.59,0.08,1.23,-1.2272,-1.13
Downturn,2004-09,2.6564879415567613,4.244854006284103,6.0197094665822,-1.88,1.3412537000629277,-1.6176,0.0,-2.2121,5.719343312207159,3.7951,5.49,1.6,-1.49,-0.2123,3.27
Downturn,2004-10,2.3573638629772566,3.5625770933511816,4.547483432460352,0.49,-1.4258613014083377,0.0033,-0.22,0.584,2.5956748576344335,-0.7841,-1.38,1.43,-0.52,-1.4399,0.19
Downturn,2004-11,6.224092860711844,7.7901461816554605,9.578550797715573,-0.22,0.0160962642630879,-1.6565,1.41,-0.4263,2.9263852353772712,4.4728,3.16,4.54,-0.58,-1.1342,4.11
Downturn,2004-12,3.7467522367681516,4.295480799819011,4.7266607286981,0.46,2.384365100634289,-1.1293,-0.22,0.3018,2.285947582358716,-0.0411,-2.87,3.43,-1.16,-0.8598,-0.05
Downturn,2005-01,-3.6562757005324253,-2.3308608577481027,-1.0302248047367855,-1.46,2.3638093509112057,1.2576,2.06,-0.4036,1.6522855968082562,-0.3941,3.05,-2.76,2.74,3.2457,-1.17
Downturn,2005-02,1.5308308271699869,2.7458712037573374,3.909828916603213,-0.05,-0.1672057561686202,0.6662,1.54,0.2917,4.184565352137337,0.1469,3.37,1.89,1.43,3.5726,-0.31
Downturn,2005-03,-2.322228068559163,-1.966335945995291,-1.8894283818667987,1.29,-1.688076021928997,1.8949,2.04,0.9394,-1.456238265294818,-1.7448,0.41,-1.97,0.47,0.535,-1.42
Downturn,2005-04,-3.2818835383959586,-3.24480707788375,-3.6765429415488557,-0.94,-1.0758673393317375,2.1604,0.07,-1.4563,-5.06218472638974,-4.4794,-0.69,-2.61,0.97,-1.1019,-3.98
Downturn,2005-05,5.044050252056049,6.600824975159987,8.34675639196833,0.3,3.080451590483557,0.4214,-0.64,-0.0579,5.181149515149297,2.9656,0.45,3.65,-1.0,0.9641,2.79
Downturn,2005-06,1.5534184967761901,2.573267018915223,3.4566000222678386,-0.51,-2.070924247253026,-0.4164,2.83,-0.1983,-0.9193714498125338,3.8096,2.05,0.57,0.96,-0.4264,3.28
Downturn,2005-07,5.5301906950592405,6.794069762800921,8.179282856445065,-0.82,2.2933191084364646,-0.4054,-0.79,-2.0714,5.4062329861360725,2.7333,0.06,3.92,-1.19,-0.2083,2.81
Downturn,2005-08,-2.0342131547367854,-0.6356063097245233,0.64771072224753,0.37,-0.2619021000079602,-0.6039,1.32,0.2355,0.508331987365751,-0.7913,2.08,-1.22,-2.05,-0.6848,-0.89
Downturn,2005-09,-0.16722557486720108,0.7989902421259423,1.7367394531739757,-0.6,-2.245806539556894,0.2637,0.71,-0.0266,0.8838114608613168,0.0044,3.43,0.49,0.27,0.8619,-0.34
Downturn,2005-10,-1.9668752063750925,-1.3873243656148468,-1.0082922488555877,-1.3,3.844101269850597,-0.5498,0.42,-0.3149,-0.2013130291140918,-0.5108,-1.39,-2.02,-0.93,1.1011,-1.45
Downturn,2005-11,4.0338280636875385,4.794321059356676,5.8100040990401,-1.14,1.8286946227555667,-0.6043,-1.16,-1.0482,5.316819918385796,1.2182,0.35,3.61,-0.76,0.7751,0.84
Downturn,2005-12,-0.6870165276904892,-0.12523130302596525,0.3573218381995516,0.23,-2.2947352395251253,1.093,0.2,0.8804,0.4908444424603475,-0.0336,0.77,-0.25,0.21,0.2287,-0.2
Downturn,2006-01,4.965927959858935,6.969197157577651,9.097963853370567,-0.46,-0.4278533524665118,0.8783,1.08,-0.6797,6.035676262179135,6.4413,2.53,3.04,-0.64,-0.2611,5.75
Downturn,2006-02,0.2928057392405384,0.43938013477949484,0.3007382571364639,1.91,-1.8730056070906944,-1.0257,-0.34,2.4381,-2.139361232704018,-0.395,-1.84,-0.3,-0.51,-0.9978,-0.42
Downturn,2006-03,2.4996776089539354,3.68883973136516,4.948884147193059,-0.41,3.996818245880674,-0.7877,0.6,-1.3435,3.6592130319900606,3.1221,1.26,1.46,0.06,0.7652,3.38
Downturn,2006-04,0.37829134650678087,1.7730730023625623,2.9171643482937486,0.01,-0.4023208570839154,-0.127,2.34,0.3427,1.483588612786968,-0.3055,0.64,0.73,1.8,0.826,-0.84
Downturn,2006-05,-4.029529670946388,-3.8707244854663734,-4.013264485187943,1.46,-4.336525946965464,-1.5898,2.41,1.3126,-6.203761656005602,-3.5327,-3.7,-3.57,1.15,-0.0785,-2.85
Downturn,2006-06,-0.402570069912522,0.6827273323646746,1.4511994365838725,-0.07,0.2950735823179728,0.6316,0.85,-0.3976,-1.080583576776084,-0.336,1.54,-0.35,1.32,1.0467,-0.24
Downturn,2006-07,-2.0410689008137135,-1.6146587538125474,-1.5329219332544493,0.9,-0.4351571770090268,3.2046,2.6,1.3479,-6.6474626192845605,-3.1594,-2.12,-0.78,1.63,0.5439,-3.63
Downturn,2010-05,-3.317654033514695,-2.5703440708057976,-1.2996824104548288,-0.21,3.706980065576926,1.741,-2.44,-0.4777,-1.3431175343461832,0.0538,-0.25,-7.89,1.3,2.7377,0.04
Downturn,2010-06,-0.2623960712835782,-0.4726599044872837,-0.9786899263138038,-1.55,2.2117660809627404,1.9119,-4.7,-2.491,-6.688612456299381,-2.3833,-2.76,-5.57,-0.16,1.3467,-2.47
Downturn,2010-07,3.5315817696661247,4.870670303874979,6.386549968992038,2.01,-1.337514961673869,0.3729,-0.31,1.2168,3.062305649135366,0.4861,1.88,6.93,0.24,-0.8604,0.12
Downturn,2010-08,-1.578164442836939,-1.0353436409139893,-0.7752189861662162,-1.59,-0.6573183055333498,-0.7079,-1.9,-1.7234,-1.3563786409446443,-3.6733,-0.06,-4.77,0.53,-0.5062,-3.15
Downturn,2010-09,4.475327382089088,5.307663116081151,6.875664252965063,0.38,2.2778722378049787,0.0709,-3.16,1.142,3.03370338760649,3.9594,1.41,9.54,-0.21,0.509,3.75
Downturn,2010-10,2.0878071105206555,3.1004353858708136,4.4361733779112225,-0.26,-1.011256106335534,0.4586,-2.43,-0.0223,0.8022130845797726,0.6988,1.58,3.88,1.19,0.6453,0.8
Downturn,2010-11,-0.7208187475695416,0.3422912986790416,1.9048421893014467,1.59,4.453287483662494,-0.6143,-0.96,1.8646,1.7126569885138387,3.6452,2.66,0.6,0.45,-0.0799,3.67
Downturn,2010-12,3.839096336262781,4.007293533643995,4.016766450258235,3.16,-1.6678603778314316,-2.2361,3.7,3.0162,1.7490465459892637,0.4526,-3.03,6.82,-3.44,-3.6797,1.03
Downturn,2011-01,-1.3723898955580915,-1.7580497396112904,-1.6748602273445778,0.83,-2.307353898604503,-1.3043,0.83,1.2925,1.5014783371205986,-1.9958,-0.29,1.99,-0.76,0.5331,-2.43
Downturn,2011-02,2.80940091574604,4.039283822696159,5.464223692160485,0.88,1.5326416006731014,-0.8408,1.27,1.442,0.2497402920564884,1.3851,1.99,3.49,-1.94,-1.648,1.65
Downturn,2011-03,1.1430167854098439,2.1950160172903734,3.4491653576356187,-0.03,1.007171850657418,0.3227,-1.83,-0.1315,-1.3035998437461838,1.852,3.4,0.46,1.76,-0.9575,2.62
Downturn,2011-04,3.6096359542532763,3.4729071014041546,3.8306832620989884,-0.8,1.5133656298165654,1.1108,-2.43,-0.9779,0.1714401058399373,-0.878,0.04,2.9,1.01,1.5871,-0.55
Downturn,2011-05,1.8251856193766791,1.8898132610213336,1.7599355427496466,-1.59,2.0606601715322137,1.3826,-2.12,-1.0351,-0.5451383399266319,-0.8588,-0.62,-1.27,2.08,0.1308,-0.63
Downturn,2011-06,-1.15892140374384,-0.19484955305614227,0.6289753789966657,-1.53,1.0754031769244057,1.0009,-0.42,-1.1515,-3.2854505825532287,0.4599,1.78,-1.75,2.49,2.8113,0.16
Downturn,2011-07,-2.125731754367055,-1.7757937227246057,-1.4786978271677187,-1.81,-0.5406173691861249,0.6584,-0.9,-2.0383,-0.4136818041497903,-1.7834,0.18,-2.35,2.68,0.7486,-1.2
Downturn,2011-08,0.5984183733013893,0.34813706810607914,-0.9693045145156243,-0.38,3.1898929501985807,2.7071,-2.36,-1.3168,-5.719378979962975,-3.7375,-0.28,-5.99,3.3,2.5889,-3.2
Downturn,2011-09,-1.858743842511168,-2.1431538668155725,-2.541157346649958,0.24,2.0258323884142504,4.899,-1.72,0.0766,-6.893897542508887,-4.7737,-2.42,-7.59,2.04,-0.7641,-3.66
Downturn,2011-10,4.956352229619276,6.718168507262123,9.245631888843286,-0.86,-0.4590175794900064,-1.7028,0.1,-0.5881,4.928222408349314,5.1842,-1.43,11.35,-2.16,2.1402,3.46
Downturn,2011-11,0.5376675569834344,1.060326744951623,1.9124212708979016,1.49,-0.9522165032723962,1.2225,-0.46,1.5253,-2.7408631710112763,-1.1385,3.84,-0.28,1.86,0.5804,-0.28
Downturn,2011-12,1.91087758311701,2.1195825082378494,2.271235846455122,2.52,-2.281163044431211,-0.5716,1.63,2.6695,-1.8451895265577445,0.1386,1.81,0.74,0.98,1.1493,-0.33
Downturn,2012-01,-0.23327802744352866,0.4569178570491994,1.5372107120122491,-1.43,0.8044620668467228,-1.3395,-0.97,-0.574,4.82165444856244,2.7798,-7.91,5.05,-2.01,-0.6313,2.06
Downturn,2012-02,1.2106886184683585,1.2817715496291626,0.9539749603900471,-0.01,0.0161861773008142,0.0238,0.43,0.0789,5.141574662549941,-0.6691,-0.29,4.42,-0.48,0.2919,-1.71
Downturn,2012-03,1.813917331339998,2.2467152365746257,2.525802308708447,0.74,4.29185929295306,1.8088,1.14,1.4304,-2.2804475260602697,0.7263,1.3,3.11,-0.54,1.6789,-0.47
Downturn,2012-04,0.3027100736626043,1.3337105645242486,2.0734701326945437,0.65,1.185618229743035,-0.3846,-0.78,0.8585,-2.295644550591558,-1.0996,3.75,-0.85,1.3,1.0202,-0.55
Downturn,2012-05,-1.1172633983739144,-1.0239268609257623,-1.409544920673912,2.31,1.0229220822441265,2.3605,-1.07,2.6809,-6.091821004037701,-0.8812,6.49,-6.19,2.08,1.6079,-0.12
Downturn,2012-06,3.018696034849433,3.145686532067238,3.518938553999007,0.46,-0.6747352985655986,0.3509,0.62,1.0217,-2.270989584450267,1.4974,-1.06,3.89,-1.09,-1.7619,0.84
Downturn,2012-07,0.37696938503597455,0.2971862754590271,0.2639607549658862,0.05,-0.7907585651700022,0.9808,-0.02,0.5093,0.4311593147278802,-3.0848,3.04,0.79,1.1,1.5194,-2.78
Downturn,2012-08,-0.09382131087518729,0.12334232103450195,0.37689608902859884,-0.84,2.8372350028176285,-0.3883,1.3,-1.4664,2.4279511859642833,1.4204,-2.37,2.55,-1.33,-0.5072,0.44
Downturn,2012-09,1.8007692266672526,2.5555571735160534,3.6689244264493706,1.55,-2.4411750305219138,-0.6925,1.6,1.2038,0.4723515330574246,1.1701,-1.14,2.73,-1.49,0.1979,0.61
Downturn,2012-10,-1.0927008492294676,-1.3033054433411084,-1.6123377519377102,2.5,-2.6221609347182206,-3.7218,3.59,1.8508,0.070896649548735,0.2241,0.14,-1.76,-1.34,0.4723,-0.89
Downturn,2012-11,0.013608463282998038,0.7164689485783071,1.2653387691078366,0.84,1.9761101490115784,0.1868,-0.84,0.7994,1.7970225636860793,0.3716,0.49,0.78,0.6,1.7203,0.46
Downturn,2012-12,-1.0635720617160793,-0.5013877230562136,0.3740203190736968,0.91,-1.689200663530932,-2.6235,3.51,-0.8369,2.419422874961219,2.4277,-2.86,1.18,-1.85,-1.9895,1.89
Downturn,2013-01,4.6818618217717045,5.509771333550617,6.908188090804845,1.41,-3.877516533021752,-1.6667,0.96,1.5622,0.0165095274255344,0.1975,-1.79,5.57,-1.93,-2.0267,0.48
Downturn,2013-02,3.1504852165179953,4.1217571619510895,4.390216436052752,0.52,-0.8735951667777409,0.438,0.11,0.7303,-0.4591501691767141,-0.621,1.29,1.29,-0.67,0.0662,-0.25
Downturn,2013-03,5.488832041990954,6.2821307041582175,7.165033646674268,1.38,-1.6041375894803145,-1.1605,-0.19,1.292,0.3767085646648072,1.0729,1.92,4.03,0.14,0.5017,0.85
Downturn,2014-08,3.7142053712319267,3.427337477704495,3.3316287537246803,-0.7,-0.2248995635334982,0.233,-0.45,-0.9247,2.127695818203912,0.4495,0.82,4.24,-0.64,0.1376,0.31
Downturn,2014-09,-2.409532193167574,-1.7531877014702046,-1.5079303844052205,-0.51,3.357294058054938,2.1813,-1.34,-0.3101,-2.489517315254164,-3.1026,0.5,-1.97,1.3,3.0633,-3.72
Downturn,2014-10,4.515627000660483,5.982203393722574,7.834172291393204,-0.11,2.8379330009757453,-0.1556,-1.81,0.5283,-5.704300930221439,3.6151,-0.06,2.52,-0.57,1.6899,3.73
Downturn,2014-11,2.5528211721064453,3.486851948724534,3.8464898557857063,0.27,3.7064884116492,0.4493,-3.09,0.3424,1.2880959658987834,-1.9772,0.69,2.55,1.5,2.5253,-2.28
Downturn,2014-12,0.8164019728895466,1.350947920658041,2.3004824970249915,0.96,0.9023527741374826,0.2993,2.27,0.4723,-2.4975487274247476,2.7694,1.12,-0.06,-1.22,-0.6556,2.86
Downturn,2015-01,1.3350830064647212,1.6560504705368517,2.445439284451245,-1.65,3.069967773668303,1.4078,-3.58,-1.0729,0.0317907267895378,-1.5792,3.84,-3.11,1.61,-0.3707,-0.92
Downturn,2015-02,1.719197163807884,2.8610388514596297,4.137256922410737,-1.82,3.109412815950807,-0.9756,-1.86,-1.3938,3.368302318987615,0.816,-2.82,6.13,-1.12,0.0837,0.32
Downturn,2015-03,-0.5604745830919411,-0.33996830228415487,0.0961086605149708,-0.52,4.413408904064142,-0.0421,-0.37,-0.2615,-2.0479611792829644,2.8163,2.74,-1.12,0.09,0.8338,3.07
Downturn,2015-04,-1.3404082393920325,-1.9608803042600376,-2.5842048044156685,-0.61,-3.823195028475901,-0.2287,1.82,-0.8011,3.3606038826468954,-3.7918,-7.27,0.59,0.06,-2.1972,-3.09
Downturn,2015-05,0.7206232160973602,1.4448715883446983,2.5249648873863606,-0.74,4.275301448929625,0.2946,-1.14,-0.612,-0.6640406288843326,1.735,5.82,1.36,-1.79,1.4466,0.83
Downturn,2015-06,-2.436218713177851,-1.771361892432055,-0.6914024922083373,-1.58,4.170292946752263,-0.7174,-0.79,-2.4461,-1.4973780471771891,2.8606,3.01,-1.53,0.44,1.2477,2.9
Downturn,2015-07,2.513755787871763,2.937217467778863,3.2607284351141352,-2.41,4.675665034943877,2.583,-4.13,-2.7296,-4.285348520693121,-4.0748,9.98,1.54,0.3,4.3509,-4.55
Downturn,2015-08,-3.600463752295091,-3.3978443211016063,-3.462533690273628,1.19,-3.1707350571423043,0.2619,2.77,1.1632,0.4328305780020969,0.5006,-2.09,-6.04,0.68,0.7598,0.25
Downturn,2015-09,0.2884084148045307,0.5191051649145573,0.22318143280832814,-0.58,3.1450836372642677,3.4773,0.56,0.3072,-7.297821496482437,-3.3796,5.22,-3.07,1.77,4.2729,-2.79
Downturn,2015-10,4.043856194657036,4.804837432586417,5.88918558415954,0.52,0.159461978826747,1.0362,-0.46,0.6524,-0.878052172013144,-2.7651,-3.28,7.75,0.88,-2.314,-2.07
Downturn,2015-11,-0.6982984301559636,-0.050818518725059825,1.263412870212699,-0.99,1.793452887636593,0.4651,-0.42,-0.5479,-0.2579853839558721,3.4655,2.28,0.56,-2.75,-1.7097,3.31
Downturn,2015-12,0.34312551450550344,0.2956893780882808,-0.33298396252106177,-0.02,0.4987024743205115,3.3336,-2.61,0.328,-2.2642622832800163,-2.0946,3.36,-2.17,0.5,2.9435,-2.99
Downturn,2016-01,0.5856179845484577,-0.07437797609810669,-2.063529719297442,3.08,3.105411318813034,4.7834,2.09,2.7736,-4.672863545189021,-2.8171,1.44,-5.77,2.82,5.3293,-3.47
Downturn,2016-02,1.9699844612617512,1.8374158912536775,1.525776890389794,2.02,-0.8857646404494712,-0.1345,-0.57,1.7188,3.5302948619017727,0.4861,-4.38,-0.07,3.25,2.0303,0.88
Downturn,2016-03,4.980665901401269,4.448741230713991,4.178240965298284,-0.08,-5.927953843446354,-2.7531,1.19,-0.7057,4.464578352052873,1.0386,-5.01,6.96,0.77,-2.1273,1.07
Downturn,2016-04,-0.02338193826316836,-0.35666796499512876,-0.4687422772351135,1.9,-5.5384113780729605,-5.236,3.28,1.2916,2.79471495129191,0.1069,-6.02,0.91,-2.97,-7.2338,1.23
Downturn,2016-05,1.0005337298182526,1.2638304629046127,1.9820146213912693,-2.48,3.067503986779218,2.2551,-1.66,-2.2596,-2.5162182800221533,-0.501,1.42,1.78,-1.09,0.9368,-0.61
Downturn,2016-06,5.702706942435152,5.708979688737624,4.851190759498201,1.94,-2.8617735052972604,-0.8264,-1.48,0.4911,-2.4020664229290167,-0.3369,4.13,-0.05,1.4,0.273,0.45
Downturn,2016-07,0.7317374722399328,0.979203213068478,1.9453229032634556,-1.18,0.6794689137420207,2.2562,-1.32,-2.1903,5.051852385589184,2.3302,-3.34,3.95,1.26,-0.5211,2.48
Downturn,2016-08,-3.7824233474817914,-3.035871015645455,-2.167222554168371,-0.34,1.1348209938167209,-0.3905,3.18,-0.2318,0.2625129456340636,0.9735,-3.49,0.49,-1.85,-2.3925,1.68
Downturn,2016-09,-1.6075078383209673,-2.014306039425653,-1.9635174211302808,0.03,-3.213995095757549,-0.9288,-1.24,0.2096,0.8354950925704152,1.0162,0.19,0.25,-2.21,-3.078,1.85
Downturn,2016-10,-1.8740601005877844,-1.9953442519225617,-2.5857467561435166,0.28,-1.7280762288864882,2.029,4.09,0.869,-1.7817991390682075,-3.4301,0.59,-2.02,0.93,3.0152,-4.02
Downturn,2016-11,0.5137834288804866,1.0622188611670624,2.017722273926336,3.7,-0.3480069477760583,-2.5338,8.21,2.978,3.0223057079978632,6.5782,-4.62,4.86,-0.18,-0.971,7.07
Downturn,2018-10,-0.30139620601380296,1.054426420339373,1.473008956583001,3.59,-2.770986174749035,-0.7543,3.4,4.1724,-4.247503065195668,-4.7513,-1.99,-7.68,0.94,1.2653,-4.46
Downturn,2018-11,2.5019903402503174,2.7924578222579677,2.3378586476436003,0.39,-0.9712125419811036,2.7784,0.3,-0.9826,-2.5244672440902893,-0.7807,-1.37,1.69,-0.55,0.6932,-0.77
Downturn,2018-12,-7.639599728193136,-7.542478822261411,-7.85680125869298,0.21,1.7499923493396352,2.4925,-1.84,-0.8421,-5.239448638481015,-3.0346,2.11,-9.57,-0.02,1.2754,-2.88
Downturn,2019-01,5.6958775472689895,6.4828793290516264,7.472920401027027,-1.51,-1.9652823157236152,-7.1445,-0.46,-0.9971,3.340758882717365,2.0507,-8.68,8.4,-0.8,-3.9593,3.03
Downturn,2019-02,2.4808978752395316,3.6981752733062057,4.452540613958281,-1.59,4.539507655061525,1.3807,-2.67,-2.5881,0.8221468674702637,1.1925,0.86,3.4,0.12,0.527,1.74
Downturn,2019-03,2.146398751409319,3.224507737916739,3.975038964421064,-0.95,1.1652716807979413,0.6648,-4.17,-0.4832,-0.1679286130753077,-3.4388,2.21,1.1,0.9,0.0942,-3.51
Downturn,2019-04,2.0173294651691256,2.3355570182617127,3.0792543109836137,-2.22,3.09289754408395,1.0612,2.15,-2.4268,-1.2777186739994506,-0.2524,-2.97,3.97,1.61,1.8378,-1.17
Downturn,2019-05,-3.9309099341207974,-2.244260209783212,-1.1981823817722401,1.77,2.0844908865896628,0.171,-2.37,1.5221,-9.027856797523835,-1.9174,7.56,-6.94,-0.46,0.6472,-1.59
Downturn,2019-06,4.689146856638929,4.975761547474214,5.597288718787666,-0.44,1.5119563544770287,-0.4102,-0.71,-0.2681,1.9017590597837144,-0.43,-2.3,6.93,0.9,-0.1339,0.37
Downturn,2019-07,1.3183986654657711,1.3981570081639485,1.9448318815268109,0.36,1.9057686857290037,1.3001,0.48,0.1745,-0.5569422941928304,-1.6351,2.89,1.19,-0.08,0.4834,-1.78
Downturn,2019-08,0.3392123635570333,1.7459627777049171,1.6263638612229283,-0.68,4.751451595718459,1.5138,-4.78,-1.0153,-6.4521416619435445,-4.209,6.92,-2.58,0.56,1.8765,-3.24
Downturn,2021-06,-0.3688987551058842,-0.2966951781902649,0.9209474588701472,-0.94,4.067020116194464,3.6784,-7.87,-2.5541,4.02761822672697,-0.1273,2.2,2.75,-2.14,-1.2674,-0.34
Downturn,2021-07,-0.6281796849500587,-0.5893192209035281,0.044978671387507774,-0.52,6.270420991069892,5.3209,-1.78,-1.5395,-7.024098978826343,-3.0131,-2.28,1.27,5.46,7.473,-4.61
Downturn,2021-08,2.288713538258458,2.2892836856490018,3.1302096300419358,-1.79,1.808448720353395,2.3736,-0.15,-2.054,0.9826981998472428,-0.7712,2.45,2.91,-0.28,1.2468,-0.68
Downturn,2021-09,-2.709358595322342,-2.7038904579613887,-2.2844868830779075,2.1,-4.428056713456741,-4.6872,5.08,3.2832,3.749633690570065,0.7796,1.49,-4.37,-1.96,-1.7584,1.12
Downturn,2021-10,1.3923083930809321,1.4502652037813757,2.0730343777260796,-1.45,4.545933721781359,3.3914,-0.49,-2.2802,-0.3345310689153224,-1.9889,3.19,6.65,1.66,3.3116,-2.7
Downturn,2021-11,-0.34448185843741763,-0.2683754410300665,-0.032396437641879494,1.73,3.350531174189042,4.796,-0.45,-0.3591,0.2750578619560295,-0.6214,0.88,-1.55,7.2,8.3907,-1.77
Downturn,2021-12,1.8888530301590423,1.9131092773163594,2.612711573590375,4.4,-1.7553716285167664,1.2502,3.26,5.2655,-3.8135955899940233,-0.5947,-2.6,3.1,4.91,3.7494,-0.8
Downturn,2022-01,-2.0569115250417713,-2.042215936581371,-1.9479300240467734,7.72,-9.097125798541516,-3.3889,12.75,10.3845,-2.1399397975201073,-3.734,-2.6,-6.25,0.84,0.7958,-4.06
Downturn,2022-02,0.9610650247090735,1.0381236998441734,2.1858095676047906,3.12,-4.105003916048455,-4.2422,3.08,3.6933,5.138075038187173,3.1876,1.76,-2.29,-2.09,-2.3836,2.92
Downturn,2022-03,2.7497202082122687,2.8165617375045073,4.025958555396402,3.14,-2.903085798806271,-1.4303,-1.81,3.2339,1.38533502799858,-1.8472,3.01,3.05,-1.53,-0.112,-2.17
Downturn,2022-04,-2.492026394737624,-2.4112701611480167,-1.2540915780551176,5.89,-2.5204759747530225,0.0161,6.17,6.0285,-1.5326460995891522,0.8844,4.87,-9.46,3.52,4.6841,-0.39
Downturn,2022-05,1.667638440551641,1.7894669447869405,2.7252769744954466,3.97,-0.2906954902137437,1.2622,8.39,5.733,-0.3237487248073489,0.807,2.43,-0.34,1.56,1.064,-0.06
Downturn,2022-06,-1.555647194569838,-1.4878216520995702,-0.816586946645621,-4.69,8.042156412039404,1.4046,-5.97,-5.6119,-9.853175655129595,0.6968,0.75,-8.43,1.81,1.0063,1.3
Depression,1990-10,1.6694231506031136,1.6694231506031136,2.0800866456985116,-0.3,6.744618463458063,3.0536,0.1,0.2605,-0.056635346235867,-5.0423,6.71,-1.92,2.97,2.077,-5.12
Depression,1990-11,9.2146981008751,9.2146981008751,9.709357388480381,-4.74,5.472915952065249,-0.8312,-3.1,-3.9833,9.093931124047284,0.4489,-5.48,6.35,0.65,1.5215,0.07
Depression,1990-12,4.401001374063807,4.401001374063807,4.507034879086237,-1.89,4.29749348600954,1.4665,-1.7,-1.9466,4.487512444309494,1.3158,0.29,2.46,2.73,3.8535,0.67
Depression,1991-01,9.421897924249999,9.421897924249999,9.804790009080442,-3.99,8.911818288088114,1.5865,-1.6,-3.9503,13.0487762477004,3.3624,-6.45,4.69,1.28,0.1591,3.91
Depression,1991-02,7.434954721404555,7.434954721404555,7.341747980941662,-0.33,2.519072085425833,-0.6779,-0.58,0.1463,1.0941682538481157,3.6299,-4.61,7.19,-0.2,-1.2402,3.94
Depression,1991-03,3.18811270772454,3.18811270772454,3.066723431490677,-1.06,3.982961129523832,0.0366,-1.39,-0.9285,2.045482702231438,3.9312,2.87,2.65,-0.53,1.6779,3.83
Depression,2000-11,-5.359571158375621,-5.359571158375621,-5.422944582483957,8.43,-8.477183134558853,10.9018,12.3,7.4487,-16.017113269857596,1.5397,-2.32,-10.72,13.07,10.3593,-0.58
Depression,2000-12,8.264234659999603,8.264234659999603,7.988469934866028,4.79,-0.3651321911691596,0.5126,7.61,6.3542,-0.5502301513176322,4.6807,6.74,1.19,1.71,5.186,3.26
Depression,2001-01,8.29949239912023,8.29949239912023,8.220575404854532,-5.03,11.25585953096413,-6.1594,-5.07,-7.1285,20.911813035484883,2.7241,-25.3,3.13,-4.69,-10.7883,5.48
Depression,2001-02,-5.564580280467744,-5.564580280467744,-6.209966837556721,9.07,-12.589325817944983,6.3589,12.47,9.2309,-10.98363085824634,2.8959,12.57,-10.05,9.1,5.2077,2.83
Depression,2001-03,-3.090024834627571,-3.090024834627571,-3.53381341723167,3.92,-0.4891916046584343,2.6585,6.42,3.7704,0.6023141355764094,2.962,8.55,-7.26,3.35,3.474,2.33
Depression,2001-04,5.909493738186524,5.909493738186524,6.059900184825142,-3.2,9.528273011742773,-5.4515,-4.67,-3.754,11.433976652404066,-0.9199,-7.9,7.94,-3.06,0.0915,-0.86
Depression,2001-05,3.539202718907229,3.539202718907229,3.54960391819442,1.91,-3.5989858248698936,-0.2513,3.36,2.3804,-4.861951925073149,4.3577,2.21,0.72,0.25,-2.5165,3.6
Depression,2001-06,-1.2710898966142945,-1.2710898966142945,-1.0930885268151422,-1.51,4.837075569895211,1.9723,-1.12,-1.7973,1.9945283343536069,6.711,0.38,-1.94,1.6,-0.806,6.57
Depression,2001-07,0.7043211466725043,0.7043211466725043,0.678658073877292,3.07,1.0016911653210947,5.5121,5.21,1.3768,-2.995297195767521,-2.1452,5.58,-2.13,7.42,3.8735,-2.82
Depression,2001-08,-2.435875234501773,-2.435875234501773,-2.7793555742656193,6.57,-10.318577591598988,5.6455,2.31,5.641,-2.3765477120463396,2.3699,5.53,-6.46,4.05,4.3155,2.71
Depression,2001-09,7.9559888575347815,9.225853942712307,10.73762000850255,3.21,-1.8455380670324928,5.7667,1.45,2.8644,-13.367239196455872,-4.9253,11.48,-9.25,4.99,9.192,-5.73
Depression,2006-08,4.618478741808494,4.468061929898835,4.517807372822389,2.09,-0.6089754323606034,-0.1456,-2.06,1.9253,-1.2106699186767544,0.4347,-3.38,2.03,-1.86,-1.3348,0.44
Depression,2006-09,1.7669562467588211,2.024535694134321,2.3301228762623962,0.6,4.666691382462407,0.9507,0.08,0.9827,0.3820458805176674,-0.9696,-0.96,1.84,0.82,0.6311,-1.46
Depression,2006-10,4.483069914679704,5.391886700274439,6.171102018737184,0.28,-0.6971067288906285,0.4435,-0.31,0.1978,2.5423736007323283,1.9782,-0.2,3.23,-0.12,-0.2983,1.98
Depression,2006-11,2.12109426640623,1.9738471498776482,1.8938926719728615,-0.8,-1.5728373499556358,-0.8997,0.14,-1.5945,3.473617554794628,0.3878,-1.03,1.71,0.15,0.4951,0.71
Depression,2006-12,0.6074913523425932,0.8495408111009132,0.9314965164257675,2.06,-0.6686743278518592,-1.2249,2.73,1.8255,-3.3892977453246265,0.0007,0.79,0.87,-0.72,-0.5587,-0.81
Depression,2007-01,2.2239973259749983,2.5076005475032486,2.912170974421198,0.38,-0.7862346269726816,0.0683,-0.68,0.6262,4.1255035328174205,-0.0989,0.24,1.4,0.25,0.0525,0.07
Depression,2007-02,-0.1662047417424014,0.3831475266999921,1.2684340925633224,-0.71,0.541576369667851,-0.0687,-0.14,-0.9689,1.9033407925494128,1.4242,-1.35,-1.96,-0.51,-0.7332,1.29
Depression,2007-03,1.1081239137593817,1.6282195839131013,1.7832853231084937,-0.65,-0.7419217173228576,-0.2037,-0.97,-1.1827,-1.548162675414233,-0.1752,2.56,0.68,0.64,0.4443,0.2
Depression,2007-04,3.0327067316582483,3.6291092976247845,4.504996444957627,1.03,1.6210322978540417,1.1127,-1.45,0.8508,2.8630203254458975,-1.7361,-0.24,3.49,1.15,0.5382,-2.04
Depression,2007-05,2.976308307827823,3.8705082538131865,4.821082522250907,-1.36,0.4545280073766644,0.1331,-0.65,-2.3062,2.2236948821388047,-0.2466,-0.34,3.24,1.58,0.5284,0.4
Depression,2007-06,-1.4027090197561538,-0.7012365527751082,0.35333191564039834,0.08,2.5114542810566576,-0.5925,-1.05,0.952,0.7169754742386347,0.5408,0.51,-1.96,0.53,1.213,0.74
Depression,2007-07,-4.54357736407931,-2.9790828847896518,-1.312922167170571,-1.13,3.396235868469178,0.0496,-3.71,-2.2506,0.1670866698648687,-3.0422,2.94,-3.73,0.2,1.5445,-2.99
Depression,2007-08,2.486376373731834,3.548383903998962,4.369109044742701,-0.53,1.1777305662284745,0.4943,-1.86,-1.32,-4.371687101643184,-0.816,0.1,0.92,-1.21,0.9285,-0.37
Depression,2007-09,1.9101450941813571,3.1042621261026064,4.16814002419684,-3.02,0.506735418876092,-0.4745,-2.21,-3.2001,-0.567136611156871,-2.4076,4.63,3.22,-0.52,1.6183,-2.44
Depression,2007-10,2.8990823706386597,4.3634057963178075,5.731994527841819,-0.09,-2.177335857215923,0.3453,-2.98,0.4574,-0.8705662414458581,0.3772,5.02,1.8,-0.3,1.2267,-0.08
Depression,2007-11,-3.597680818951447,-2.595758139950159,-1.885498198967854,-0.29,-1.8761589648077728,1.4361,-0.94,0.1771,-5.4756723554596824,-3.0164,0.99,-4.83,1.89,3.5961,-3.02
Depression,2007-12,-0.7486297672222051,0.45331135495204977,1.2427381510266824,-1.05,2.1679415220841047,1.0642,-0.55,-0.6026,-0.6924653710560058,0.6429,6.63,-0.87,0.87,2.3146,0.15
Depression,2008-01,-5.072418215810349,-4.974172775563313,-4.884949466306,2.14,1.2336621085246249,-0.8164,3.97,1.3985,4.9703186674839195,-0.7335,-7.75,-6.36,2.14,-0.335,-0.65
Depression,2008-02,-1.8910307737494723,-1.0783191449457195,-0.35808894931558577,-0.93,2.784685212160709,1.36,-0.84,-1.508,0.2980417213626518,-0.8807,6.1,-3.09,0.88,1.8089,-0.66
Depression,2008-03,1.097357067672803,1.4281826855464788,1.814184196035499,0.5,0.5038216058156131,-0.0305,0.3,-0.3522,-1.527625244190145,0.577,4.27,-0.93,0.79,2.3694,0.56
Depression,2008-04,4.482799825997133,5.273636997166212,6.549774909613129,-2.47,-1.0074172253313862,3.3207,-0.94,-2.3209,4.294090471487899,-0.9301,-0.31,4.6,1.64,-0.8157,-1.2
Depression,2008-05,2.706064487957074,3.445646124642312,4.442266986927382,-0.06,2.121407317581614,0.0573,-1.43,-0.3475,1.9374841747445748,2.5275,3.31,1.86,0.93,-0.3489,3.02
Depression,2008-06,-8.512865701876246,-6.606642439975094,-5.371616692967281,-0.55,2.1589580804125763,1.042,-2.71,-0.1854,-5.335455909226416,1.8781,12.75,-8.44,4.96,6.3701,1.18
Depression,2008-07,4.2534415461291495,4.809069072081501,5.568791307459425,1.08,4.887252281980881,-0.0866,5.42,1.8031,-3.4610267501584246,5.9925,-5.13,-0.77,-1.37,-0.0192,3.72
Depression,2008-08,2.838146635071989,2.09539660593859,1.1582285834984187,0.84,2.995637471715495,2.0556,1.59,0.9417,1.7726078333154094,1.8626,-4.02,1.53,1.86,-0.9233,3.46
Depression,2008-09,-6.051493681846004,-6.1311567406548475,-7.167948255939999,1.78,2.7696144968046177,3.451,5.91,3.1609,-6.707161504863723,0.6623,0.28,-9.24,2.41,1.6471,0.25
Depression,2008-10,-14.62345238203656,-12.423635304984968,-11.496779335079108,2.05,5.115266816634878,6.7419,-2.3,1.0392,-9.933449293582374,-3.4778,7.85,-17.23,3.04,5.8889,-3.34
Depression,2008-11,-6.879703153101928,-4.938690843246433,-5.562116679507493,2.75,-0.2714838773752115,2.2205,-6.31,0.5016,-7.919584880715891,-5.2251,7.17,-7.86,4.53,3.5054,-3.89
Depression,2008-12,5.02065597788639,4.504884064250936,5.130767483554388,-1.49,-2.7367887949033665,-0.7984,0.14,-2.3563,6.51490695563286,3.5804,-5.09,1.74,0.06,-0.6256,3.29
Depression,2009-01,-5.85776994681535,-3.1620443232759032,-1.7313220919965344,-1.17,1.1574720597037125,2.4443,-11.29,-0.9195,-8.671030069116469,-2.9404,-2.18,-8.12,0.18,-0.7397,-2.14
Depression,2009-02,-8.980677230001822,-5.872413320475168,-3.468137198067823,-1.02,8.184603226500764,2.997,-6.95,-1.8632,1.791121929619921,-1.6061,4.41,-10.1,1.19,2.9127,-1.32
Depression,2009-03,16.412798219476695,16.562192544884535,16.46492210225301,-2.25,-0.0966111823593851,0.0621,3.47,-0.4563,4.930089574634411,0.958,-11.87,8.95,-2.52,-3.3319,0.67
Depression,2019-09,8.449926868098226,8.550596544366876,8.624632500487708,3.37,-4.001329417924415,-1.8618,6.75,2.9758,4.465356923006403,1.4364,-6.81,1.43,1.84,1.7112,0.27
Depression,2019-10,-1.5115418811156698,-1.4189273692003355,-1.304417206556525,-0.96,2.5946033890132503,1.9432,-1.91,-0.6405,0.165384954427572,0.823,0.15,2.06,0.44,0.8396,0.26
Depression,2019-11,3.736853177683739,3.8373976053579373,3.940763017173796,-1.24,2.9539830630280317,-0.6352,-2.02,-1.0307,2.5795322657792275,0.0017,-2.66,3.87,-1.59,-1.3054,0.44
Depression,2019-12,5.624217441888753,5.6150400989237585,5.599078495992667,1.24,-3.445893559892499,-0.7662,1.75,1.8016,3.832799349791527,1.3017,-1.77,2.77,0.01,-1.2858,0.97
Depression,2020-01,-6.723217942395224,-6.7039182751466395,-6.713472341253937,-2.32,1.8507252837763664,2.4581,-6.25,-2.3964,-4.234252056596599,-4.7449,5.98,-0.11,-1.17,-0.4568,-4.38
Depression,2020-02,-11.01991835693097,-10.894142792395712,-10.771445350006504,-2.51,3.859617516692459,1.5515,-3.81,-2.2206,-1.3031814730258495,-1.3723,-0.4,-8.13,-1.47,-0.4626,0.04
Depression,2020-03,6.834996897451958,7.027449675399685,6.988381419276809,1.24,16.06458990646289,11.9071,-13.87,2.1202,-19.54733278585865,-8.4075,7.97,-13.39,-1.57,5.8395,-8.28
Depression,2020-04,15.417725345664035,20.47000393446543,25.332642033159903,-1.0,-6.186851292523842,-2.7459,-1.33,-0.1436,23.238283804658423,3.3984,-5.23,13.65,2.72,-1.9135,2.56
Depression,2022-07,6.703151312779045,9.89239382133166,12.941964619229642,-6.83,1.7021973393313017,2.3743,-4.05,-5.596,6.402287789231531,0.2844,-3.95,9.57,0.82,-2.0623,1.82
Depression,2022-08,-3.2539283202171574,-1.3656568376762643,0.42584825877640803,1.29,-3.693354583997732,-3.4257,0.29,2.7022,2.5906477810799577,1.4702,2.04,-3.77,-4.75,-2.6136,1.52
Depression,2022-09,-9.22679033559641,-8.241330677199198,-7.521837903402317,-0.8,3.814908831429986,1.6949,0.05,-0.3029,-3.2141301513915255,-1.7464,3.51,-9.35,-1.51,1.1599,-1.05
Depression,2022-10,10.18308380811281,11.553809344201778,12.738463559798504,6.64,-5.8514600983439085,-0.895,8.01,7.5208,2.2991357610518293,4.8084,3.96,7.83,3.34,5.1531,1.89
Depression,2022-11,6.143753720583191,7.938200570811396,9.235008762225373,3.18,1.0975056915033532,1.3382,1.38,2.1134,2.0307496239018397,-2.3135,-1.98,4.6,6.38,2.5263,-2.74
Depression,2022-12,-4.94311253761828,-4.423068117715282,-4.188477443419039,4.2,0.3282961388790806,-0.4092,1.37,3.9516,-4.271484103377466,0.3653,4.55,-6.41,0.25,-0.4662,-0.15
Depression,2023-01,7.633723199560289,8.415690391890612,9.317614049703044,-4.47,-0.2907408237413311,-2.0987,-4.01,-5.4623,9.011270382919756,4.7247,-16.01,6.65,-2.44,-4.2413,4.41
Depression,2023-02,-3.0272079836994465,-0.9685255284310121,0.7110605214693269,-1.33,4.9489113825012865,1.9794,-0.81,-1.3424,0.032992975268975,-0.1313,0.15,-2.58,1.01,2.9243,0.66
Depression,2023-03,-0.7966898749408321,0.8302004058965021,1.7188923380061998,-2.37,7.328701274387361,6.312,-8.85,-3.2743,-4.078611836837453,-7.7886,-2.47,2.51,2.24,1.1849,-6.94
Depression,2023-04,-0.4183783500165069,0.2328069456054408,0.6080218374783956,2.86,0.5472324191541755,-0.5297,-0.04,3.0871,-1.457921634201098,-1.9674,1.62,0.61,2.42,-1.0976,-2.56
