Date,XOM,JNJ,CVX,KO,IBM,TXN,COP,SYK,FI,CDNS,GD,MMM,EA,VMC,CHD,JBHT,PTC,MGM,TRMB,PNR,IPG,CLF,CHE,GNTX,ARW,MUR,HOG,AVNT,AIN,LEG,MTRN,TDS,LUMN,OMI,NVRI,MSFT,WMT,PG,HD,ORCL,NKE,AMAT,LOW,MDT,TJX,ADI,MU,KLAC,BDX,TGT,NOC,CTAS,EMR,APD,ROST,PAYX,ADM,HPQ,CLX,RPM,CAG,IP,TOL,CASY,BBWI,THC,PVH,GPS,CRUS,KBH,HP,WDFC,CRS,WOR,AGYS,AIR,PLAB,WGO,BBY
1990-09-30,2.550306464,5.474761659,2.667870289,5.50710708,2.850561051,2.513593484,1.897384576,10.12596361,1.044458787,8.067882834,2.166265412,4.975326079,6.634873217,4.138385757,4.203379094,3.702067187,18.4834384,2.228715292,8.400720139,2.656872697,1.628611544,2.662232666,2.950969988,5.40084055,2.860623947,2.370078913,4.431235083,2.443863211,1.885038899,3.552843906,2.67083945,1.532467988,1.812542264,5.337993834,3.124394004,23.93157113,6.83432824,3.505718279,5.598684401,3.165114237,7.188461455,2.875769688,4.186639097,7.372312556,3.163513236,3.149888902,2.096687774,3.206455137,3.050170245,2.588332614,2.659224018,5.968401744,3.834393491,2.3284404,3.169835282,13.38422663,4.339204969,3.169532518,3.606150819,4.555879064,2.529394657,2.225156065,2.289268852,3.837845518,5.175122298,2.683617139,3.217512783,7.48226893,7.334655115,1.54258987,5.992199428,25.68738942,2.476515174,5.057172518,4.083853382,3.055331005,4.128647711,2.614214645,3.051991671
1990-12-31,2.664087871,5.891116922,2.726159081,5.640336057,2.840000911,2.578220153,2.151906126,10.71971041,1.002219047,8.428540016,1.782384957,5.219251795,6.56531768,4.181345116,4.42267491,3.232127264,23.57068152,1.524222535,7.117707767,2.732510862,1.267134681,2.675965674,2.843973016,4.446412552,2.939832936,2.41245632,4.311322321,2.380418707,1.884417911,3.68119161,3.205091512,1.887165515,2.149369995,4.456294436,3.658076071,24.61538399,8.032247842,3.712399784,6.611565261,3.151916389,6.66681709,3.041665882,4.679983413,8.147173623,3.624666377,3.82590264,2.689196594,3.194969891,3.18355473,3.036608916,2.922590704,6.845026236,4.061011397,2.440670368,3.814886903,14.16134131,4.247033798,3.802214679,3.723277593,4.825344409,2.895086953,2.309354775,2.346619598,4.084833646,7.248298836,2.825067392,3.735775828,10.05682856,8.162646756,1.739007683,6.086789511,25.18559249,2.467558006,5.272677436,3.999198981,3.113115975,6.134083511,3.163627714,4.629509486
1991-03-31,2.983395687,7.314223197,2.885633048,6.844175462,2.835116752,2.583594495,2.233115589,12.60473916,1.149533511,12.15605961,1.344375031,5.085248249,8.768978598,4.255094899,5.276144065,3.326768097,29.25870351,1.985207634,6.658364573,2.825359917,1.518644348,2.756996977,2.931345637,6.435205659,3.064405198,2.535469476,4.545249298,2.569844424,2.04673238,3.733854262,2.629124505,1.915513134,2.145473386,4.397477457,3.88332659,32.89834911,8.389141111,3.773971401,6.861212969,2.982857033,6.594215301,2.965033491,4.491109967,8.794252726,3.880729153,4.486510237,2.777014205,3.426443561,3.206004582,3.144264825,2.96918866,7.348242195,4.308781571,2.673996413,3.743337562,15.17292597,4.197199187,4.191616103,3.505839229,4.627000359,2.989814637,2.323499277,2.56026627,4.226699927,8.118210692,2.84667223,3.670233516,10.78891093,7.703045729,1.751156635,6.160627364,35.05025104,2.522624222,5.823811152,4.204958804,3.200596153,7.057766751,3.170822608,4.912218564
1991-06-30,3.074642364,6.737633366,2.796432694,6.507941875,2.629426575,2.291309618,2.166514113,15.38604825,1.284214401,8.126307323,1.337812734,5.394718036,10.08626354,4.227703703,6.091743359,3.185329338,24.97077613,1.319907442,6.325408606,2.954291551,1.522451622,2.912460403,2.376358296,5.562369667,3.227784018,2.525434978,4.56159634,2.498676358,2.172029365,3.838081568,2.692896132,1.701694654,1.915902591,4.384278111,3.595118516,28.05356299,8.820134433,3.41651277,10.41733805,4.044706294,7.623729122,2.9346543,4.63277718,10.58300361,4.097379462,4.215064001,2.663253299,3.400465148,3.250450223,3.034553532,2.911175618,8.432205164,4.555578053,2.711530931,4.166651636,15.49297292,4.171100972,4.485788055,3.660252461,4.062820178,3.01520268,2.351925845,2.660604044,4.341431274,7.803944517,3.20500191,3.505384859,11.30390979,8.360976864,1.621054495,6.082032002,25.78132497,2.408898909,6.011820248,4.253004693,3.296067228,7.276422119,3.07941289,4.802115014
1991-09-30,2.95629735,6.83983856,2.728083554,7.039532029,2.373166717,2.164624535,2.04768286,14.48443679,1.195258492,8.636311319,1.293932563,5.194671689,10.11656599,4.315898007,6.984858842,3.407583629,30.49009448,5.607520501,8.138665461,2.941831188,1.684553617,3.13299966,2.03393239,6.610645063,2.123882991,2.535592934,5.509696847,1.905562845,2.267753245,3.883000635,2.426502608,1.774146995,1.980339509,4.360162532,3.683655402,33.49629483,7.226046865,3.163078372,11.33664117,4.923001182,9.144211592,2.832350053,4.017724957,11.86799021,3.709405234,3.934894567,2.686680348,2.943870577,3.044682618,2.710883173,2.784633395,7.367115582,4.700386085,2.5055398,4.054752689,15.96124856,3.966324664,4.158104807,4.212645265,3.209319616,2.857638859,2.250509017,2.660403885,4.713519732,6.025276778,2.707036941,3.769264588,11.84004233,8.97342421,1.765256959,5.789214405,23.19323683,2.292364759,6.209684206,4.143692931,2.921949862,8.358870314,3.115624915,3.491205517
1991-12-31,2.838965994,7.483632485,2.422140591,7.687243491,1.827901692,2.156184667,1.76510343,19.26592942,1.322139262,6.002766362,2.309126395,5.573879153,11.33279782,4.383451956,6.639937386,3.812406454,47.78274905,11.28955511,6.736331968,2.980127654,1.614838764,3.375280051,2.162961684,8.248819906,2.452203672,2.328619261,5.087766914,1.968396738,2.176281962,4.269511674,2.624710584,1.722203272,2.160388353,4.929997688,3.830120498,36.84999879,8.595819006,3.228406114,12.73772273,5.909162997,10.22606206,3.266110498,4.11135236,12.22068319,3.950119597,3.97905502,3.413761243,3.347365007,2.969913173,2.883922656,3.246811728,9.225793971,4.893234008,2.56747425,5.152751725,21.52636843,4.543857738,4.530259302,4.308812903,3.538566497,2.934544561,2.124663932,3.360617466,4.574143486,7.86295119,2.682590402,4.47466733,13.85708358,7.306799218,1.800644933,4.669382957,27.49566951,2.129758703,6.509144192,4.121500415,2.976258142,6.992271565,3.942830117,4.311493323
1992-03-31,2.71135291,6.93958634,2.260891042,7.818353578,1.884330372,2.403992318,1.589889749,17.57065098,1.208613118,5.952593052,1.863142599,4.889087048,11.92867454,4.645395293,6.386269699,3.917633726,38.75595444,12.48165848,4.034629288,3.045304222,1.753454452,3.481156332,2.199713667,10.89783138,2.52036691,2.747659524,5.95982151,2.21067976,2.110904184,4.723867559,2.458698731,1.75469379,2.16899189,5.83486472,4.090712357,41.54455672,8.091609578,3.419224724,6.567578741,4.71640743,9.19674482,3.208035853,3.811664355,9.424296031,3.874043255,4.056580619,3.30200227,3.390759125,2.978505766,2.949762945,3.298564955,8.537198,4.868433417,2.848968456,4.477721221,19.77532545,4.152503996,5.227323796,4.027819367,3.380112897,3.160717136,2.283183809,2.777917216,4.386314655,6.661898694,2.182054365,4.25509543,12.95041803,7.470429012,1.629909362,5.355604903,33.95362667,2.249681294,6.644769476,4.083722728,2.862942582,7.034019003,4.145642423,3.831575264
1992-06-30,2.726496993,5.827075546,2.280649482,7.131196012,2.050657469,2.544808262,1.617115485,15.95397036,1.312589765,5.950370258,2.296818107,5.052281391,12.52951025,4.685874621,6.5642898,3.581677552,35.39440941,1.403785787,2.509205973,2.953768263,1.654482839,3.179311163,2.199629699,25.8838168,3.104299549,2.679894748,5.520518035,2.102097385,2.110165883,5.079809947,2.393805712,1.780566073,1.611073264,5.820610471,4.001553307,29.27919032,7.742472964,3.306845855,8.729675016,4.361608117,8.883050199,3.323173852,4.248557568,11.80827815,3.714897828,3.833026044,2.900576408,2.740220495,2.920050028,2.944975849,3.288636674,7.124966385,4.745604932,2.84310908,4.523442776,21.36269371,3.643640622,4.751472799,3.926603654,3.424908793,2.95991512,2.124878158,2.88478386,4.065779672,6.014241105,2.434129638,4.175433426,10.83637783,6.753240268,1.550431948,5.7590675,27.75984372,2.262073755,6.477810827,4.092456256,2.78331966,5.630283641,3.905595537,3.574954658
1992-09-30,2.803305498,5.848587679,2.381517174,7.635407071,1.700864621,2.816708834,1.687686847,14.19635977,1.280486954,5.982659224,2.022670673,5.235625069,11.09747212,4.538529342,7.127645059,3.439469299,28.72381667,1.437425869,2.14400527,2.957410106,1.837182079,3.168393058,2.183591911,14.02436466,3.567625489,2.834375482,6.370494235,2.11945392,2.113743008,5.230443725,2.550426029,1.921983684,1.899467805,6.086585866,3.657471952,33.70712061,6.865915824,3.372018042,9.597064082,5.687214528,11.2498363,3.827617098,4.111343287,12.02142751,4.155404987,4.019850752,3.4833359,2.824495099,2.973444658,2.735842552,2.91502432,7.929264318,5.236329441,2.95466266,4.456933915,27.95246335,3.633949694,3.819751441,4.106823157,4.572734824,2.854954087,1.973644025,3.125344293,4.121651283,5.834733605,2.385553308,4.463056771,10.16938091,7.401724219,1.702459234,6.058934426,30.33352229,2.239377434,6.859596021,4.802377627,2.72341958,6.013945891,5.198986896,3.02558916
1992-12-31,2.875129292,5.468136108,2.417518388,6.807219143,1.103891491,2.957250482,1.856784122,14.07903138,1.247625874,6.998995667,3.559606454,5.366660082,12.32562709,5.265647445,7.035508716,3.409834877,37.79148729,1.535912291,3.301288576,2.741522869,1.881152899,2.675381614,1.919287448,23.56739965,4.317865631,2.887082844,8.077824386,2.137494517,2.004949983,5.664055527,2.911624069,1.980125294,2.095476586,6.518769716,4.208589413,33.71471126,7.728827129,3.707962185,10.8477738,7.356733208,9.719157449,4.565496217,4.702956556,11.14861747,4.752594971,4.696504968,3.919930866,3.396462476,3.159957613,2.986388143,3.10075942,6.847196208,3.832639694,2.964113264,5.203940487,23.80206169,3.765503008,4.062880902,4.240441753,3.965293911,2.873590893,1.890314795,3.76878936,4.129697274,7.313502057,2.143426407,4.825551765,10.03166908,7.123016555,1.868095584,5.254635552,31.10220814,2.26943525,7.276984871,4.839207288,2.829963654,6.922951864,4.597157331,5.528240934
1993-03-31,2.917186598,5.059853051,2.596782009,7.094955693,1.05090451,3.02246683,2.014047689,11.1576558,1.366050141,4.27708361,2.241662346,5.456437152,15.40336077,5.419286289,6.058352864,3.483641441,35.91975842,1.865329794,4.192225018,2.941200318,1.850253614,2.604838761,2.031650081,21.38243103,4.16436646,3.148209599,6.870753095,2.858380188,1.902759474,7.232209382,2.260850127,1.842493829,2.255358245,6.468996325,4.258948182,32.05318689,6.375323879,3.566437371,8.772065421,8.05144065,10.45546307,4.804713841,4.495949732,7.246654716,4.728573093,4.662698084,4.434133925,3.788111396,3.041465236,3.016368471,3.196742462,6.63274893,3.992039814,2.890775639,4.534977047,26.13057764,3.638074373,4.131805696,4.243122406,3.630226615,3.040087215,1.869735832,3.130493028,3.734902441,6.41473689,1.898235483,4.845876943,9.724478034,5.66698276,1.932421648,5.993705199,32.96781767,2.266668905,7.369194982,5.043643091,2.915736845,6.066471405,5.013711223,5.038002872
1993-06-30,2.96120383,5.020651962,2.54634117,6.661377915,0.805321009,3.303898991,2.043601849,10.69794563,1.406040636,4.448353821,2.331846832,5.249452215,19.06744366,4.559253359,6.241955558,3.328552486,41.42223074,2.012431361,5.377680285,3.085060624,1.638721962,2.399271037,2.173900513,31.48134013,4.83669641,2.864628434,6.784115027,2.804548921,1.992598115,6.863790185,2.185662518,2.057025216,2.02656769,6.236145433,4.152228046,30.09777207,6.266405258,3.178112703,9.33211011,10.11028649,8.698812629,5.904060988,4.594879485,8.587600084,4.303929261,5.354208375,6.037880875,4.297113663,3.247057743,3.029067586,3.188163343,6.995852823,4.091057095,2.697753528,4.57734103,28.70613968,3.412814542,3.980122269,4.494146155,4.331729653,2.738079342,1.852715358,2.991953175,3.674647136,6.022163686,2.074575291,4.456931136,8.977290466,4.756553926,2.092014724,6.974779458,22.49154988,2.134580917,7.962750772,4.772396033,2.774768778,5.440895228,5.141266957,5.387757971
1993-09-30,2.884457769,4.822881685,2.622556367,6.957176601,0.98182545,3.36406553,2.178076197,8.999511607,1.473017575,3.705259,2.523929602,5.04837732,18.62520339,4.767742643,5.675902537,3.151050506,48.03225971,2.485444753,6.351234592,2.977880143,1.858609085,2.417618222,2.066703735,32.49708629,4.90552821,3.097959249,7.61452097,2.5544436,2.04871273,6.022618545,2.2080228,2.415305597,1.805499814,6.178098137,2.569279442,27.74431589,5.670469692,3.081924127,8.549439369,11.8220977,8.962069095,5.211028092,4.858444677,10.35800531,4.270009588,5.007628871,5.685851814,5.993551442,2.898890159,2.797722895,3.205018199,6.7991236,4.3381551,2.620780248,4.541574047,35.40037953,3.303095784,3.816818491,4.547379175,4.079685094,2.615175761,1.816263743,3.602163214,3.714649691,5.944408929,2.515198712,4.843889808,8.902718177,6.112031111,2.110415427,6.868571507,21.53050032,1.849126135,7.236474873,5.21696429,2.659965718,6.153745652,4.943248687,3.412011348
1993-12-31,2.918379956,5.139779374,2.381120412,6.994127624,1.397752352,3.328505412,2.067604513,8.23013044,1.28320038,3.538792504,3.760802189,5.334524679,13.54740767,5.198679656,6.082128054,3.011076019,44.43886275,1.480983117,6.182108732,2.865128991,1.64506945,2.728592807,2.111011691,63.7679705,4.574715738,2.582682464,7.442055997,2.53087154,2.338820371,6.372934976,3.227526221,2.47670766,1.739068791,6.790070565,2.500414237,22.0801861,6.168766913,3.357832896,8.771318669,11.56470359,7.448694766,6.789636437,5.022772005,10.52856506,4.952975646,5.57836203,8.510279705,6.514381393,2.855890971,3.076899802,3.351118744,7.429450958,3.692490823,2.718058808,4.572403055,31.87921905,3.204412446,4.062776893,4.815655946,4.420120465,2.939077844,1.92778201,3.757760939,3.870343259,5.749050415,2.527106622,5.314394977,9.534461663,6.258678124,2.071588519,6.154358189,12.17888269,2.00859361,7.28976144,5.101183594,2.830709826,8.198592353,5.640478408,5.060868081
1994-03-31,2.858267878,4.723678634,2.326058409,6.455171773,1.498645267,3.477656385,2.025514614,8.299395464,1.17632414,3.490431404,3.7521206,4.350505083,11.05780685,5.227421776,5.074791764,3.007722258,25.69264399,1.326572398,6.23551794,2.273348964,1.627732103,3.066671902,2.05877446,29.55639653,4.944856604,2.569934999,7.683780881,2.835467688,2.382206382,6.002318818,3.712811021,2.009673353,1.530915766,7.032831786,2.799504055,19.3632744,5.693282737,3.308618724,7.806109568,9.733517524,7.979745281,6.571710342,5.338241301,7.343585015,4.390511747,5.519850111,7.886580597,7.711645545,2.927648056,3.207163582,3.302713418,7.260494836,4.37371045,2.573881672,4.301885135,31.27003891,3.366844984,3.98285982,3.847670922,4.27686314,3.137968141,1.864300576,3.349118215,4.14132138,6.144920625,1.815875017,5.33242982,10.79924169,5.542533173,1.960535008,5.65083102,19.35713154,2.141211905,6.806752674,5.238999678,2.748124968,8.485325317,5.639873134,5.293394998
1994-06-30,2.712969211,5.009869399,2.205703077,6.08592406,1.649334239,3.560509573,2.066246824,7.910438459,1.292716163,3.613687001,3.679326072,4.349430492,9.020532927,4.677251741,4.556573378,2.716215409,20.2510327,1.403962822,4.395572345,2.276106055,1.513847717,2.888557028,2.245843215,39.37067961,4.986253189,2.642400524,7.188055702,2.565458392,2.292550088,5.230031562,3.748693492,1.900318741,1.549300801,3.364980834,2.695888098,23.17091985,5.503533451,3.362319916,8.118165635,11.93011952,7.702300075,6.460801857,5.339426165,7.527866451,4.00796162,5.637596414,8.449291101,7.760662484,3.043038394,3.230488629,1.357813731,7.450404522,4.253968899,2.544490552,4.234723615,25.04008694,3.472337058,3.897530406,4.408745446,2.78536369,2.944086463,1.856768804,3.151199198,4.137803786,5.851917104,2.669488433,4.511215599,10.06319668,5.442622008,1.893019586,5.959669449,20.80976568,2.136835202,7.020368428,4.527845034,2.767822731,7.400510401,4.99311085,4.588324326
1994-09-30,2.704849478,4.932672183,2.258920895,6.812357195,1.81216278,3.507808532,2.179191038,5.987074367,1.360268521,4.732198671,3.933764703,4.49882723,8.7180291,4.779934143,4.265991169,2.563564247,28.96325427,2.139379994,5.398538717,2.270704542,1.626693123,2.668582623,2.252108238,27.81152604,4.708875799,2.625599922,8.229748015,2.709876219,2.268030633,4.895191754,3.883007768,2.134667139,1.704658528,3.757761685,2.728533061,19.60386593,4.794545236,3.397699506,8.340924873,10.87596323,8.082088397,6.181532019,5.545508991,8.962337593,3.370439353,6.169432699,7.675532708,9.062936823,3.184524286,2.978356884,1.785483042,7.972063528,4.469710709,2.605760018,3.85621095,29.00129189,3.597734172,4.157995927,4.735839589,2.88691419,2.789557343,1.985589609,3.128368539,4.288014464,5.096854768,2.449224743,3.960971288,8.328953707,5.039237299,1.857753391,6.001846725,19.10398919,2.113626227,6.636014612,4.844978236,2.748893952,8.178417317,5.030749052,3.367066423
1994-12-31,2.837379278,4.819823953,2.413846085,6.89478718,1.880945697,3.735121183,2.176165694,5.188902177,1.269643114,4.030757735,3.921347753,4.653046215,7.402434525,4.801187223,3.806764651,2.457645957,29.89967908,2.092642114,6.133916112,2.811176587,1.290307585,2.692614316,2.358280034,29.49261907,4.420724443,2.477634737,9.518329212,2.65220954,2.378307415,4.966630466,3.64213947,1.92350985,1.708354361,3.802782587,2.812933573,18.61486001,5.196089991,3.517347686,9.086811002,11.67616977,5.30293647,5.287004382,5.038278783,11.07296266,3.472660193,5.707399096,10.9959644,8.185694046,3.109362143,3.11267539,1.96313947,7.314417078,4.246080892,2.457795141,4.133056307,30.89116534,3.790783747,4.291018044,4.804006413,3.038030541,3.005109161,1.969135413,2.963362652,4.639972914,5.431156468,2.78699505,4.13143155,8.329735034,4.274166273,1.781803205,4.921778708,18.30769787,2.014957418,6.288951121,4.426681088,2.805282365,6.380638355,5.147977588,4.781328412
1995-03-31,2.889645273,5.061881408,2.541877056,7.19434152,2.068895792,3.904733811,2.265558185,7.015615913,0.866883404,4.622677491,4.112073179,4.468659182,10.02390832,5.262247217,3.838957195,2.733646837,25.44358797,2.347821475,6.378872162,2.252220678,1.489324935,2.841679766,2.37378863,21.57799492,4.286622229,2.442344985,7.98474083,3.026585543,2.416283512,5.224906821,4.080942043,1.308218268,1.962710535,4.068043067,2.902912882,19.46222487,5.116762868,3.684352369,9.509155639,10.33785424,6.322525566,6.227262493,4.568834498,11.41216671,2.930623645,6.578095605,10.82994359,9.308591027,3.33458943,3.063876043,2.086253464,6.867836298,4.035802064,2.592942154,3.839250351,32.25497344,3.681142295,4.685444366,4.691259006,3.284524418,3.467958608,1.999959014,3.033245904,4.87170355,6.154836755,1.056995357,3.08166159,8.922143596,4.871534069,1.61154199,4.892150752,20.07066677,2.042649265,6.754787043,4.718554799,2.912861311,6.641786196,4.679152753,4.937777318
1995-06-30,3.054608104,5.461824076,2.545258866,7.130275387,2.238689734,4.462530327,2.248341547,6.319745452,1.171360628,5.064450871,4.03186857,4.307515575,13.56971883,4.980858878,3.856811365,2.561178827,27.99088141,2.216081907,7.846618957,3.004051663,1.408951384,2.905702597,2.5300352,20.03599015,4.512125289,2.379036353,7.647177892,3.22523624,2.637764222,5.430790305,4.285263483,1.29898356,1.891456281,4.358180685,3.157080557,21.31242134,5.252407167,3.830563742,9.812126495,13.41054556,6.879585321,8.011694299,5.23460408,12.61861179,3.11637484,8.131471031,14.49220374,10.31713781,3.493811962,3.059094169,2.181148496,7.152281598,4.234057064,2.570232415,4.224749169,40.10053782,3.787255959,4.822952346,4.441973792,3.290168993,2.982126008,1.735502599,3.367441306,5.020828349,5.349301119,1.441780582,3.0484543,9.022202748,5.616154262,1.556218834,4.498705518,18.55403225,2.239191046,6.748301182,4.778635999,3.155044949,8.384834291,4.416262611,4.286289489
1995-09-30,3.126864608,5.840357935,2.604122226,7.577218514,2.164828247,4.628378022,2.241381225,7.686546331,1.145815335,5.642792234,3.58131484,4.376631143,17.39762222,4.926988929,4.018322367,2.49562652,31.32998155,1.827623499,6.83609819,3.118357084,1.506891712,3.131203557,2.524000581,21.92132498,4.561229783,2.287829876,7.36092528,3.368845246,2.65908507,5.811572023,4.215477885,1.486149766,2.022329937,4.192283862,3.284078816,17.005983,4.394448966,4.042939982,7.909952646,14.55860179,7.819546707,7.333508926,4.285820652,17.35936195,3.03003994,7.054827215,8.851677167,11.11983561,3.649162388,2.842314204,2.310536089,8.223148179,4.500099095,2.453912857,4.107128617,45.25867335,3.451214779,4.912506275,4.880437103,3.00413975,2.824629417,1.944797779,3.472391127,5.232695879,5.827546362,1.63278172,2.807133039,7.576593305,8.952776825,1.711823353,4.447609799,18.84752656,2.452723486,6.644188977,5.145997785,3.231211519,7.101504319,4.062860785,3.140068135
1995-12-31,3.297647864,6.35294529,2.488803477,8.068102322,2.118082173,3.87091412,2.140499116,8.134827744,0.99380127,7.701922964,4.635267348,4.8068868,8.882291683,5.800684336,3.904501019,2.390254867,34.2161278,1.865428233,5.929679445,2.719175237,1.412034382,3.050766983,2.634714675,18.40649428,4.496984333,2.369994077,5.085799432,3.025387972,2.429432062,4.730036831,3.694867642,1.405878421,2.113975992,4.440291376,3.430811666,14.07761618,4.79501701,4.330748851,8.989678988,15.07013682,7.84287668,6.110678259,4.539602256,16.66629212,2.330001688,4.91346009,6.684183488,7.52631853,3.952954869,3.047918697,2.537611611,8.606708073,4.713142952,2.377401275,4.960239414,44.2700815,3.401334522,4.613254594,4.764307402,2.96945413,2.928711281,1.980162266,3.591549599,5.251303784,4.889611308,2.037342504,3.172223523,9.718802001,4.168259937,1.899176377,4.380392759,20.02217315,2.450955843,4.518591013,3.641859564,3.272071056,6.341063582,3.978044445,4.83925953
1996-03-31,3.257006649,6.695887315,2.669870363,8.426491422,2.274936464,3.885311207,2.410510692,7.844037242,0.940498196,7.856882468,4.629318205,4.645657468,11.27433397,5.735216697,4.024526608,2.624682365,34.85571845,2.616700526,6.761582083,3.008183468,1.564475282,3.227814378,2.628923115,18.90767011,4.611896496,2.397215787,6.115105497,2.814264261,2.482486163,5.870270605,4.03252487,1.624921838,2.186870762,4.47268753,3.690553693,15.88084088,5.01319148,4.498178982,8.586860239,11.79236771,9.331130301,6.925006597,4.183324568,12.55504931,2.853414478,5.415392545,6.165272636,6.464373179,4.196981,3.189538407,1.432036698,9.217287349,4.384498802,2.39021496,5.503513725,4.380923341,3.590262027,5.074414692,4.167429946,3.054227951,3.367923206,1.637951477,3.248453709,4.931500176,4.88484713,1.589824212,3.184847033,11.86468738,2.944443311,2.003577689,4.997241552,22.07067186,2.440472656,4.419185244,3.588917638,3.350684122,6.571020353,4.296039936,4.903624762
1996-06-30,3.362263164,7.025212047,2.797188374,9.169474728,2.170120648,3.558142469,2.514376898,7.708497443,1.108782631,8.233065867,4.651938925,4.909624847,14.05328536,5.39328711,4.247914474,2.699336599,32.22827965,2.868936309,5.967281985,3.102772488,1.477154283,3.134942734,2.677558664,26.85381836,4.791005312,2.476598853,6.33173388,2.277699079,2.580067643,4.661316464,4.111978013,1.817397602,2.217532264,5.124931482,3.794693211,17.12349639,5.069007455,4.721533896,9.35900654,13.88037485,8.850349162,5.674907961,4.614818352,13.6616965,3.004095621,4.765743667,5.073949309,6.914442682,3.97918579,3.199432023,1.58268574,9.332536427,4.704087955,2.376850252,5.244115113,55.55094354,3.561750307,4.58650924,4.298283422,2.779251503,3.063675779,1.612234651,2.95214238,4.631705862,4.636720619,2.275677753,3.121665016,10.7655278,2.835332674,2.135429289,5.054572428,19.86141301,2.357058913,4.259949955,3.629174736,3.316984298,5.490649053,4.353495065,4.853556048
1996-09-30,3.28070502,7.13557414,2.946482183,10.17480201,2.369840827,3.105160133,2.578724475,8.703911028,1.395400676,9.596517016,4.867603634,4.807842717,14.28795683,5.70909612,4.194728538,2.580191706,29.21732949,6.174712652,5.199166416,3.004842494,1.580708004,3.069952422,1.925079758,36.69986031,4.95745054,2.589410534,5.732804412,2.200316932,2.540831758,4.903169521,4.364438841,1.538943084,2.341127125,5.293475797,3.681360267,17.14125197,4.86043217,4.859867277,7.621810723,18.19134703,10.05627823,5.461418061,4.900588839,17.38171709,3.76467633,5.313155594,5.845654827,7.917159934,4.26612597,3.046207451,1.687220349,9.932169558,4.80276333,2.325628041,5.462114529,55.67015243,3.34104103,4.660795196,4.515374683,2.989899863,2.965365562,1.620170114,3.178860629,4.686218678,4.226024365,2.432565055,3.007331854,8.616778384,2.702604903,2.406028933,5.522244126,19.92088038,2.398838669,4.114512496,3.909910779,3.532134261,5.354651152,4.311669388,3.71884871
1996-12-31,3.625540037,7.092823632,3.257366246,10.04090247,2.413528984,3.105269301,2.612882233,7.29658927,1.705324073,9.303135449,4.187007965,5.644867815,7.830677576,5.793529246,4.514299657,2.414673013,29.36987277,5.022238371,4.138811531,3.238336683,1.46455189,3.168595582,2.046374125,36.59884017,5.131934787,2.772648024,5.944885154,2.180323279,2.633796224,5.405754803,3.554536323,1.243879547,2.191648635,5.589219443,3.934697291,21.79441937,5.325780557,5.19809181,7.722990592,12.72738285,10.35499545,6.479853933,4.390879348,18.10081523,4.986157822,6.671806001,5.58395169,10.5854302,4.416490394,3.208470969,1.776337807,9.314257837,4.954663684,2.202657943,5.664322099,38.2121762,3.519885575,5.394019221,3.632492699,2.361002295,3.191544829,1.601968283,3.111350509,4.832197821,4.655332102,2.137096337,3.656091471,8.687956801,2.058334681,2.62319062,5.572864123,17.70619937,2.32538113,3.522833032,4.085637625,3.385846003,7.533353811,4.536350752,5.315873393
1997-03-31,3.818715581,7.359617744,3.505420615,10.75433095,2.41936534,3.445600262,2.681128908,7.409907088,1.505738412,9.257126167,3.800898912,5.597710124,9.544174417,5.904648099,4.9551768,2.601464331,23.30762305,6.565751185,3.994528938,3.080355217,1.536063553,3.181108686,2.12444099,26.94574075,4.301423105,2.7796103,4.613516266,2.185081875,2.64421282,4.875078638,4.061282217,1.167406688,2.105234122,5.734970171,4.060767709,21.9003168,5.577591222,5.604594511,7.170782349,11.10327215,8.306297336,6.480978244,4.39169248,18.09924442,4.750613851,6.190496826,6.379959085,10.44798183,4.527311415,3.418458712,1.757150745,9.438359166,4.642800767,2.357466353,6.297072452,3.83890458,2.863896799,5.383140406,3.686007183,2.723732744,3.643761323,1.585099593,3.191969895,5.005909361,4.928186272,1.787863671,3.427012213,9.811706303,1.867745193,2.471942383,5.599711367,28.30708997,2.077853861,3.237917716,4.193408133,3.68147848,6.380757653,4.368918484,5.408996504
1997-06-30,4.308723783,8.286155366,3.682456185,11.23964271,2.559452168,3.870108451,2.740997478,9.195472552,1.353427874,9.538924196,4.25191502,6.151425044,13.36778415,6.280390164,4.882057465,2.679150701,21.86986265,6.425337591,5.397084799,3.197091023,1.524673887,3.041312077,1.946788137,25.46757489,4.251061284,2.8918039,5.487692195,2.348574522,2.737731735,5.655489539,3.903737557,0.967957943,2.223908837,5.598448665,4.23995596,28.27441321,6.101565731,6.200207783,8.785210014,13.78533178,7.96850963,8.734687254,4.401375899,21.96959927,5.787901348,6.884979679,5.123352853,9.786658733,4.24780191,3.680400822,1.864328065,11.50130186,5.09630725,2.634660498,6.78480681,3.580103284,3.258413318,6.254276101,4.15226074,2.810100456,3.119279352,1.648091066,3.233535153,5.211005092,5.110353392,2.109279523,3.038159039,10.69853224,1.960673132,2.387785568,6.230604261,23.74005986,2.217468255,3.213213372,4.170619575,3.788547802,4.195068996,4.69858909,5.203661486
1997-09-30,4.226857681,7.60463499,3.913497137,11.31427014,2.737917528,4.724933803,2.815893302,10.79236678,1.245040336,14.47644322,4.578377054,5.885035482,11.97191497,6.897945384,4.369002656,2.757240989,9.982458691,7.647190624,6.315351357,3.559751318,1.834013315,2.954292513,2.338808838,35.74544859,4.171781851,3.007372961,6.305704327,2.303296807,2.808491313,5.418614073,4.266470613,1.042538516,2.677282515,5.710692505,4.514253272,27.49111021,5.197858184,5.471469323,9.092392092,12.8312425,8.40016074,5.882900761,4.500674896,21.80407178,5.635713877,6.62247728,3.674433164,12.1085416,4.203938027,3.526005198,2.159360875,12.08724259,4.8897416,2.731002368,6.608367685,3.851045653,3.128932688,5.298193281,4.576510027,2.900691014,3.178406548,1.754964335,3.04150697,5.224532451,5.128068034,2.214234286,2.918585929,8.161956471,2.302894046,2.461378147,6.672642798,21.90822455,2.311376806,3.014727194,4.057644794,3.720455344,5.046639466,4.157499463,4.258211205
1997-12-31,4.411724161,8.525083664,3.808464899,12.66150252,2.596824536,4.352938748,2.720833553,9.398784907,1.193471455,13.0295469,3.55387737,5.465568063,7.849599456,7.444097181,4.3970717,2.557775476,23.64839937,5.313353031,6.728435085,3.963334869,1.757984916,2.983600856,2.812280699,37.49522922,4.278630652,2.909884548,5.674694122,2.106684686,2.815741091,5.44347148,3.960311876,0.953268602,1.126719396,5.824694515,4.118167571,23.78416121,5.795794183,5.982965836,10.12535457,10.12147941,6.920063069,5.88487992,4.930779156,22.27677918,6.35099492,6.364802189,4.211132628,8.032014167,4.31917836,3.805889112,2.189692288,11.64507048,4.747015612,2.809281211,6.818883973,3.315763762,2.695503479,5.082855818,4.554683525,2.952916056,3.115704601,1.699918588,3.425851369,5.454773678,5.502930388,2.317591445,2.851461218,8.869993558,2.02544019,2.726481879,5.7690267,20.28126352,1.810511145,2.890775463,3.7872764,3.622034987,3.738972685,4.725270264,6.018996289
1998-03-31,4.48656382,9.129983556,3.628810009,14.29542721,2.682668339,5.131909784,2.636918828,11.69162784,1.415201109,19.18038432,3.006848465,5.412235453,12.24082587,7.520743386,4.164617822,2.891078141,12.06349816,2.607069131,6.041476684,4.325335041,2.197671781,3.286127205,2.422910693,31.47009576,4.177363284,2.761134315,6.028041094,2.210892507,2.766149986,5.475742565,4.540194378,0.981043685,1.341684696,5.927268675,4.307438365,29.8604497,6.393031828,6.002549385,9.434681565,7.705597001,7.194094472,6.976685987,4.862275547,21.42578049,6.744068935,7.540752296,3.055445377,8.394108544,5.12158944,4.019177935,2.1642409,10.91336014,5.079946531,2.78948995,7.683813075,4.040345453,2.73690363,5.886030471,4.759022098,2.767390356,3.434540915,1.770716202,3.432870727,5.76055087,6.439083276,1.993061209,2.976857142,10.44329419,2.21373071,2.363307626,5.331541547,27.17540554,2.154964915,2.782144243,3.088958793,3.518581261,4.478344611,4.626065562,7.09932146
1998-06-30,4.380314901,9.72055214,3.566032664,14.65116545,2.767698834,5.293010348,2.493352225,10.46577646,1.304197325,14.29701345,4.339969604,4.997858694,18.88738079,7.394598646,4.277028967,3.111430581,6.499105501,2.342440774,5.603854929,4.366370295,1.984907692,3.334550361,2.283549398,46.03447367,3.912282897,2.710775268,6.682929368,2.38134925,2.587074315,5.618575553,3.74967101,0.828129395,1.557177796,5.349032414,3.736083358,30.72562172,7.162510045,6.167291627,11.40918632,7.788663211,6.479059265,6.561637944,5.072797744,28.20408395,7.350312704,5.236915979,2.854233823,6.396831507,4.376708708,4.03425435,2.099880343,10.15466751,4.791280693,2.667063651,6.839279066,4.424983761,2.550699223,4.926952853,4.224072164,2.786284773,2.79457141,1.87270687,3.413807884,5.446842885,5.285855517,2.116092452,3.01866031,10.45734635,2.280155564,2.516519729,4.46483533,17.32358437,2.160259386,2.28176064,3.101767224,3.298225802,2.948423915,5.05412002,6.966786715
1998-09-30,4.144486664,9.48206752,3.391165603,10.80474496,2.799127138,4.64527158,2.11886641,9.423126043,1.351738233,6.81866882,4.867413815,4.599361265,10.24400203,7.287626129,4.24119484,2.646211846,4.211812886,1.687197391,3.782337774,3.279722595,1.999390773,2.979955544,2.178414512,37.77477749,3.62482812,2.217110651,6.018466244,1.057084502,2.301176109,5.049737123,3.030195253,0.908906157,1.698024943,5.435480457,3.009963178,28.16242374,6.689349458,4.883844869,11.20638519,10.96894403,6.639772927,6.623833784,4.781268508,24.21418067,6.345327773,4.570651315,3.375313394,5.946746547,4.565182172,3.657483284,1.957806465,12.56229985,4.95875813,2.327556933,5.755930621,5.405261875,2.457996398,5.239288884,4.916121282,3.05183751,2.92059926,1.952276453,3.311586753,5.00580601,6.413201785,2.107481118,2.739530043,9.042932796,1.671819458,2.634118247,3.964991389,23.38783235,1.910973128,2.319206115,3.22694067,3.462917484,3.358821182,5.267921914,5.897972164
1998-12-31,3.88074677,7.584082724,3.091424764,11.31462874,3.044085712,6.075194926,1.771465645,2.606188989,1.564194293,9.971733038,4.103627094,4.556427559,9.740521597,8.109855185,4.831680484,2.820100561,5.83906183,1.651409071,2.78290918,3.436424152,2.19577348,2.938524621,2.304425091,51.632076,3.997038583,2.110077895,7.326661954,2.362000085,2.228229199,5.18228377,2.816881041,0.994000423,1.996038799,5.894206717,2.798401395,30.56957072,8.093373006,5.764899226,15.0425768,15.08873727,7.742192914,10.36399886,6.86084707,45.54709877,8.130147461,5.966628586,4.28287687,8.54439014,4.640179215,4.530434248,2.003883732,15.2343991,4.480974301,2.568950098,6.371152144,2.88838406,2.399589737,5.79029028,6.229204214,2.918989518,3.030747119,2.444396432,2.960670675,4.918129273,6.5879205,1.922242823,2.970325902,13.12110926,1.204572567,2.175951779,3.583450829,17.16806961,1.843641299,2.375487399,3.421261833,3.280109597,3.524608684,5.376705832,8.796478784
1999-03-31,4.78476057,8.503133576,2.994062033,10.26185203,3.174736769,7.206299778,1.717290688,2.609588448,1.447102195,9.902260444,4.849216378,4.70229815,10.33786772,3.366946168,5.061183905,2.993830349,7.07864281,1.475879073,3.085781901,3.232351953,2.173082445,2.878296572,2.122112723,36.7120024,3.479122559,1.929893135,7.83093064,1.810619707,2.271573528,5.03778907,2.904720908,1.200678582,2.109872037,5.286341639,2.634484879,37.43331307,8.20296149,6.145853253,12.53108285,8.86962822,8.821343694,8.383005204,5.218836374,44.64650515,7.982505946,9.384773956,3.408830945,9.235372762,4.082239072,4.702031918,1.87808357,10.96111484,4.294770543,2.386363505,6.763138376,4.199640146,2.200446793,5.639021139,5.12856539,2.801878365,3.298550742,1.954200213,2.826429327,4.810983778,7.659658966,1.814765035,3.178641448,14.06361938,-0.92490317,2.266454991,4.031521178,12.30629922,1.629156365,2.679011296,3.740742352,3.454500141,3.040083118,5.921311286,10.16990997
1999-06-30,5.062609348,8.869659594,2.972543826,9.430967868,3.92903141,9.985900853,1.711067407,3.039791437,1.143397204,6.187372343,5.354900236,5.658831737,14.44523294,3.715573554,5.271843825,2.901132292,5.198941951,1.927848366,3.871614508,3.888995946,2.157565037,2.690459792,2.392958275,55.42375338,3.627401411,2.013502027,7.759815553,1.246917671,2.401011413,5.606361286,3.167092482,1.593865169,2.160196259,5.419189663,2.758267941,29.39228051,5.730201381,5.708246551,13.65044806,13.63058467,6.490733338,10.12546918,5.510310999,24.43830311,8.290595289,10.2172568,5.551947189,11.48725038,3.647334326,6.10774139,1.932463386,9.869480031,4.517947848,2.461000127,6.946018448,4.066691657,2.08286565,6.88319306,4.853068841,2.217942846,2.969828282,2.009387644,2.857746478,4.976641026,6.481607301,1.999056925,3.254618364,12.50244765,-1.695951878,2.16273158,4.270919625,10.345754,1.589647553,2.912934768,3.758146712,3.649722651,3.464142696,6.518684541,11.59544542
1999-09-30,5.105050462,9.325046257,2.730847513,7.603751897,3.715695748,9.453361827,1.774111694,2.831004089,1.255421339,5.247417246,3.457420095,5.828336117,13.35735719,3.423245669,5.601225799,2.661939521,5.064870756,1.69988589,3.644923781,2.166414388,2.14675418,2.334750415,2.338893508,36.44199225,3.388480732,2.298074258,7.112910519,1.96932843,1.650399712,4.467233624,2.8985557,2.057003687,2.271941397,4.993317199,2.597695318,35.65252645,6.14486282,5.175901675,16.90191446,22.96757064,6.458785719,11.16935811,5.665748387,21.89743472,7.229135865,11.44652464,5.073045157,11.26636252,3.260530518,4.218775326,1.87092034,9.189844522,4.558640803,2.010572129,5.991186333,5.080454199,1.92932165,5.149360915,4.146157799,2.217609229,2.95335506,2.042563013,2.800800598,4.709359994,6.446868445,2.13724514,3.19983331,8.999117397,-0.807562548,2.421607995,4.637664079,11.76304575,1.486091104,3.027348315,3.672623896,3.279781779,2.587097467,6.677557924,6.632276836
1999-12-31,4.333880853,8.548188548,2.98640518,8.855926331,3.359592519,10.43417845,2.111973503,3.742616137,1.335767151,8.425710884,3.534474733,6.003546472,13.07129178,3.677318724,5.068293287,2.839144102,11.14067249,2.637814619,6.046167825,2.411863499,2.276405521,2.350392774,2.29021548,62.28572929,3.630767959,2.548702718,8.742179104,1.921956195,1.67518385,4.631578075,2.745068805,3.044987031,2.479294377,4.763548324,2.680537519,35.54789315,6.610292917,5.701083598,20.08275387,38.31242689,4.893241355,15.88846507,5.163422905,27.88543533,6.519152547,15.81831475,7.518540959,16.8844258,3.206730303,4.403332935,1.913088947,8.416638634,4.368385415,1.987269467,5.532442974,4.892604659,1.92111134,7.093652236,4.913578523,2.14889118,2.851217219,2.206400705,2.781723703,4.228899365,6.110167991,2.085323798,3.109949239,11.4192221,0.264900039,2.402697345,4.163521843,9.240889516,1.474603156,2.69463518,3.664330474,3.583178708,3.769838271,6.548787594,8.372471202
2000-03-31,4.482246868,7.17759653,3.304403533,6.810173775,3.678813461,14.42253534,2.404010646,3.967044447,1.141542484,7.77205863,3.421224281,5.473711972,14.08207536,3.84646585,4.054826391,2.82817327,9.004609289,1.969607773,6.769805336,2.484487447,2.233184987,2.06817502,2.294885731,57.60057817,3.806161,2.884051088,10.17774801,1.869443884,1.757240049,4.225851227,3.116580531,2.784015692,2.148168244,5.156436031,2.683562074,32.12985533,6.624256433,3.946452039,15.06716628,20.6737647,5.60060632,21.62071575,4.882880744,34.93049766,6.110926163,22.86299151,12.31930626,21.24219627,3.184939312,4.568412622,1.94492736,11.37263957,3.625392811,1.946424708,5.925974264,5.265676278,1.960734503,8.229237578,3.606704546,2.002399657,3.252943903,1.981414512,2.878207416,4.61642857,11.91395379,1.995579669,3.160377678,9.672611562,2.476152075,2.303587052,5.030486619,10.64356217,1.356159705,2.773733096,3.761055475,3.131021079,3.880257604,5.894593943,9.563580077
2000-06-30,4.638860995,9.592531505,3.523569409,7.609341188,3.463723039,11.80208973,1.978383157,4.690000975,1.317951239,6.863626068,3.629180722,4.840004245,23.5898845,3.769711448,4.202121044,2.934953486,4.416293145,0.572146025,11.1189415,2.415926412,1.99762526,2.234324554,2.229580185,43.29615854,3.442372084,3.140062745,9.772062841,1.72015258,1.851812565,3.796274551,3.047500283,1.771629583,1.940724823,5.537903103,1.804516075,25.61069243,6.734258971,4.077894484,15.25892574,40.4334556,5.208436359,14.70860227,4.646941672,36.00310832,5.735897968,18.03272787,12.43727557,15.65655688,3.422016328,4.25126244,2.19971761,11.42987767,3.769229431,1.965510757,5.329406512,6.480389608,1.914312662,6.385725538,4.417903526,2.020918846,2.375577438,1.275907687,2.743174046,4.561746498,7.742925609,2.45956886,3.003509346,8.443451266,2.707103277,2.355825364,5.800091267,9.654943784,1.394579445,2.74346387,3.671313743,2.90113967,2.689562441,5.647702162,9.35840994
2000-09-30,5.019447122,9.115519604,3.724023799,7.837070532,3.510792177,10.50180794,2.222808406,4.936682184,1.596044395,8.570788032,3.965024592,5.153285701,21.05872527,3.76595075,4.489835376,2.972786585,4.171547113,0.873107081,1.621227134,2.286532819,1.940975517,2.334207499,2.43494219,43.48423597,3.491493907,3.34641199,11.8937652,0.903066042,1.837574487,3.794652383,3.425329858,1.775371524,1.308170387,5.296485415,1.905178029,19.89933673,5.724191972,4.392992315,12.40475918,25.44557619,6.086666522,9.9566411,4.50452055,34.30664001,6.052219357,8.501568548,7.746284938,10.92803355,3.349251559,3.602400517,2.330476003,13.11587788,4.148169834,2.349677742,5.020335108,7.948460266,1.925191802,5.423762624,4.462045678,2.023938607,2.506931591,1.389260889,2.995265318,4.714658479,7.354614837,2.78289301,3.121990525,5.450226196,4.563678612,2.493875816,5.492334225,10.31417362,1.546227965,2.88591937,3.57831916,2.63585284,2.705134158,5.461989285,5.140640153
2000-12-31,4.998467707,9.40645586,2.943544238,9.856894388,2.990547803,11.8224215,2.460570593,5.980543412,1.53918517,8.362947412,4.756311613,6.285703485,13.1449224,3.564179259,5.181933737,2.715986916,5.589521591,0.806139424,1.834955913,2.264630501,1.817525023,2.029788231,2.521506086,34.76972488,3.08107851,3.074790122,9.865182423,0.984908944,1.810636034,4.086161783,3.122716006,1.561057931,1.498006313,5.55762294,2.0326316,14.33664586,6.680029709,4.526655345,13.43007692,18.7846742,5.660210431,10.43824792,4.72696415,37.80736159,7.891643233,8.005925517,10.9503312,9.193251193,3.844703821,4.310366408,2.173271684,10.26191759,4.473400527,2.483080273,6.27178284,5.867590286,2.183966471,4.950880898,3.837644095,1.987415839,2.451890899,1.558389191,3.01307164,4.775464631,7.28939421,2.97450556,3.568484566,7.14932896,6.351788525,2.406584768,6.182660653,8.028397582,1.661691575,2.798629652,3.470509982,2.764389489,3.704063674,6.050068644,5.645576719
2001-03-31,4.875718216,9.063386148,4.900908842,7.470854965,3.377630034,9.834076138,2.552696705,6.344075113,1.536734257,6.878936751,3.808061584,5.152872093,15.45782888,3.429388071,5.015952223,2.876359787,3.534021393,0.90360038,1.508653422,2.234916409,1.972449997,1.742480485,2.597080893,30.10471999,3.455273584,3.345739276,8.103753639,1.224588896,1.981810424,3.986799902,3.325079795,1.50856765,1.343412254,5.56457224,2.104881224,17.29847814,6.373471928,4.117645549,11.27858579,13.66024137,6.170110631,12.77051774,4.46739166,24.12290031,6.926701336,7.327099569,10.75955455,10.57734132,3.97895865,4.324726353,2.016446428,12.34833131,3.960765394,2.40963559,5.870366407,5.252861743,2.330914561,4.320845624,3.899366398,1.978990091,2.567123092,1.571821892,3.02013525,4.706756096,7.469794137,2.759932675,3.63125213,6.151465521,6.05520056,2.434505464,7.00427806,3.536485909,1.594970426,2.784600302,3.930192147,3.001717107,3.491955054,5.754425565,6.480818426
2001-06-30,5.130575244,9.424681182,5.35955697,7.572401974,3.723724956,10.22302822,2.71221032,6.833291785,2.240986392,5.934804914,3.947097574,5.170144266,21.97020569,3.609219408,3.588725682,3.004725394,5.641512584,1.062140666,1.6974981,2.426370896,1.558753967,1.442372388,2.702476596,48.66616733,3.62623696,3.609538616,10.12817069,2.308927293,2.078096745,4.228971467,3.147715641,1.818645087,1.407010995,5.764340394,2.164784287,21.80380744,6.585867211,4.131874756,12.04614148,10.97483472,6.249521045,12.41319171,5.141948773,26.62340493,6.828130147,7.305170838,11.66151601,8.942332626,4.09500529,4.196678372,1.31923343,12.84581684,3.997394903,2.698344395,6.153650018,5.583591571,2.438435276,4.12114076,4.377331866,2.053371472,2.549493104,1.57064847,3.089237355,4.756624687,7.045060606,3.005059167,3.563227376,5.803987457,8.932586737,2.550818776,5.297068341,3.833770794,1.758487505,3.049648193,3.785151662,2.797306768,2.936868261,6.136687503,5.960556034
