Year,Month,Year_Month,RF_HXZ,Mkt-RF_HXZ,ME_HXZ,IA_HXZ,ROE_HXZ,EG_HXZ
1967,1,1967-01,0.3927,8.1852,6.8284,-2.9677,1.9193,-2.1769
1967,2,1967-02,0.3743,0.7557,1.6496,-0.227,3.5395,2.2211
1967,3,1967-03,0.3693,4.0169,2.0026,-1.7789,1.8417,-1.036
1967,4,1967-04,0.3344,3.8786,-0.6898,-2.8756,1.0583,-1.7259
1967,5,1967-05,0.3126,-4.2807,2.8469,2.5239,0.6917,0.1578
1967,6,1967-06,0.2674,2.4199,6.2394,-2.1203,0.3089,-0.4236
1967,7,1967-07,0.3153,4.5784,3.0386,2.3556,-0.6775,-0.1323
1967,8,1967-08,0.324,-0.9048,0.3083,1.7679,-0.6249,0.0961
1967,9,1967-09,0.3177,3.1074,1.723,-0.3387,0.6802,-0.6582
1967,10,1967-10,0.3649,-3.0491,0.7527,-2.3566,3.1968,0.155
1967,11,1967-11,0.3416,0.3765,0.1514,-2.8065,0.7622,0.2299
1967,12,1967-12,0.3565,3.0233,4.5645,0.2695,0.8002,1.5529
1968,1,1968-01,0.3934,-4.0255,5.3224,4.6808,-2.779,1.261
1968,2,1968-02,0.3849,-3.7294,-1.6021,2.7082,-0.3612,3.399
1968,3,1968-03,0.3977,0.188,-2.2336,-1.1412,1.6766,1.1834
1968,4,1968-04,0.4263,9.0295,5.3736,-2.5654,3.6574,-1.812
1968,5,1968-05,0.4672,2.2564,6.663,-2.3027,1.9679,-0.3505
1968,6,1968-06,0.4436,0.6745,-0.4609,2.466,-0.3919,-0.0436
1968,7,1968-07,0.479,-2.6873,-1.1798,2.7648,-2.0599,3.3483
1968,8,1968-08,0.4476,1.3272,2.2095,0.5377,-0.637,1.6268
1968,9,1968-09,0.4203,4.0566,1.4401,-0.5988,-3.4599,-1.2098
1968,10,1968-10,0.4394,0.4255,-0.6893,2.6592,0.53,2.5195
1968,11,1968-11,0.4457,5.4064,2.7772,-1.4016,-0.4025,-0.9356
1968,12,1968-12,0.4249,-3.9304,3.148,2.5763,-0.794,-0.8697
1969,1,1969-01,0.5025,-1.2291,-0.3155,1.1579,-0.0419,0.479
1969,2,1969-02,0.4619,-5.8496,-3.8811,0.8695,1.0745,2.3558
1969,3,1969-03,0.4802,2.66,-0.2917,0.421,1.8681,2.4981
1969,4,1969-04,0.4859,1.5003,-0.1735,0.5309,1.9447,-0.1946
1969,5,1969-05,0.5215,-0.1257,0.3506,1.3994,-0.0812,-0.0395
1969,6,1969-06,0.5137,-7.1923,-4.7278,-0.5881,3.3657,2.4771
1969,7,1969-07,0.552,-7.0331,-2.8932,2.0773,2.0931,3.4183
1969,8,1969-08,0.589,4.6007,0.9935,-2.6235,0.3624,-2.0509
1969,9,1969-09,0.5856,-2.9387,0.7049,0.0549,2.0371,2.7913
1969,10,1969-10,0.5724,5.081,2.8468,-1.4489,-1.0344,-1.1314
1969,11,1969-11,0.5509,-3.8235,-2.0233,0.2104,2.7382,2.283
1969,12,1969-12,0.5846,-2.5834,-3.6195,-0.5031,3.6744,1.7189
1970,1,1970-01,0.5781,-8.0676,3.4625,3.4052,-1.2607,3.2798
1970,2,1970-02,0.6167,5.0779,-2.4815,1.7716,-2.067,0.1127
1970,3,1970-03,0.5542,-1.0373,-1.314,3.3133,-0.8944,2.9901
1970,4,1970-04,0.5286,-11.0383,-4.6397,5.1447,0.3396,5.7065
1970,5,1970-05,0.5546,-6.9458,-3.2371,3.1395,0.2382,3.6207
1970,6,1970-06,0.5546,-5.7634,-1.8945,3.6627,2.5647,3.894
1970,7,1970-07,0.4886,6.949,-0.4326,2.5463,-0.8376,-1.1825
1970,8,1970-08,0.502,4.5098,0.636,-0.8656,-3.3301,-2.0775
1970,9,1970-09,0.5034,4.2154,7.1519,-4.5667,-1.3398,-5.5031
1970,10,1970-10,0.4954,-2.3108,-3.1779,2.9508,5.4955,3.9498
1970,11,1970-11,0.4489,4.6032,-3.6529,0.7995,0.706,2.1987
1970,12,1970-12,0.3786,5.7758,2.7302,0.2507,-1.0452,-0.3328
1971,1,1971-01,0.3777,4.8376,6.8382,-0.2396,-4.2031,-3.1846
1971,2,1971-02,0.3344,1.3927,1.4505,0.6378,2.4361,0.7462
1971,3,1971-03,0.2924,4.1315,2.615,-1.9561,1.9067,-0.3496
1971,4,1971-04,0.2804,3.1513,-0.281,1.3068,-1.1773,-0.8788
1971,5,1971-05,0.3127,-4.0032,-1.4699,0.8408,1.416,0.8228
1971,6,1971-06,0.3505,-0.069,-0.6748,-0.7045,4.3422,2.3488
1971,7,1971-07,0.4272,-4.5182,0.189,2.3804,2.4069,0.6396
1971,8,1971-08,0.4446,3.8106,-2.3059,1.4933,-3.3425,-0.0684
1971,9,1971-09,0.363,-0.8462,0.349,0.0641,2.7781,1.2708
1971,10,1971-10,0.3855,-4.4382,-1.2175,-0.8412,1.8165,2.5146
1971,11,1971-11,0.3506,-0.44,-2.7012,-0.2227,1.6931,1.5323
1971,12,1971-12,0.3152,8.7371,2.6944,-2.0412,-1.4985,-1.5598
1972,1,1972-01,0.285,2.4876,6.705,0.1588,-6.5071,1.966
1972,2,1972-02,0.2659,2.8485,0.459,1.993,1.0478,-0.347
1972,3,1972-03,0.259,0.6398,-1.0197,1.8392,2.1095,1.597
1972,4,1972-04,0.2962,0.2728,0.2422,0.2396,0.7439,0.2792
1972,5,1972-05,0.2942,1.2622,-2.5367,-1.502,2.069,1.2874
1972,6,1972-06,0.28,-2.4172,0.4274,0.0268,3.5905,1.5513
1972,7,1972-07,0.3084,-0.8379,-1.9759,-0.3928,2.1012,3.2058
1972,8,1972-08,0.2988,3.2486,-3.5252,3.5408,-1.5054,0.5063
1972,9,1972-09,0.3546,-1.1495,-1.0696,-1.1251,2.1088,0.4612
1972,10,1972-10,0.3891,0.5271,-3.1006,-0.5007,-0.4427,0.6599
1972,11,1972-11,0.3739,4.5932,-0.9835,2.5964,-4.1062,0.6969
1972,12,1972-12,0.4185,0.5727,-1.7774,-1.3503,3.1279,1.8048
1973,1,1973-01,0.441,-3.2918,-2.3772,0.3555,-0.3811,3.3322
1973,2,1973-02,0.4277,-4.8635,-4.4782,0.1066,-1.0371,1.522
1973,3,1973-03,0.475,-1.3435,-1.6855,0.5066,-1.9078,3.21
1973,4,1973-04,0.5002,-5.6575,-2.9136,3.1132,-0.5363,4.0693
1973,5,1973-05,0.5098,-2.9546,-5.6948,-0.4114,1.6027,1.5846
1973,6,1973-06,0.5379,-1.59,-1.2209,0.4364,-0.1103,2.8658
1973,7,1973-07,0.654,5.0255,7.9616,-5.7477,1.1376,-4.2331
1973,8,1973-08,0.6855,-3.8069,-1.9392,1.6985,1.4899,1.4525
1973,9,1973-09,0.6749,4.7527,5.7352,2.1956,-1.3047,-1.5413
1973,10,1973-10,0.6856,-0.8621,-1.2115,2.6182,0.4903,4.0646
1973,11,1973-11,0.5529,-12.7439,-7.4553,1.9573,-1.1296,2.074
1973,12,1973-12,0.6961,0.6667,-4.5308,2.5183,3.6506,4.6139
1974,1,1974-01,0.6274,-0.1619,11.5564,2.1051,-4.8138,-0.5604
1974,2,1974-02,0.5819,-0.4736,-0.5357,2.0959,-1.0446,1.4267
1974,3,1974-03,0.5677,-2.8245,1.8429,-0.0472,1.8113,1.1782
1974,4,1974-04,0.7949,-5.331,-0.4824,2.3663,2.2129,2.5284
1974,5,1974-05,0.7235,-4.6599,-4.1093,-0.3521,2.3001,0.2895
1974,6,1974-06,0.6892,-2.9154,0.2617,1.5887,1.5607,2.1538
1974,7,1974-07,0.6756,-8.0181,3.5437,4.4292,2.5567,5.6852
1974,8,1974-08,0.594,-9.344,2.2185,3.1493,2.9559,4.8505
1974,9,1974-09,0.7997,-11.7639,2.0304,4.8696,-2.2994,3.3901
1974,10,1974-10,0.5254,16.0666,-5.9413,-1.5064,8.8862,1.0374
1974,11,1974-11,0.5139,-4.4797,-0.8166,2.5432,1.7201,1.3758
1974,12,1974-12,0.7009,-3.4488,-3.8364,2.1589,0.4744,2.046
1975,1,1975-01,0.5387,13.7056,12.447,-0.5177,-11.6181,-5.404
1975,2,1975-02,0.4326,5.557,-1.3808,-1.6716,3.6046,0.6055
1975,3,1975-03,0.4014,2.6678,3.3168,-0.6366,-1.7338,-1.7983
1975,4,1975-04,0.4489,4.2101,-1.3681,-0.0429,3.3684,2.3097
1975,5,1975-05,0.4869,5.141,3.2742,-0.1207,-0.2673,-0.0167
1975,6,1975-06,0.4133,4.8545,1.6189,0.3474,-1.5818,-0.6513
1975,7,1975-07,0.4811,-6.5871,2.9693,1.4388,-1.3503,1.7009
1975,8,1975-08,0.4815,-2.8497,-3.2098,-0.1799,0.6885,1.3638
1975,9,1975-09,0.5575,-4.291,0.6336,1.3519,1.6797,3.3362
1975,10,1975-10,0.5185,5.3413,-4.4872,3.0056,2.6814,2.5424
1975,11,1975-11,0.4127,2.6413,-0.4781,1.5715,0.6636,1.5634
1975,12,1975-12,0.4983,-1.6279,0.2829,-0.0397,-2.2506,0.4649
1976,1,1976-01,0.4402,12.1724,6.7749,1.4885,-2.6663,0.8707
1976,2,1976-02,0.3452,0.3125,6.9275,2.1577,-3.7503,0.8706
1976,3,1976-03,0.4344,2.285,-0.4217,1.7157,2.4346,1.6181
1976,4,1976-04,0.444,-1.5107,-0.5645,-0.7475,-0.3256,0.0357
1976,5,1976-05,0.4124,-1.3766,-1.2464,-0.9763,0.5098,0.3295
1976,6,1976-06,0.4446,4.0397,0.0617,1.3378,-0.0551,0.9442
1976,7,1976-07,0.439,-1.0323,1.1703,0.9278,0.7571,1.6303
1976,8,1976-08,0.4745,-0.6094,-2.0631,-0.618,-0.0043,0.5722
1976,9,1976-09,0.3924,2.1069,-0.2294,-1.4035,1.1188,0.9964
1976,10,1976-10,0.4092,-2.4233,0.711,-1.1201,0.3243,-0.4868
1976,11,1976-11,0.444,0.309,3.4568,-0.2689,-0.4753,0.1493
1976,12,1976-12,0.3579,5.696,3.3012,1.8221,-1.1085,1.0763
1977,1,1977-01,0.3594,-4.0293,6.018,0.99,-2.1441,1.6761
1977,2,1977-02,0.3499,-1.9367,1.0765,0.1256,1.2463,0.4082
1977,3,1977-03,0.3769,-1.3685,1.4446,-0.1641,0.3317,-0.3667
1977,4,1977-04,0.4114,0.114,1.2502,1.2008,0.394,0.7442
1977,5,1977-05,0.3855,-1.4659,1.4996,0.2077,1.7533,2.7093
1977,6,1977-06,0.3716,4.739,3.0932,-0.7021,2.3262,2.9305
1977,7,1977-07,0.3873,-1.6568,1.0074,1.0332,1.7145,2.3918
1977,8,1977-08,0.4993,-1.8072,-0.2586,-0.9021,1.3871,-0.0814
1977,9,1977-09,0.433,-0.2699,1.4255,-0.0303,1.387,1.5202
1977,10,1977-10,0.4943,-4.3863,1.4066,-0.5693,-1.0036,1.1235
1977,11,1977-11,0.4959,3.999,4.5653,1.232,2.5707,1.4899
1977,12,1977-12,0.47,0.2831,1.4645,0.0767,1.2335,1.8089
1978,1,1978-01,0.5374,-6.0473,2.2856,0.9892,-1.6999,0.2845
1978,2,1978-02,0.4941,-1.4121,4.0873,1.3223,0.0683,1.67
1978,3,1978-03,0.5017,2.8714,3.3652,2.5273,0.0172,0.143
1978,4,1978-04,0.5712,7.826,-0.0824,-0.3498,5.5164,0.556
1978,5,1978-05,0.5317,1.7363,3.6659,0.9017,0.5084,0.5451
1978,6,1978-06,0.5369,-1.6885,1.4101,0.4806,1.4368,1.2015
1978,7,1978-07,0.5591,5.102,0.1973,0.2897,1.8154,2.6592
1978,8,1978-08,0.555,3.7437,4.7011,1.1571,1.9141,0.6506
1978,9,1978-09,0.5964,-1.4064,-0.7308,0.2503,-3.5431,-0.844
1978,10,1978-10,0.7498,-11.9724,-10.9771,0.6056,-1.1491,0.9919
1978,11,1978-11,0.7041,2.7187,4.0453,-1.0503,1.2959,1.5463
1978,12,1978-12,0.7372,0.9239,0.4939,-1.0899,2.6744,2.4895
1979,1,1979-01,0.7882,4.2089,4.2959,1.6757,-1.2149,-1.3198
1979,2,1979-02,0.7324,-3.5587,0.3742,-0.4869,-2.391,0.471
1979,3,1979-03,0.8928,5.5859,3.8601,0.7803,2.3604,0.5342
1979,4,1979-04,0.8489,-0.1153,2.3636,0.7971,1.8657,-0.2849
1979,5,1979-05,0.8161,-2.2031,0.5023,-0.0713,-0.6288,0.4436
1979,6,1979-06,0.7858,3.8639,0.8737,-0.8834,-1.0448,-1.7343
1979,7,1979-07,0.841,0.7485,1.2846,0.6496,0.5454,-0.6513
1979,8,1979-08,0.7506,5.5385,1.6195,-0.3274,2.9163,-0.0151
1979,9,1979-09,0.7732,-0.7533,-0.0861,-0.135,0.6865,2.8481
1979,10,1979-10,0.9621,-8.1773,-3.1784,0.0298,0.9917,1.6684
1979,11,1979-11,0.9878,5.2094,2.1556,-2.5351,2.2845,-0.3745
1979,12,1979-12,1.0209,1.7155,3.9693,-1.1101,1.234,-0.1778
1980,1,1980-01,0.7968,5.4954,0.8236,1.3755,1.7091,0.3892
1980,2,1980-02,1.0654,-1.3981,-1.5834,1.6355,2.3128,3.5816
1980,3,1980-03,1.2009,-12.8931,-6.5922,0.758,-1.1889,-1.0137
1980,4,1980-04,1.2865,3.9336,1.3272,1.2171,0.156,1.4404
1980,5,1980-05,0.7883,5.2656,1.4455,-1.3668,-0.9026,-0.7841
1980,6,1980-06,0.6312,3.0379,1.3259,-1.1238,3.0751,0.8495
1980,7,1980-07,0.5281,6.4901,3.7415,-2.2835,-0.4309,-3.3008
1980,8,1980-08,0.5973,1.8483,4.7241,0.636,2.5095,1.5091
1980,9,1980-09,0.8698,2.0676,0.8342,-0.4989,5.1692,2.3078
1980,10,1980-10,0.8912,1.126,1.1598,0.5113,4.0511,2.6543
1980,11,1980-11,0.8895,9.6499,-5.0206,-1.8971,9.0081,0.889
1980,12,1980-12,1.4149,-4.594,1.072,0.9228,-1.3007,0.1451
1981,1,1981-01,0.9957,-4.9937,3.7136,2.4284,-4.8625,0.5626
1981,2,1981-02,1.0685,0.5716,-0.0128,1.8933,0.7188,1.6871
1981,3,1981-03,1.3157,3.4501,3.4407,-1.7882,-1.3251,-1.8552
1981,4,1981-04,1.0756,-2.1749,4.1822,2.3542,1.3307,1.0888
1981,5,1981-05,1.0646,0.1984,2.4679,-0.5217,-0.0417,1.6626
1981,6,1981-06,1.5158,-2.5098,-0.7592,2.7179,-0.0395,1.9106
1981,7,1981-07,1.1915,-1.4902,-1.6009,-1.9549,3.1499,-0.6191
1981,8,1981-08,1.2804,-7.0074,-1.3999,1.212,0.7439,2.2329
1981,9,1981-09,1.2794,-7.1791,-1.6999,3.5847,0.6353,4.0109
1981,10,1981-10,1.1685,4.9279,1.9648,-1.0037,4.7524,-1.0121
1981,11,1981-11,1.103,3.3194,-1.5096,0.4675,0.5365,1.9895
1981,12,1981-12,0.8738,-3.6308,1.2699,1.9064,-0.4911,1.37
1982,1,1982-01,0.7306,-3.1675,-0.2738,2.0678,-1.437,0.8418
1982,2,1982-02,0.9176,-5.8456,0.5093,4.7787,0.3372,3.5564
1982,3,1982-03,1.1077,-1.9771,0.6494,1.7936,-1.6858,2.4457
1982,4,1982-04,1.129,3.2641,0.46,1.1662,1.9106,0.7097
1982,5,1982-05,0.9592,-3.8098,-0.4029,-0.5056,-0.5057,0.9597
1982,6,1982-06,1.071,-3.1715,1.139,2.7958,0.1052,3.4237
1982,7,1982-07,1.021,-3.1604,1.7077,2.0544,2.7536,3.8311
1982,8,1982-08,0.8342,11.0522,-3.4331,-0.505,-1.2626,-2.9382
1982,9,1982-09,0.5118,1.2968,3.0825,1.0496,3.5356,3.5036
1982,10,1982-10,0.5475,11.3367,0.904,-1.0797,-0.7302,-0.9991
1982,11,1982-11,0.7201,4.5867,4.466,1.4721,3.1813,3.8231
1982,12,1982-12,0.6289,0.6062,-0.7888,0.3665,-0.7166,-0.2713
1983,1,1983-01,0.6864,3.5938,2.2053,-0.8305,-2.4005,-1.897
1983,2,1983-02,0.6186,2.5819,3.7613,1.6194,3.0421,2.0265
1983,3,1983-03,0.6326,2.8196,1.5925,2.8987,1.126,2.0409
1983,4,1983-04,0.6918,6.6876,-0.3492,2.1808,0.5583,2.3291
1983,5,1983-05,0.7584,0.4543,6.1099,-1.4387,-3.5765,-3.8352
1983,6,1983-06,0.6661,3.0717,2.0999,-1.1252,1.5529,2.55
1983,7,1983-07,0.6917,-4.0176,0.6757,2.7773,1.1624,2.9885
1983,8,1983-08,0.8342,-0.5699,-4.6776,1.2103,-0.4173,0.3917
1983,9,1983-09,0.7607,0.9031,0.4313,1.3323,3.2539,2.9069
1983,10,1983-10,0.7433,-3.4215,-3.8621,2.641,1.6359,3.69
1983,11,1983-11,0.7199,2.1443,2.08,1.1119,-0.2172,-1.7498
1983,12,1983-12,0.7039,-1.7478,-1.1451,1.3102,-1.5496,1.0791
1984,1,1984-01,0.8083,-1.9566,-1.0195,2.3766,-3.7268,0.8835
1984,2,1984-02,0.7328,-4.7811,-1.8015,0.8912,-0.7739,0.6762
1984,3,1984-03,0.728,0.6341,-0.129,0.6814,-0.6322,1.3017
1984,4,1984-04,0.813,-0.5127,-0.9136,1.0722,2.1374,2.4198
1984,5,1984-05,0.7898,-5.9692,-0.4435,-1.4646,1.78,1.7731
1984,6,1984-06,0.7534,1.8032,0.4576,-2.2742,1.815,0.6613
1984,7,1984-07,0.8755,-2.7914,-2.3059,-1.3356,3.6298,2.97
1984,8,1984-08,0.7963,10.288,0.2282,-0.428,0.9652,0.0264
1984,9,1984-09,0.8293,-0.7721,-0.7184,2.5924,0.1676,1.184
1984,10,1984-10,0.9766,-0.8323,-1.4098,-0.3033,2.6699,1.8111
1984,11,1984-11,0.7334,-1.7642,-1.0611,2.2176,0.7994,1.6373
1984,12,1984-12,0.6923,1.7774,-0.4105,-0.8106,2.5112,1.3006
1985,1,1985-01,0.6474,7.9595,3.4367,-3.4516,0.9888,-1.6525
1985,2,1985-02,0.6033,1.1965,0.7616,1.0958,1.5322,2.2437
1985,3,1985-03,0.616,-0.8419,-2.0585,3.3111,0.9456,2.0324
1985,4,1985-04,0.7565,-0.9972,-0.6881,1.4012,0.1215,1.8021
1985,5,1985-05,0.6062,5.1199,-1.6118,-1.2667,3.243,1.5286
1985,6,1985-06,0.5546,1.263,-0.5444,-0.1402,2.8783,1.6833
1985,7,1985-07,0.6196,-0.7116,2.3504,-0.8343,-1.7883,1.3406
1985,8,1985-08,0.5792,-1.0294,-0.1602,2.0702,0.4266,1.0419
1985,9,1985-09,0.6049,-4.5089,-1.8447,1.9424,1.1445,1.7479
1985,10,1985-10,0.6021,4.049,-0.1913,0.2881,2.233,2.8931
1985,11,1985-11,0.6156,6.4314,-0.2272,-1.643,1.7564,-0.9268
1985,12,1985-12,0.6139,3.9066,0.2882,-1.5031,1.7438,-0.9284
1986,1,1986-01,0.4865,0.7222,1.06,-0.6883,1.653,1.7818
1986,2,1986-02,0.5296,7.1168,-0.3587,-1.4016,2.3756,0.8424
1986,3,1986-03,0.5963,4.8772,0.6255,1.0909,2.0581,1.7081
1986,4,1986-04,0.5341,-1.2943,1.066,-1.576,0.6493,0.0184
1986,5,1986-05,0.4934,4.6065,-1.1507,1.2884,3.3762,0.9818
1986,6,1986-06,0.5246,1.0334,-0.2631,1.6555,5.2598,0.8818
1986,7,1986-07,0.5011,-6.4158,-2.7392,1.3922,2.9692,2.7937
1986,8,1986-08,0.4614,6.0494,-4.3752,3.0475,-2.709,1.6055
1986,9,1986-09,0.4783,-8.6054,0.5503,3.3766,-3.7962,-0.3482
1986,10,1986-10,0.4209,4.6835,-1.7598,0.5282,1.505,0.6012
1986,11,1986-11,0.3924,1.1601,-1.9889,0.3816,1.1185,3.7262
1986,12,1986-12,0.4767,-3.2308,0.8446,1.0676,1.8948,1.6509
1987,1,1987-01,0.4151,12.4378,-1.2374,-1.2555,0.9573,2.8709
1987,2,1987-02,0.4309,4.3777,3.3665,-1.9139,2.0684,-1.0583
1987,3,1987-03,0.5012,1.6042,-0.7151,4.2001,-1.1294,1.3212
1987,4,1987-04,0.4285,-2.0802,-2.4687,0.3054,-1.5336,0.5546
1987,5,1987-05,0.376,0.1095,-1.2157,-0.1208,-2.3436,-0.1604
1987,6,1987-06,0.5031,3.8854,-1.521,1.3763,1.4245,-0.1725
1987,7,1987-07,0.4058,3.8826,-2.0803,0.1168,-1.7888,-0.6461
1987,8,1987-08,0.4744,3.5169,-0.1983,-0.2478,3.8033,2.47
1987,9,1987-09,0.482,-2.6135,0.6269,1.9312,0.5893,1.8371
1987,10,1987-10,0.604,-23.1862,-7.4742,3.3505,0.3321,2.5122
1987,11,1987-11,0.3366,-7.7278,3.269,0.5934,-0.6684,0.9005
1987,12,1987-12,0.2988,6.9067,0.2423,-2.4286,3.8977,1.5001
1988,1,1988-01,0.2762,4.2239,-0.7423,1.3309,-4.0763,-1.7613
1988,2,1988-02,0.4564,4.7515,3.511,-0.597,1.0296,-0.5611
1988,3,1988-03,0.4402,-2.2538,5.7006,1.6541,-2.1572,-2.0542
1988,4,1988-04,0.4577,0.565,0.9345,2.1932,0.6511,0.8805
1988,5,1988-05,0.5051,-0.2815,-1.1958,0.5942,-0.1354,1.2654
1988,6,1988-06,0.4832,4.7832,2.7853,-3.2605,2.2112,1.827
1988,7,1988-07,0.506,-1.2465,0.2162,1.1054,-1.1317,0.0362
1988,8,1988-08,0.5957,-3.2996,0.0323,1.6719,-2.1552,-0.3743
1988,9,1988-09,0.6145,3.2965,-1.4556,-0.42,2.1771,0.8003
1988,10,1988-10,0.6074,1.1583,-2.8125,0.5013,0.056,0.6658
1988,11,1988-11,0.5742,-2.2855,-1.928,1.3928,-0.4884,0.3857
1988,12,1988-12,0.6306,1.4837,2.4204,0.4539,0.7818,0.3588
1989,1,1989-01,0.5766,6.0383,-2.204,0.0107,-0.3507,1.5755
1989,2,1989-02,0.611,-2.2487,2.9516,1.5631,-0.4588,-0.1775
1989,3,1989-03,0.6213,1.6143,1.3323,1.2637,-0.142,0.7625
1989,4,1989-04,0.681,4.3075,-0.9415,-0.2841,1.1641,-0.2366
1989,5,1989-05,0.8006,3.3236,0.0394,0.1016,1.1975,0.4101
1989,6,1989-06,0.7147,-1.3768,-0.7322,1.593,-0.1521,-0.945
1989,7,1989-07,0.704,7.1683,-3.464,-0.4503,4.9063,2.513
1989,8,1989-08,0.6684,1.5108,0.484,-0.4255,1.6506,0.1417
1989,9,1989-09,0.6387,-0.755,0.7698,1.1982,1.6439,1.9521
1989,10,1989-10,0.682,-3.6616,-3.3543,1.2994,1.4077,2.3565
1989,11,1989-11,0.634,1.0795,-1.3397,1.6323,0.2405,-0.6155
1989,12,1989-12,0.5941,1.1758,-1.9468,1.5752,1.0677,2.4412
1990,1,1990-01,0.5852,-7.8121,-1.2188,0.925,0.0355,-0.2233
1990,2,1990-02,0.5818,1.1004,1.1796,-1.0948,-0.3925,0.0922
1990,3,1990-03,0.638,1.8341,1.2208,-0.3645,2.2864,1.6764
1990,4,1990-04,0.6829,-3.3489,-0.4983,-0.7918,1.9801,0.5974
1990,5,1990-05,0.6404,8.4547,-1.6377,-0.8618,3.7369,2.6182
1990,6,1990-06,0.5898,-1.0524,1.845,0.2453,2.2253,-0.2247
1990,7,1990-07,0.6704,-1.8917,-2.4684,4.0112,2.5571,0.0433
1990,8,1990-08,0.6154,-10.075,-4.526,3.7203,-0.9983,1.2578
1990,9,1990-09,0.5984,-6.1098,-3.4191,2.6212,-0.4552,2.6916
1990,10,1990-10,0.6559,-1.8955,-5.0423,0.2605,2.077,3.0868
1990,11,1990-11,0.5651,6.3398,0.4489,-3.9833,1.5215,-0.8148
1990,12,1990-12,0.5989,2.4606,1.3158,-1.9466,3.8535,1.5238
1991,1,1991-01,0.4637,4.7365,3.3624,-3.9503,0.1591,1.585
1991,2,1991-02,0.4767,7.1852,3.6299,0.1463,-1.2402,-0.6823
1991,3,1991-03,0.4391,2.6593,3.9312,-0.9285,1.6779,0.1004
1991,4,1991-04,0.5335,-0.2776,-0.7093,0.4677,1.3981,0.6058
1991,5,1991-05,0.4461,3.6749,-0.5648,-1.9526,-0.7118,-1.0608
1991,6,1991-06,0.4171,-4.9395,0.0591,0.6135,1.3683,0.4787
1991,7,1991-07,0.484,4.2401,-0.5407,-0.642,3.047,0.3891
1991,8,1991-08,0.461,2.3149,1.2954,-0.0464,1.1455,-0.2482
1991,9,1991-09,0.4558,-1.5905,1.8119,-0.824,-0.367,0.2138
1991,10,1991-10,0.4246,1.2858,0.554,1.3506,-0.0233,3.2052
1991,11,1991-11,0.3915,-4.1854,-0.2715,0.2786,3.3179,0.4173
1991,12,1991-12,0.3792,10.8282,-1.4904,-2.0414,6.7612,-0.4691
1992,1,1992-01,0.3059,-0.5529,8.3502,1.5127,-4.1068,1.542
1992,2,1992-02,0.2828,1.0845,1.4008,2.2591,0.7471,2.2073
1992,3,1992-03,0.3376,-2.6549,-1.2085,1.9963,1.013,1.9936
1992,4,1992-04,0.3303,1.0759,-6.9442,1.7888,-1.7091,1.9739
1992,5,1992-05,0.2758,0.2994,-0.2592,0.2978,-0.2058,-0.7497
1992,6,1992-06,0.3201,-2.3292,-2.639,0.6456,1.0292,0.7977
1992,7,1992-07,0.2892,3.7907,-0.8361,0.4045,2.5413,0.0568
1992,8,1992-08,0.2605,-2.3769,-0.3076,-0.7904,1.5188,-0.9025
1992,9,1992-09,0.2573,1.1928,0.6785,-0.3989,2.3975,-0.8834
1992,10,1992-10,0.2286,1.0161,1.5448,-0.374,2.1272,0.5956
1992,11,1992-11,0.2346,4.1278,3.6819,-1.1853,0.9419,-0.1673
1992,12,1992-12,0.227,1.5884,2.7386,1.4042,1.8351,1.0356
1993,1,1993-01,0.2335,0.9302,2.3192,2.9756,-1.4524,0.0222
1993,2,1993-02,0.2209,0.1217,-3.3245,3.6485,-1.4498,2.3909
1993,3,1993-03,0.2538,2.3137,-0.0213,0.9153,1.8026,0.5161
1993,4,1993-04,0.2372,-3.0466,-1.1614,1.2062,-3.0094,2.0753
1993,5,1993-05,0.2168,2.8843,1.8028,-0.8324,-0.5745,-0.3593
1993,6,1993-06,0.2756,0.2822,1.5873,1.8188,3.0181,1.4058
1993,7,1993-07,0.2402,-0.344,1.3951,1.4477,-0.5825,0.7912
1993,8,1993-08,0.253,3.7117,-0.0209,-0.0505,0.4747,0.7651
1993,9,1993-09,0.2356,-0.1005,3.1012,0.2582,0.9326,1.4091
1993,10,1993-10,0.221,1.4172,0.4139,-0.5567,-1.4235,-1.1779
1993,11,1993-11,0.2477,-1.8646,-1.8754,-0.7414,-0.7395,0.1227
1993,12,1993-12,0.2263,1.6454,2.1113,-0.2615,2.3815,2.2577
1994,1,1994-01,0.2503,2.8669,0.1606,1.124,-0.9212,0.9317
1994,2,1994-02,0.212,-2.5444,2.6566,-0.4777,2.6552,1.6046
1994,3,1994-03,0.2469,-4.7556,-0.9444,0.9631,0.2169,1.2552
1994,4,1994-04,0.2711,0.6802,-0.8153,1.284,1.5378,1.5313
1994,5,1994-05,0.315,0.58,-1.9768,0.5332,-0.7439,1.2084
1994,6,1994-06,0.3118,-3.0373,-0.8432,0.8985,0.1798,1.3259
1994,7,1994-07,0.2751,2.8161,-1.4321,0.4259,0.7148,-0.1256
1994,8,1994-08,0.3687,4.0148,2.0904,-0.6915,2.061,2.6728
1994,9,1994-09,0.3659,-2.2829,2.2081,0.5879,1.0911,0.8939
1994,10,1994-10,0.384,1.3466,-1.8201,0.1613,0.3556,2.476
1994,11,1994-11,0.3691,-4.0276,0.5354,-1.0042,1.3703,1.4396
1994,12,1994-12,0.443,0.859,1.1739,1.2933,3.9844,3.6683
1995,1,1995-01,0.4156,1.7977,-2.4308,-0.0027,-0.063,1.1994
1995,2,1995-02,0.3983,3.6322,-0.6967,-0.8485,0.5097,1.2135
1995,3,1995-03,0.4134,2.2357,-1.2145,0.1685,1.2654,0.7734
1995,4,1995-04,0.445,2.1075,-0.0076,0.0068,0.142,3.4525
1995,5,1995-05,0.5355,2.8934,-2.2038,0.8586,-1.0066,1.4665
1995,6,1995-06,0.4714,2.7151,3.219,-1.7465,2.1275,1.8058
1995,7,1995-07,0.4522,3.7121,1.7624,-2.5443,0.9451,0.3082
1995,8,1995-08,0.4637,0.5526,2.3538,2.1996,0.1383,1.2945
1995,9,1995-09,0.4309,3.351,-0.7905,1.9328,1.3917,3.123
1995,10,1995-10,0.4714,-1.5134,-5.0247,0.7822,2.7798,4.4585
1995,11,1995-11,0.4108,3.9618,-0.7575,1.1261,-0.2398,-1.2685
1995,12,1995-12,0.4882,1.0389,0.6315,3.1163,0.2794,0.4029
1996,1,1996-01,0.4278,2.2549,-2.6865,2.451,-1.5087,1.4014
1996,2,1996-02,0.3908,1.3294,2.7354,-0.9876,3.1394,0.7299
1996,3,1996-03,0.3943,0.728,1.873,-0.6897,0.2756,-1.3197
1996,4,1996-04,0.4579,2.0645,5.1852,-1.8073,2.8673,1.1692
1996,5,1996-05,0.3982,2.3872,4.4631,1.0265,1.864,-1.4412
1996,6,1996-06,0.4,-1.134,-4.2992,1.7381,0.866,1.7042
1996,7,1996-07,0.4497,-5.9557,-3.3585,2.0165,2.415,2.9389
1996,8,1996-08,0.4122,2.7697,2.4811,-1.8529,0.1305,-1.3885
1996,9,1996-09,0.4375,5.0076,-1.4457,-1.7381,2.2071,2.9315
1996,10,1996-10,0.4246,0.8672,-2.4195,3.6633,1.8831,3.2276
1996,11,1996-11,0.3941,6.2603,-3.5327,-1.3109,0.8165,5.3891
1996,12,1996-12,0.4404,-1.6784,3.3237,1.2254,0.9371,1.7252
1997,1,1997-01,0.4014,5.0141,-0.795,-0.6466,1.8159,2.5869
1997,2,1997-02,0.3788,-0.4744,-2.4667,2.9153,-1.5374,0.5919
1997,3,1997-03,0.431,-5.0208,-0.5279,1.7515,1.7708,0.2064
1997,4,1997-04,0.4313,4.0341,-4.7258,-1.8801,3.8599,3.018
1997,5,1997-05,0.4263,6.7947,5.0194,-3.2305,-0.2201,-1.4875
1997,6,1997-06,0.3744,4.0843,1.0326,0.2313,2.1092,0.1205
1997,7,1997-07,0.4294,7.3144,-1.4173,-3.0399,1.2853,1.2828
1997,8,1997-08,0.4058,-4.0945,7.4961,-0.7059,-1.4198,0.4387
1997,9,1997-09,0.4576,5.3255,2.435,-0.1259,-1.0418,-2.61
1997,10,1997-10,0.3911,-3.7622,-1.0927,2.6609,-1.0477,-1.4188
1997,11,1997-11,0.3773,2.9975,-5.5217,2.8803,1.4029,3.6357
1997,12,1997-12,0.4629,1.3478,-2.2245,2.2364,1.5724,-2.4011
1998,1,1998-01,0.4204,0.1508,-1.216,-1.2061,2.1884,2.597
1998,2,1998-02,0.3847,7.0319,1.0586,-2.453,1.1388,-0.2961
1998,3,1998-03,0.4485,4.7027,-0.3378,0.4996,-0.1759,-1.0942
1998,4,1998-04,0.4308,0.7319,0.4966,0.1837,-0.1992,2.2962
1998,5,1998-05,0.3805,-3.04,-2.6343,2.2555,1.7795,1.0565
1998,6,1998-06,0.4021,3.1842,-3.2848,-1.5148,3.159,0.4236
1998,7,1998-07,0.3873,-2.407,-5.7048,1.8843,0.9703,2.808
1998,8,1998-08,0.4012,-16.024,-6.1864,5.4602,3.0578,6.7132
1998,9,1998-09,0.3875,6.2598,-2.0594,-3.0814,-1.8263,1.275
1998,10,1998-10,0.3353,6.97,-2.1685,-0.9607,0.6384,-0.5154
1998,11,1998-11,0.3233,6.0495,0.8957,-0.0256,1.37,1.295
1998,12,1998-12,0.3779,6.1316,-1.8735,-2.9332,2.9291,-2.2554
1999,1,1999-01,0.3494,3.4923,-1.8912,-4.4699,-3.2508,-1.0676
1999,2,1999-02,0.3372,-4.0599,-4.2284,4.8135,0.016,0.011
1999,3,1999-03,0.4076,3.4926,-5.5833,0.3158,-0.6922,0.3997
1999,4,1999-04,0.3784,4.3247,3.9806,2.6555,-5.152,0.444
1999,5,1999-05,0.3463,-2.4584,4.945,0.4504,0.6804,1.8903
1999,6,1999-06,0.4098,4.7476,3.1512,-2.1112,2.391,4.329
1999,7,1999-07,0.3658,-3.4774,2.264,3.4338,1.0281,1.9786
1999,8,1999-08,0.3876,-1.3697,-1.5497,-1.1989,-0.0297,4.6299
1999,9,1999-09,0.3705,-2.7546,1.7307,-1.3826,-0.1695,-1.0359
1999,10,1999-10,0.3581,6.117,-5.6493,0.3316,2.0317,1.7882
1999,11,1999-11,0.3811,3.3602,5.7518,-3.931,-3.0073,1.1586
1999,12,1999-12,0.3764,7.753,4.1765,-5.4904,-5.4444,-0.6029
2000,1,2000-01,0.4343,-4.761,5.6171,2.9355,-4.9998,0.6306
2000,2,2000-02,0.4295,2.4578,22.1445,-5.3931,-7.5531,-3.1129
2000,3,2000-03,0.4377,5.2266,-14.402,1.835,7.6849,3.508
2000,4,2000-04,0.4595,-6.378,-4.8609,3.7873,8.7094,5.105
2000,5,2000-05,0.4782,-4.3692,-4.595,0.5085,0.0196,3.7028
2000,6,2000-06,0.3744,4.6557,10.2649,-3.3905,-4.7546,-1.8045
2000,7,2000-07,0.4772,-2.42,0.995,2.2468,3.4292,3.2749
2000,8,2000-08,0.5002,7.0279,0.4492,-0.7996,-2.082,-1.098
2000,9,2000-09,0.5093,-5.4345,1.6354,5.2247,2.1026,0.7955
2000,10,2000-10,0.5217,-2.7431,-2.223,2.9226,7.3215,6.4705
2000,11,2000-11,0.4966,-10.6882,1.5397,7.4487,10.3593,10.9018
2000,12,2000-12,0.4909,1.195,4.6807,6.3542,5.186,0.5126
2001,1,2001-01,0.5243,3.2558,2.7241,-7.1285,-10.7883,-6.1594
2001,2,2001-02,0.3653,-10.0211,2.8908,9.2225,5.1517,6.3589
2001,3,2001-03,0.432,-7.2656,2.9527,3.7571,3.4588,2.6585
2001,4,2001-04,0.3864,7.9365,-0.9199,-3.754,0.0915,-5.4515
2001,5,2001-05,0.3183,0.6848,4.3574,2.3801,-2.5149,-0.2513
2001,6,2001-06,0.2778,-1.9317,6.7188,-1.7997,-0.7915,1.9723
2001,7,2001-07,0.2999,-2.1314,-2.1193,1.3768,3.9507,5.5121
2001,8,2001-08,0.2996,-6.3871,2.3699,5.641,4.3155,5.6455
2001,9,2001-09,0.273,-9.2292,-4.9253,2.8644,9.192,5.7667
2001,10,2001-10,0.2154,2.4886,3.4911,-2.9706,-4.3929,-0.5555
2001,11,2001-11,0.1749,7.5282,-1.3907,-1.1391,-8.4893,-2.9927
2001,12,2001-12,0.1484,1.6086,5.3189,-0.1761,0.5421,-2.257
2002,1,2002-01,0.139,-1.4322,0.7237,3.2498,0.3033,4.2877
2002,2,2002-02,0.1285,-2.2918,-0.4922,4.4456,5.3235,3.7643
2002,3,2002-03,0.1341,4.238,4.6097,0.7761,-4.7001,-0.5528
2002,4,2002-04,0.1546,-5.2053,7.5846,4.0731,5.4639,4.0819
2002,5,2002-05,0.1442,-1.3564,-3.1795,2.1865,1.8111,0.6156
2002,6,2002-06,0.1312,-7.2084,3.5661,3.5485,4.9409,0.5052
2002,7,2002-07,0.1507,-8.19,-6.3911,1.9786,6.7016,4.9683
2002,8,2002-08,0.1402,0.4931,0.0007,-0.8574,2.5491,-1.7192
2002,9,2002-09,0.1414,-10.3255,3.12,-2.1364,4.4049,1.1299
2002,10,2002-10,0.1334,7.8302,-5.1206,0.2843,-4.5614,1.5123
2002,11,2002-11,0.1166,5.9526,1.496,3.2719,-11.1725,-3.1022
2002,12,2002-12,0.1079,-5.7527,0.0671,-2.2589,5.3188,2.2776
2003,1,2003-01,0.0934,-2.5616,-0.9824,0.6982,-0.589,0.7808
2003,2,2003-02,0.0871,-1.8827,-2.0245,-0.1272,0.8778,1.3997
2003,3,2003-03,0.102,1.0908,1.4039,-0.1257,3.4092,-0.9347
2003,4,2003-04,0.0939,8.1807,2.3547,1.0369,-4.4513,-2.9391
2003,5,2003-05,0.0903,6.0466,3.8174,1.848,-8.2331,-1.6245
2003,6,2003-06,0.0984,1.4214,2.221,-1.0629,1.0948,-0.1291
2003,7,2003-07,0.0674,2.3358,4.3762,2.3405,-1.7422,-0.8789
2003,8,2003-08,0.0689,2.3281,2.2397,2.3621,-1.2384,-1.6327
2003,9,2003-09,0.0865,-1.2401,0.6889,0.2279,1.2631,2.3261
2003,10,2003-10,0.07,6.0782,3.0474,1.031,-1.7507,-0.5642
2003,11,2003-11,0.0725,1.3471,2.1957,2.3052,0.7767,0.5379
2003,12,2003-12,0.0831,4.2829,-2.7811,0.774,-1.7394,-1.3486
2004,1,2004-01,0.0696,2.1524,3.1121,2.0585,-2.4364,0.837
2004,2,2004-02,0.0623,1.3997,-0.3075,-0.8855,2.1354,-0.0152
2004,3,2004-03,0.0844,-1.3162,2.5218,-0.7352,1.7567,-1.0578
2004,4,2004-04,0.0795,-1.8093,-3.2185,-2.9001,0.0193,1.427
2004,5,2004-05,0.0603,1.1743,-0.3819,0.551,1.068,-0.2178
2004,6,2004-06,0.0817,1.8607,2.2399,-0.2618,0.5621,0.6322
2004,7,2004-07,0.0919,-4.0402,-3.3502,-0.9772,2.4066,3.0646
2004,8,2004-08,0.1116,0.0745,-1.5163,-1.1997,-1.2272,0.176
2004,9,2004-09,0.1185,1.5944,3.7951,-2.2121,-0.2123,-1.6176
2004,10,2004-10,0.1129,1.425,-0.7841,0.584,-1.4399,0.0033
2004,11,2004-11,0.1541,4.5313,4.4728,-0.4263,-1.1342,-1.6565
2004,12,2004-12,0.1672,3.4169,-0.0411,0.3018,-0.8598,-1.1293
2005,1,2005-01,0.1661,-2.7538,-0.3941,-0.4036,3.2457,1.2576
2005,2,2005-02,0.1641,1.8819,0.1469,0.2917,3.5726,0.6662
2005,3,2005-03,0.2123,-1.9348,-1.7448,0.9394,0.535,1.8949
2005,4,2005-04,0.2072,-2.6089,-4.4794,-1.4563,-1.1019,2.1604
2005,5,2005-05,0.2395,3.6511,2.9656,-0.0579,0.9641,0.4258
2005,6,2005-06,0.2263,0.5711,3.8096,-0.1983,-0.4264,-0.4162
2005,7,2005-07,0.2383,3.9142,2.7306,-2.0741,-0.2056,-0.4032
2005,8,2005-08,0.292,-1.1886,-0.7896,0.2365,-0.6858,-0.6057
2005,9,2005-09,0.2848,0.4859,0.0058,-0.0283,0.858,0.2596
2005,10,2005-10,0.2728,-2.044,-0.5145,-0.3185,1.1029,-0.5479
2005,11,2005-11,0.3045,3.6182,1.2181,-1.0467,0.7767,-0.6024
2005,12,2005-12,0.316,-0.2427,-0.0272,0.8832,0.2219,1.0851
2006,1,2006-01,0.3488,3.0346,6.4411,-0.6827,-0.2638,0.8754
2006,2,2006-02,0.3322,-0.2924,-0.3886,2.4367,-1.0088,-1.0037
2006,3,2006-03,0.3642,1.4637,3.1184,-1.346,0.7682,-0.7847
2006,4,2006-04,0.3559,0.7325,-0.304,0.3425,0.8234,-0.1292
2006,5,2006-05,0.4195,-3.5448,-3.5175,1.325,-0.0888,-1.598
2006,6,2006-06,0.397,-0.3492,-0.3336,-0.3929,1.043,0.6258
2006,7,2006-07,0.3976,-0.776,-3.1601,1.3515,0.545,3.2009
2006,8,2006-08,0.4283,2.0201,0.4272,1.9357,-1.3436,-0.1446
2006,9,2006-09,0.4047,1.8459,-0.9658,0.9846,0.6327,0.9511
2006,10,2006-10,0.4076,3.2203,1.9769,0.2011,-0.2861,0.445
2006,11,2006-11,0.4243,1.7004,0.3938,-1.5991,0.485,-0.8997
2006,12,2006-12,0.4036,0.8643,-0.0015,1.8288,-0.5587,-1.2249
2007,1,2007-01,0.4328,1.3927,-0.095,0.6304,0.0206,0.0683
2007,2,2007-02,0.3837,-1.956,1.4278,-0.9739,-0.7456,-0.0687
2007,3,2007-03,0.4257,0.6903,-0.1825,-1.1944,0.4356,-0.2037
2007,4,2007-04,0.4348,3.4826,-1.7342,0.848,0.5436,1.1127
2007,5,2007-05,0.4046,3.2406,-0.2543,-2.3087,0.5236,0.1331
2007,6,2007-06,0.3918,-1.949,0.5452,0.9511,1.2065,-0.5925
2007,7,2007-07,0.3962,-3.7107,-3.0159,-2.2891,1.6369,0.0496
2007,8,2007-08,0.4205,0.9173,-0.8207,-1.3054,0.9418,0.4942
2007,9,2007-09,0.3347,3.2019,-2.4039,-3.2183,1.6356,-0.4745
2007,10,2007-10,0.3212,1.802,0.377,0.4577,1.2265,0.3453
2007,11,2007-11,0.3395,-4.8017,-3.0218,0.1851,3.588,1.4361
2007,12,2007-12,0.2921,-0.8795,0.6489,-0.6012,2.3193,1.0642
2008,1,2008-01,0.243,-6.3712,-0.7217,1.3807,-0.2969,-0.8164
2008,2,2008-02,0.1325,-3.0844,-0.8748,-1.5137,1.7981,1.36
2008,3,2008-03,0.1869,-0.9533,0.5805,-0.353,2.3754,-0.0305
2008,4,2008-04,0.1025,4.6755,-0.9362,-2.312,-0.8075,3.3207
2008,5,2008-05,0.0946,1.942,2.5324,-0.3546,-0.3367,0.0761
2008,6,2008-06,0.175,-8.4279,1.8834,-0.1934,6.3621,1.0367
2008,7,2008-07,0.144,-0.7579,5.9805,1.8218,0.013,-0.0734
2008,8,2008-08,0.1282,1.5212,1.8217,0.9425,-0.8718,2.079
2008,9,2008-09,0.153,-9.292,0.6312,3.16,1.5902,3.4513
2008,10,2008-10,0.0792,-17.1779,-3.4757,1.0558,5.8964,6.7538
2008,11,2008-11,0.0228,-7.7499,-5.2005,0.5052,3.5072,2.1843
2008,12,2008-12,0.0029,1.7427,3.6023,-2.345,-0.5559,-0.8413
2009,1,2009-01,0.0023,-8.059,-2.9342,-0.9212,-0.7728,2.4051
2009,2,2009-02,0.0147,-10.0887,-1.5731,-1.854,2.9625,2.8875
2009,3,2009-03,0.0159,8.9657,0.9871,-0.448,-3.3694,0.0801
2009,4,2009-04,0.0125,10.1649,7.2758,3.5028,-13.8308,-1.7966
2009,5,2009-05,0.0017,5.2051,-1.3216,-2.419,-3.3204,-0.5583
2009,6,2009-06,0.0075,0.4284,3.7486,0.5164,0.8967,2.4952
2009,7,2009-07,0.0119,7.7115,1.6913,1.9781,-4.8913,-1.0288
2009,8,2009-08,0.0116,3.3288,0.8676,2.2617,-2.6003,-1.5815
2009,9,2009-09,0.0079,4.0766,2.4647,-1.1549,-2.8169,-2.6301
2009,10,2009-10,0.004,-2.5535,-4.6122,-0.2446,3.9462,2.9368
2009,11,2009-11,0.0004,5.5693,-2.3833,-0.3542,1.0291,-0.3254
2009,12,2009-12,0.0062,2.746,4.8164,-0.183,-1.8549,-0.1478
2010,1,2010-01,0.0028,-3.3484,0.3752,0.6789,-1.067,-0.6848
2010,2,2010-02,0.001,3.3894,1.5236,0.7583,-1.0406,-0.5169
2010,3,2010-03,0.0068,6.3066,2.0221,1.5744,-0.5104,-1.6988
2010,4,2010-04,0.0111,1.9985,3.9038,3.0529,-2.4888,-2.3485
2010,5,2010-05,0.0112,-7.8916,0.048,-0.4512,2.7156,1.7369
2010,6,2010-06,0.0127,-5.5539,-2.3714,-2.4633,1.3288,1.9251
2010,7,2010-07,0.0142,6.9082,0.4811,1.2242,-0.8529,0.3616
2010,8,2010-08,0.0126,-4.7708,-3.6375,-1.777,-0.5599,-0.6431
2010,9,2010-09,0.0125,9.5407,3.9493,1.1572,0.509,0.0482
2010,10,2010-10,0.0112,3.8684,0.6884,-0.0067,0.6453,0.4416
2010,11,2010-11,0.0114,0.5951,3.6487,1.8594,-0.0799,-0.6138
2010,12,2010-12,0.014,6.8135,0.4459,3.0261,-3.6697,-2.2446
2011,1,2011-01,0.0066,1.9888,-2.0115,1.316,0.5566,-1.3438
2011,2,2011-02,0.0122,3.4831,1.3916,1.4321,-1.6578,-0.8146
2011,3,2011-03,0.0067,0.4538,1.8477,-0.1252,-0.9511,0.2831
2011,4,2011-04,0.0053,2.8931,-0.8838,-0.9693,1.5871,1.0881
2011,5,2011-05,0.0013,-1.2686,-0.8715,-1.0161,0.1308,1.3797
2011,6,2011-06,0.0035,-1.7419,0.4603,-1.152,2.8109,1.0009
2011,7,2011-07,-0.0028,-2.3484,-1.7742,-2.0383,0.7348,0.659
2011,8,2011-08,0.0083,-5.9801,-3.7196,-1.3168,2.562,2.7195
2011,9,2011-09,-0.0001,-7.5695,-4.7805,0.0766,-0.7641,4.899
2011,10,2011-10,0.0014,11.3322,5.1816,-0.5881,2.1402,-1.7028
2011,11,2011-11,0.0004,-0.2796,-1.1334,1.5253,0.5804,1.2147
2011,12,2011-12,0.0,0.7396,0.1225,2.6695,1.1493,-0.6067
2012,1,2012-01,-0.0002,5.0531,2.7843,-0.574,-0.6313,-1.312
2012,2,2012-02,0.0031,4.4179,-0.6734,0.0789,0.2919,0.0126
2012,3,2012-03,0.0046,3.1094,0.7124,1.4304,1.6581,1.7917
2012,4,2012-04,0.0029,-0.8431,-1.1503,0.9546,1.001,-0.3668
2012,5,2012-05,0.0065,-6.17,-0.8859,2.6812,1.6158,2.338
2012,6,2012-06,0.0022,3.8919,1.492,1.0221,-1.7624,0.3348
2012,7,2012-07,0.0032,0.7869,-3.0753,0.5147,1.5424,0.9827
2012,8,2012-08,0.005,2.5482,1.4133,-1.4557,-0.497,-0.4037
2012,9,2012-09,0.0067,2.7322,1.1788,1.1835,0.1886,-0.6752
2012,10,2012-10,0.0037,-1.7522,0.2195,1.8577,0.4583,-3.7334
2012,11,2012-11,0.0085,0.7763,0.3565,0.8219,1.7153,0.152
2012,12,2012-12,0.0103,1.1754,2.4232,-0.8302,-1.9967,-2.6321
2013,1,2013-01,0.0022,5.5689,0.1915,1.5404,-2.0971,-1.638
2013,2,2013-02,0.0054,1.2861,-0.615,0.7541,0.1036,0.4262
2013,3,2013-03,0.0041,4.0325,1.0765,1.292,0.487,-1.161
2013,4,2013-04,0.0037,1.5536,-2.8557,0.1152,-1.0136,-0.2819
2013,5,2013-05,0.0012,2.8026,3.5166,-1.6526,-0.3975,-1.4219
2013,6,2013-06,0.0013,-1.1911,0.7617,0.7006,-0.1341,0.5964
2013,7,2013-07,0.0009,5.6431,2.0945,0.6474,-0.4746,-1.124
2013,8,2013-08,0.0009,-2.7045,-0.208,-1.7841,0.5497,0.1587
2013,9,2013-09,0.0008,3.7668,2.4397,-0.7254,-0.9967,-1.0133
2013,10,2013-10,0.0017,4.1692,-1.6177,1.1611,1.337,0.7823
2013,11,2013-11,0.0032,3.1221,1.9293,0.0148,1.5473,1.2051
2013,12,2013-12,0.0023,2.8045,-0.4381,0.7392,-0.1739,-1.7385
2014,1,2014-01,0.0012,-3.3179,0.3303,-0.2918,-2.3112,0.3524
2014,2,2014-02,0.0045,4.6487,-0.3064,-0.6297,-1.4762,-0.0343
2014,3,2014-03,0.0028,0.431,-0.1623,2.7038,1.7701,1.5579
2014,4,2014-04,0.0015,-0.188,-4.6866,0.8015,1.0756,0.6894
2014,5,2014-05,0.0008,2.0606,-2.0366,-0.9378,-0.6562,0.5021
2014,6,2014-06,0.002,2.6075,2.2426,-2.6584,-2.5842,0.2626
2014,7,2014-07,0.0013,-2.0368,-3.5626,0.7158,1.1954,1.2346
2014,8,2014-08,0.0003,4.2324,0.4495,-0.9247,0.1376,0.233
2014,9,2014-09,0.0004,-1.9687,-3.1026,-0.3101,3.0633,2.1813
2014,10,2014-10,0.0012,2.5115,3.6151,0.5283,1.6899,-0.1556
2014,11,2014-11,-0.0001,2.5492,-1.9772,0.3424,2.5253,0.4488
2014,12,2014-12,0.0005,-0.0597,2.7694,0.4723,-0.6556,0.2952
2015,1,2015-01,0.0013,-3.0997,-1.5791,-1.0726,-0.3707,1.4077
2015,2,2015-02,-0.0021,6.1287,0.816,-1.3938,0.0837,-0.9749
2015,3,2015-03,-0.0008,-1.1024,2.8163,-0.2615,0.8338,-0.0421
2015,4,2015-04,0.0029,0.5888,-3.7918,-0.8011,-2.1972,-0.2334
2015,5,2015-05,-0.0005,1.363,1.735,-0.612,1.4466,0.2893
2015,6,2015-06,0.0004,-1.5262,2.8606,-2.4461,1.2477,-0.7174
2015,7,2015-07,-0.0037,1.5494,-4.0748,-2.7296,4.3509,2.6044
2015,8,2015-08,0.0027,-6.0247,0.5015,1.162,0.7586,0.2546
2015,9,2015-09,-0.0006,-3.0664,-3.3796,0.3072,4.2729,3.4788
2015,10,2015-10,-0.0027,7.7463,-2.7651,0.6524,-2.314,1.0374
2015,11,2015-11,0.002,0.5639,3.4655,-0.5479,-1.7097,0.4729
2015,12,2015-12,0.0103,-2.1647,-2.0946,0.328,2.9435,3.3329
2016,1,2016-01,0.0037,-5.755,-2.8171,2.7736,5.3293,4.792
2016,2,2016-02,0.0205,-0.0703,0.4861,1.7188,2.0303,-0.1342
2016,3,2016-03,0.019,6.9519,1.0386,-0.7057,-2.1273,-2.7595
2016,4,2016-04,0.0051,0.9152,0.1069,1.2916,-7.2338,-5.2356
2016,5,2016-05,0.0115,1.7709,-0.501,-2.2596,0.9368,2.2567
2016,6,2016-06,0.0188,-0.0424,-0.3369,0.4911,0.273,-0.8256
2016,7,2016-07,0.0171,3.9514,2.3293,-2.1887,-0.5212,2.2511
2016,8,2016-08,0.0165,0.496,0.9719,-0.2301,-2.3922,-0.3863
2016,9,2016-09,0.0219,0.2632,1.0154,0.2118,-3.0768,-0.9284
2016,10,2016-10,0.0168,-2.021,-3.4297,0.8679,3.0147,2.0286
2016,11,2016-11,0.0136,4.8612,6.576,2.9811,-0.9677,-2.5273
2016,12,2016-12,0.0239,1.815,0.6329,-0.2465,1.5381,0.8768
2017,1,2017-01,0.0358,1.9371,-1.8672,-2.0241,-1.3102,0.6337
2017,2,2017-02,0.0364,3.5584,-1.6698,-2.2401,2.0078,2.4675
2017,3,2017-03,0.0353,0.1675,1.2537,-1.2933,1.9,1.2314
2017,4,2017-04,0.0537,1.0866,0.6003,-1.5687,1.0155,1.684
2017,5,2017-05,0.0614,1.0616,-2.5719,-1.5589,1.3156,2.6917
2017,6,2017-06,0.0617,0.7957,3.0521,-0.5345,-1.3136,-1.8761
2017,7,2017-07,0.0722,1.8658,-1.1238,-0.4273,1.5285,1.0232
2017,8,2017-08,0.0827,0.1621,-1.456,-2.8801,0.39,1.5301
2017,9,2017-09,0.0944,2.5063,4.9094,3.1399,0.4384,-1.7976
2017,10,2017-10,0.084,2.2509,-1.3341,-3.3035,1.3832,2.8974
2017,11,2017-11,0.0826,3.1193,0.2127,-0.4945,1.8841,1.1632
2017,12,2017-12,0.0884,1.0533,-0.9114,1.7398,0.3396,-1.0643
2018,1,2018-01,0.1121,5.5748,-2.7665,-1.2902,-1.2838,2.6001
2018,2,2018-02,0.1073,-3.6456,0.1828,-1.6976,-0.7706,4.466
2018,3,2018-03,0.0261,-2.254,2.802,-0.1097,0.1503,0.4646
2018,4,2018-04,0.1433,0.2831,0.2752,1.5853,-0.0317,-0.8116
2018,5,2018-05,0.1401,2.6451,4.8831,-1.085,-1.8754,2.242
2018,6,2018-06,0.1408,0.4895,0.6132,-0.3932,1.4068,0.0886
2018,7,2018-07,0.1558,3.1969,-1.3017,0.4681,1.9791,1.4035
2018,8,2018-08,0.1575,3.446,1.5016,-2.4129,0.3628,4.1681
2018,9,2018-09,0.149,0.0589,-3.1009,1.45,0.7193,0.973
2018,10,2018-10,0.189,-7.646,-4.7513,4.1724,1.2653,-0.7515
2018,11,2018-11,0.1795,1.7066,-0.7807,-0.9826,0.6932,2.7812
2018,12,2018-12,0.193,-9.5426,-3.0346,-0.8421,1.2754,2.4592
2019,1,2019-01,0.192,8.4112,2.0507,-0.9971,-3.9593,-7.1403
2019,2,2019-02,0.1809,3.3946,1.1925,-2.5881,0.527,1.3574
2019,3,2019-03,0.1935,1.1004,-3.4388,-0.4832,0.0942,0.6624
2019,4,2019-04,0.2125,3.9596,-0.2524,-2.4268,1.8378,1.0648
2019,5,2019-05,0.1983,-6.9252,-1.9174,1.5221,0.6472,0.169
2019,6,2019-06,0.1853,6.9262,-0.43,-0.2681,-0.1339,-0.4128
2019,7,2019-07,0.1783,1.2213,-1.6269,0.1843,0.4712,1.2787
2019,8,2019-08,0.1908,-2.6012,-4.2114,-1.0177,1.8801,1.4895
2019,9,2019-09,0.1787,1.4297,1.4344,2.9784,1.7086,-1.8641
2019,10,2019-10,0.1531,2.0624,0.8215,-0.6398,0.8389,1.9438
2019,11,2019-11,0.1197,3.867,0.0016,-1.029,-1.3071,-0.6518
2019,12,2019-12,0.1431,2.7638,1.3045,1.804,-1.2901,-0.7728
2020,1,2020-01,0.1164,-0.0913,-4.7559,-2.4126,-0.4403,2.4182
2020,2,2020-02,0.1208,-8.1279,-1.374,-2.2233,-0.46,1.4472
2020,3,2020-03,0.1268,-13.3749,-8.4082,2.1225,5.8407,11.8307
2020,4,2020-04,0.0003,13.5892,3.3993,-0.1401,-1.9149,-2.2169
2020,5,2020-05,0.0059,5.5814,2.4776,-3.7098,-0.6114,0.6967
2020,6,2020-06,0.0111,2.4586,2.2946,0.2536,1.1615,1.6765
2020,7,2020-07,0.0096,5.7694,-1.2358,-1.4127,3.3103,1.4823
2020,8,2020-08,0.0079,7.6253,-2.1394,-2.9765,-0.8338,-1.6578
2020,9,2020-09,0.0076,-3.6262,0.517,-2.4798,1.1118,0.814
2020,10,2020-10,0.0073,-2.1014,2.5367,-0.2934,-2.4864,0.0745
2020,11,2020-11,0.0066,12.468,4.0453,3.2585,-14.3726,-9.7032
2020,12,2020-12,0.006,4.6311,4.1908,-2.7436,-4.1718,-0.9909
2021,1,2021-01,0.0046,-0.0198,8.3858,6.382,-2.0526,-7.2816
2021,2,2021-02,0.0045,2.7756,4.3403,-0.6903,-6.1903,-5.4787
2021,3,2021-03,0.0027,3.083,-0.6599,4.6485,4.3877,-1.4896
2021,4,2021-04,0.0014,4.9216,-3.0455,-3.337,2.2565,2.1625
2021,5,2021-05,0.0005,0.2858,1.7546,4.3371,2.7796,-1.5469
2021,6,2021-06,0.0004,2.7471,-0.1076,-2.5486,-1.2349,3.7203
2021,7,2021-07,0.0031,1.2678,-2.9605,-1.4558,7.5017,5.2869
2021,8,2021-08,0.0049,2.9045,-0.7659,-2.1555,1.2127,2.4232
2021,9,2021-09,0.0033,-4.3708,0.7438,3.2953,-1.7606,-4.6647
2021,10,2021-10,0.0037,6.6462,-1.9736,-2.3008,3.3294,3.3986
2021,11,2021-11,0.0044,-1.5454,-0.5946,-0.29,8.4168,4.7964
2021,12,2021-12,0.0067,3.1019,-0.5806,5.3823,3.8193,1.1826
2022,1,2022-01,0.0044,-6.2515,-3.7344,10.4709,0.878,-3.3063
2022,2,2022-02,0.0028,-2.2853,3.2175,3.7603,-2.216,-4.2645
2022,3,2022-03,0.006,3.0521,-1.8799,3.1372,-0.0835,-1.3855
2022,4,2022-04,0.0037,-9.4446,0.8696,6.1357,4.617,0.0875
2022,5,2022-05,0.0307,-0.3446,0.8174,5.7468,0.995,1.2371
2022,6,2022-06,0.0567,-8.4198,0.7419,-5.6304,0.9243,1.3588
2022,7,2022-07,0.0812,9.5541,0.382,-5.3479,-1.8017,2.2524
2022,8,2022-08,0.1901,-3.7735,1.4291,2.7381,-2.7978,-3.547
2022,9,2022-09,0.1929,-9.3458,-1.6943,-0.2182,1.1517,1.7172
2022,10,2022-10,0.2327,7.8326,4.6904,7.411,5.3826,-0.9359
2022,11,2022-11,0.2856,4.6082,-2.3226,2.1779,2.3981,1.2883
2022,12,2022-12,0.3379,-6.4054,0.2797,3.8672,-0.5108,-0.3618
