,Date,credit_factor,turnover_factor
0,1990-12-31,0.16041005276428155,0.8272184885536715
1,1990-10-12,2.061051076961351,-0.1264683374535669
2,1990-10-19,6.211808183512413,3.0690578334070295
3,1990-10-26,-0.8307142212954588,-0.1419848907206367
4,1990-11-02,1.4820779670146944,0.1065282410977142
5,1990-11-09,1.6825155630791677,0.2541590384347536
6,1990-11-16,3.046554209268293,3.290718649516422
7,1990-11-23,-3.4043646613363343,-0.9268416918619793
8,1990-11-30,1.9648083301194497,3.27871114581777
9,1990-12-07,2.374199594041637,1.7961304286311375
10,1990-12-14,2.032035651197406,-0.7293538195447535
11,1990-12-21,-0.7037282692340718,3.124770411116784
12,1990-12-28,0.39631315166488434,-0.5576244621783966
13,1991-12-31,1.1406831318838906,0.9202923538165653
14,1991-01-11,2.3183317784342794,0.5077804677164899
15,1991-01-18,4.273333340695018,2.6359417324798073
16,1991-01-25,0.9888406712133868,5.911286636407431
17,1991-02-01,0.13666347780805221,3.439566459824972
18,1991-02-08,1.4474265536315256,1.074965105431902
19,1991-02-15,3.51657400333929,-1.1160220274717858
20,1991-02-22,-0.7625463624774786,-0.003453901010874727
21,1991-03-01,0.9158296741403449,1.7862464460751237
22,1991-03-08,2.640686596226227,3.860249723565623
23,1991-03-15,-1.2795111484510957,-2.291017897521963
24,1991-03-22,-0.18413936723965518,-2.200087327265565
25,1991-03-28,1.5391661936832168,1.9569370831483246
26,1991-04-05,1.1502208553572535,1.4720177872536988
27,1991-04-12,2.298819669421115,1.1556843940289552
28,1991-04-19,-0.3181410995962253,0.7263443151702909
29,1991-04-26,-1.5943598199590348,-1.9432225360529132
30,1991-05-03,-0.7477096323558974,-1.7895227248994172
31,1991-05-10,0.5336475279265285,2.8049166017312777
32,1991-05-17,-1.3060057430794858,-2.839994765710474
33,1991-05-24,4.459102318385688,2.8516329468858848
34,1991-05-31,0.832738990135562,1.387666509607488
35,1991-06-07,-2.556100142495199,-0.5940249649169949
36,1991-06-14,2.876253847974408,-1.269019437334662
37,1991-06-21,-1.877712623941441,-1.7415786307192538
38,1991-06-28,-0.7574203681623204,-2.2256041972967044
39,1991-07-05,0.3973309166017458,-0.5379796397406822
40,1991-07-12,4.393798591894749,3.2677156767541904
41,1991-07-19,0.03600265415240056,-1.224348417316623
42,1991-07-26,0.4406472070415557,-0.4875683738007619
43,1991-08-02,1.8605923587822204,2.536509264637554
44,1991-08-09,4.602372953168321,1.5906837260117657
45,1991-08-16,2.8210704728440783,0.6809173975115934
46,1991-08-23,3.0247713820894084,0.05948973675791169
47,1991-08-30,0.36093799000322946,0.7481896251624542
48,1991-09-06,-1.7283828764390274,-0.7392932020619192
49,1991-09-13,1.61257141843838,-0.4684056916764767
50,1991-09-20,1.3629925909805385,1.4669966182685457
51,1991-09-27,-3.0044636052672047,-1.539972024853009
52,1991-10-04,-2.9543379544050286,-0.23935338581384524
53,1991-10-11,0.3242802446640658,0.8669891396274831
54,1991-10-18,2.646022062215958,3.2714840576734794
55,1991-10-25,-0.5849995499460747,-2.378167983373769
56,1991-11-01,3.519661764950932,3.731901821851724
57,1991-11-08,1.7639092247127675,1.6182149935240586
58,1991-11-15,0.11568648109523405,-2.5482111585644063
59,1991-11-22,3.741018021268405,-0.6122672067482404
60,1991-11-29,0.3199226301844549,-0.6059366314054793
61,1991-12-06,5.208498858260513,-0.5919565320348874
62,1991-12-13,1.8514396980304992,-1.1088083358789746
63,1991-12-20,0.07508673267144772,-3.4263365348753405
64,1991-12-27,1.8049410538058863,3.3649070952854965
65,1992-01-03,1.1987407538083694,1.1163768849041134
66,1992-01-10,2.7068779932457376,7.5548381117297
67,1992-01-17,-3.0117005224490234,4.605196625296792
68,1992-01-24,1.1452946670983177,-0.5308830806963427
69,1992-01-31,-0.2180934191934103,0.44026497589000346
70,1992-02-07,0.6570506561300427,2.533172223323832
71,1992-02-14,-1.969252501199259,0.8630545781633803
72,1992-02-21,-0.3998700647360409,-0.3104101570818085
73,1992-02-28,1.9080786473841371,0.4013684146442431
74,1992-03-06,-5.126935210294803,-1.4766248649709657
75,1992-03-13,1.802847055581891,-1.9152828730724658
76,1992-03-20,0.7854378283508323,-0.9416501338302075
77,1992-03-27,0.10968359781324821,-3.0512039410958036
78,1992-04-03,1.0389836664109309,-0.43415706505531837
79,1992-04-10,1.1747733408638883,-0.7134179346716563
80,1992-04-16,1.9868466422510833,0.3021315189706719
81,1992-04-24,-4.682567126493764,-2.0913768512015762
82,1992-05-01,-2.3335105989924387,0.47503536776194455
83,1992-05-08,3.635895957227109,1.7728487097280254
84,1992-05-15,-2.2006860556023633,-3.0410496714467383
85,1992-05-22,3.42713422678651,0.739706003464069
86,1992-05-29,1.9931046900093508,1.2262480242551055
87,1992-06-05,2.032911036816065,0.23009975013794648
88,1992-06-12,-2.096201034041023,-1.5372181731981294
89,1992-06-19,-2.4776544004425416,-3.7738695746420747
90,1992-06-26,-2.1503099611915877,-1.6971156309845692
91,1992-07-02,3.6621775731003225,1.5234635723636591
92,1992-07-10,-1.755423439346493,-0.3308365175431538
93,1992-07-17,2.2717100288957015,1.1296187251612633
94,1992-07-24,0.5721270310125037,1.056850986141744
95,1992-07-31,1.316594108002711,2.477164388547637
96,1992-08-07,0.9558831934574963,-0.36658655950650987
97,1992-08-14,-1.186911347418107,-1.1954721162453663
98,1992-08-21,2.0068153121174825,-0.5840666908686454
99,1992-08-28,2.3933922692718657,1.1009539383034062
100,1992-09-04,1.1772235151358945,2.051440788466685
101,1992-09-11,3.419479867864683,1.69519565973677
102,1992-09-18,3.0419759919925626,-0.3683002584140893
103,1992-09-25,-3.4846009227587738,-1.1623963156986217
104,1992-10-02,-0.2646501823094227,-0.6364390241784146
105,1992-10-09,3.0574120089541967,3.019682471670837
106,1992-10-16,3.25271922015522,2.105042518367739
107,1992-10-23,-0.5634314349869496,3.6364147914922373
108,1992-10-30,0.7536366029667008,1.1385527761823777
109,1992-11-06,-0.5821931255025059,1.2201731464456467
110,1992-11-13,0.12025373133850437,2.7285038329840416
111,1992-11-20,3.5436276230013553,0.21220679330700154
112,1992-11-27,-1.4188123290778787,0.4728867226877931
113,1992-12-04,-0.41481075264152567,2.011216820375128
114,1992-12-11,-1.087583892091859,-2.762023847716766
115,1992-12-18,3.41937995283641,-0.694909760585849
116,1992-12-24,-1.6206583311296763,0.4134261976271425
117,1992-12-31,0.07422169073831864,2.6833951905382403
118,1993-01-08,2.5004138256983888,3.285730033966683
119,1993-01-15,-0.9625215318295077,2.0207263839636003
120,1993-01-22,0.2196909762999244,1.23606227964852
121,1993-01-29,1.5227900725762522,-0.49823292129579366
122,1993-02-05,-1.8501083924343686,-1.6892346959052729
123,1993-02-12,-2.239584702850783,-1.1195898409737892
124,1993-02-19,-1.301570589037604,-0.889890581553221
125,1993-02-26,1.2042572026907505,-0.5312974236673318
126,1993-03-05,-0.9220773727841136,1.7145207284027242
127,1993-03-12,1.8891682520705277,1.284473723833468
128,1993-03-19,-1.115728456607401,-2.466159197555673
129,1993-03-26,1.928978478580623,-1.3247388190553377
130,1993-04-02,-0.06540668148159456,-2.4123847336557036
131,1993-04-08,-1.8843554066303336,-0.9978134918671056
132,1993-04-16,0.3546105681781597,-2.7415556374546957
133,1993-04-23,1.3479427344573747,3.4104153866636455
134,1993-04-30,0.07183508464247979,1.3999178735320417
135,1993-05-07,3.982696360335347,3.9208850447818078
136,1993-05-14,-0.458121989027771,1.9698131426780563
137,1993-05-21,2.1595108888451398,2.124753375274091
138,1993-05-28,-0.7389745869169406,0.27832781076515545
139,1993-06-04,-1.9561826945524663,0.10553368931855989
140,1993-06-11,-1.0030642826616476,-1.095975274771277
141,1993-06-18,-0.4976895210180188,-0.8369028439607629
142,1993-06-25,-0.17542628929902992,0.9299567830191702
143,1993-07-02,0.6341261414368748,0.9845932442201999
144,1993-07-09,0.044083824166119,1.0573267485954663
145,1993-07-16,0.9799545697567247,-1.4244824988366656
146,1993-07-23,-0.4601385530474955,1.1374007660500451
147,1993-07-30,-2.1600089530264155,1.3226400208024236
148,1993-08-06,1.4452848850565747,3.62223180144825
149,1993-08-13,0.07727412911759934,1.2002095319828765
150,1993-08-20,-1.2888031055582783,0.7149122789670281
151,1993-08-27,0.4691028845599243,-2.021278277171412
152,1993-09-03,0.1629331671297196,0.11704832212662275
153,1993-09-10,1.0124529358345624,-0.3283539029859006
154,1993-09-17,-3.3487276741423933,-0.4851438726420576
155,1993-09-24,5.178452913621889,6.300960543846257
156,1993-10-01,-0.7500017050818597,0.022937290414049016
157,1993-10-08,-1.2511689592345054,-1.075358607159127
158,1993-10-15,2.2781079653685143,1.9939823320865857
159,1993-10-22,-0.6734545927029378,-0.16772408947286488
160,1993-10-29,-0.020322776063308456,0.2552537104540953
161,1993-11-05,-0.4108662737282498,1.5438267452539511
162,1993-11-12,3.867290267596979,3.2867939634634302
163,1993-11-19,-2.2669736625306802,-4.356029413154394
164,1993-11-26,2.227180224111547,2.304601154275865
165,1993-12-03,0.8292446532967013,1.6568142473834868
166,1993-12-10,-0.9804878113297222,-2.0557312803744288
167,1993-12-17,-1.5097834340750627,-0.13258723144657925
168,1993-12-23,-0.731383455583956,0.1795275938387464
169,1993-12-31,-0.5403697947399033,0.8839614023898656
170,1994-01-07,1.0374009266758133,2.972096960900239
171,1994-01-14,2.2835039420488368,3.537667565935343
172,1994-01-21,-1.1354763951074376,0.8718150164478855
173,1994-01-28,1.491901438420662,1.165724451779493
174,1994-02-04,-1.5438645267667583,0.1139076534783845
175,1994-02-11,2.0759823578893055,2.792379377837295
176,1994-02-18,0.805641860043127,2.6705096345250645
177,1994-02-25,2.127598715476653,0.09104195018747596
178,1994-03-04,-0.05600721503392636,2.420806455683211
179,1994-03-11,-0.2466664182575573,0.6848902976449356
180,1994-03-18,1.0612800026995384,2.9722260314750892
181,1994-03-25,0.7380448978109078,-0.7775639816427371
182,1994-03-31,0.3846219350966962,-3.1193664450860026
183,1994-04-08,3.119776617940051,4.835122454800356
184,1994-04-15,-2.4735179613808667,-6.7297985123665915
185,1994-04-22,1.803586814657332,-1.720736075668361
186,1994-04-29,0.18823546271831137,3.9294260911088896
187,1994-05-06,0.7158138648450274,0.04660528544921938
188,1994-05-13,-2.9890828614000164,-1.8512709050849785
189,1994-05-20,-0.08176103329302631,0.42362753594036295
190,1994-05-27,1.8052450087103988,-1.2704669052619688
191,1994-06-03,1.780624406824649,1.491995459749318
192,1994-06-10,-4.062277920547352,-3.797700048907926
193,1994-06-17,-2.322775147532674,1.687355095595322
194,1994-06-24,-0.9387605004888222,-2.21185679794641
195,1994-07-01,3.3469389861004784,3.077378245526674
196,1994-07-08,0.2159978085617409,0.4713687418162582
197,1994-07-15,-0.21398430866754747,0.24632347316400072
198,1994-07-22,-2.8968358709432263,-2.1601651984928583
199,1994-07-29,-0.5106415643141959,0.11032603324028223
200,1994-08-05,0.17654762589531803,-0.010572711061695994
201,1994-08-12,2.0659039961035797,2.403227533855845
202,1994-08-19,3.8625843297649176,2.0625083179126147
203,1994-08-26,0.9978369899545259,2.2831193083862056
204,1994-09-02,-3.3712778651752373,-1.1398462440287749
205,1994-09-09,1.87758027136522,2.9853192409685425
206,1994-09-16,0.857013627893477,1.747892480698332
207,1994-09-23,-1.4555168117897477,-2.521225420377915
208,1994-09-30,2.5276339520267532,-1.1128108904347678
209,1994-10-07,0.21385000380529373,-0.6420410169426627
210,1994-10-14,0.7540482019343431,0.05825626665083572
211,1994-10-21,0.41799027108431197,1.6101679406109515
212,1994-10-28,3.7267589132079726,1.4667551064004414
213,1994-11-04,0.31721163490594506,0.5203979594146757
214,1994-11-11,0.9534831502972185,-0.4070966010242927
215,1994-11-18,1.688588027270943,1.735471219015805
216,1994-11-25,0.48434401063024435,-2.055991059723561
217,1994-12-02,1.9631306834014595,-0.32567269087008244
218,1994-12-09,-2.0823541532180023,-3.1743077001791797
219,1994-12-16,-1.2146728166563814,-1.4264502501716292
220,1994-12-23,0.24745896079474416,0.6886911983217336
221,1994-12-30,2.466432459874679,1.9552365772171232
222,1995-01-06,-0.588676111227926,2.267004395263039
223,1995-01-13,3.6281461937106796,1.9297974346899505
224,1995-01-20,0.6325190453225771,-1.0862144401347584
225,1995-01-27,-0.8501020095830092,-2.089080021593559
226,1995-02-03,-0.5438076411629189,0.6903889913218109
227,1995-02-10,2.3787142678425965,2.762215937675294
228,1995-02-17,1.0422832711264762,-1.1139614199334735
229,1995-02-24,-0.9223122534392281,-1.0632387291989676
230,1995-03-03,3.0047815993688554,2.637732283229366
231,1995-03-10,1.968446290810344,-0.36377991437841484
232,1995-03-17,2.1386723991450696,-0.0856261040188877
233,1995-03-24,-0.1550974385581272,0.6245771148711832
234,1995-03-31,-3.078723450895049,-0.3994766970612851
235,1995-04-07,-1.039741942755168,-0.38268745349642197
236,1995-04-13,1.1774539012332497,0.1634600276825493
237,1995-04-21,-0.6680355413148376,-1.0196639492202286
238,1995-04-28,1.555907161561798,3.7887804808866443
239,1995-05-05,-2.374017542103679,-1.3995915141488346
240,1995-05-12,2.4872125032921133,3.4475032243279635
241,1995-05-19,1.0019217342850162,2.102206769803594
242,1995-05-26,0.932105284808249,1.1350528127947568
243,1995-06-02,-1.5058008878808926,-1.479449202382721
244,1995-06-09,2.104875574153753,2.822919653380551
245,1995-06-16,2.630530213202631,0.34195858903813825
246,1995-06-23,3.0620157046819863,2.91862415125439
247,1995-06-30,-1.5875761270849553,-1.8950515601865447
248,1995-07-07,2.9092571563632097,3.1497699838902493
249,1995-07-14,4.1020598145846465,3.5772302907496556
250,1995-07-21,-1.4174402486437754,-2.799632379835093
251,1995-07-28,2.2607442664998256,3.0344021710146274
252,1995-08-04,-2.53279246750584,-2.3768982268825845
253,1995-08-11,2.6542544764099674,2.3346978566883836
254,1995-08-18,2.7283628946330074,3.7919180231313687
255,1995-08-25,-0.6033785367892008,-2.901051080880157
256,1995-09-01,-1.6456786135499613,-1.4698011535048905
257,1995-09-08,1.7815361181074074,2.717332222732227
258,1995-09-15,-0.582927227792307,-4.83968744878408
259,1995-09-22,3.8446847818615293,0.9372633848627743
260,1995-09-29,-0.5865210531155518,-2.141575724198852
261,1995-10-06,-0.40014104351158153,-3.8409410316256554
262,1995-10-13,1.7687771234446314,-0.3267617245254151
263,1995-10-20,1.313415800559059,-1.2423448821361371
264,1995-10-27,2.6511446518950654,0.3700584389908057
265,1995-11-03,1.597417995035677,1.8706144881357023
266,1995-11-10,-1.0953180962280484,-0.022824820243949606
267,1995-11-17,-3.470006907534784,-3.123682536522998
268,1995-11-24,-2.6030396251512267,-1.9370747686900058
269,1995-12-01,-1.0192266708887732,-0.20744509175315562
270,1995-12-08,0.4254169479606551,0.13152306531905023
271,1995-12-15,-1.9924520658433753,-5.272623928279474
272,1995-12-22,-1.4639356076489696,1.9123627195964943
273,1995-12-29,-2.55963466641167,-3.0635111990991226
274,1996-12-31,-3.0127255666638098,-0.958593865108126
275,1996-01-12,1.4994949125245238,-2.48233683448591
276,1996-01-19,2.7738802795791884,0.584681182591229
277,1996-01-26,0.369411829302857,4.311080588854299
278,1996-02-02,1.2150241822975083,1.3128202899366226
279,1996-02-09,0.11110983746087655,1.051342126602206
280,1996-02-16,0.5442021167425759,-0.8132758291604314
281,1996-02-23,1.0519413942878142,2.8386155893543874
282,1996-03-01,-2.284653493476352,-2.99460536415731
283,1996-03-08,1.4446171410389175,-0.8202361307203088
284,1996-03-15,2.750810943268722,5.082750862218788
285,1996-03-22,0.8388169043417992,-2.708751896895434
286,1996-03-29,-1.0932662159412798,0.30472391340616856
287,1996-04-04,0.15963160005516563,0.1643748914048837
288,1996-04-12,1.9500467707721292,3.539346829509471
289,1996-04-19,2.593226055882858,0.9730828789620283
290,1996-04-26,2.9954579610719456,4.759568189195207
291,1996-05-03,0.13650844698580578,1.6947602374478121
292,1996-05-10,3.890135583691512,-1.2104122532732409
293,1996-05-17,1.3777155516398798,2.1125119406119497
294,1996-05-24,-1.2706490258188263,-3.364301522306967
295,1996-05-31,2.250162809073286,2.5999828041959994
296,1996-06-07,2.242639790298351,-1.348556543405166
297,1996-06-14,0.24189667474121546,-0.43738497806691257
298,1996-06-21,-0.8445308660838924,-4.4878166214882835
299,1996-06-28,-0.7463190062969249,-2.7281226928677293
300,1996-07-05,-1.0406060174471876,0.014472007633781203
301,1996-07-12,-2.8086658423480793,-6.147343650708126
302,1996-07-19,1.7911330125160108,0.8309850993770018
303,1996-07-26,1.0594672960709817,3.1257877958883684
304,1996-08-02,0.4717988011628371,1.1000542832619864
305,1996-08-09,0.8192070483701075,4.095695263737986
306,1996-08-16,1.0892500773996394,-1.899611839819948
307,1996-08-23,-0.25340508545995677,0.8132366604722385
308,1996-08-30,-0.08935886526065806,1.717111379776659
309,1996-09-06,0.4473958290779123,-2.4694547198642502
310,1996-09-13,2.163989746100925,2.402118213450022
311,1996-09-20,2.104576129840585,3.456238147889734
312,1996-09-27,-0.8664163926691781,1.7111420433853608
313,1996-10-04,1.2017858184236285,-0.8889303785819425
314,1996-10-11,1.6871817649829035,3.1764464218143607
315,1996-10-18,-0.45738949520741645,-1.8090714693242416
316,1996-10-25,0.7307754071649963,-1.1975581767735832
317,1996-11-01,-0.9015598547371328,-1.8938618853197142
318,1996-11-08,2.480873095241831,2.580153473347102
319,1996-11-15,-1.0509905198671121,2.5108432230546374
320,1996-11-22,-0.9472923613481732,2.069184093600751
321,1996-11-29,-0.630144180567338,-0.554561891207761
322,1996-12-06,-0.981918560912598,2.1630952759422284
323,1996-12-13,0.9492311038428625,0.4917477723081598
324,1996-12-20,0.3742770952563035,-3.9490459187263793
325,1996-12-27,-0.0854702433727983,-0.7212492493046452
326,1997-12-31,3.230804636665807,4.522761084167759
327,1997-01-10,0.5670386712327558,1.2063980025083465
328,1997-01-17,-0.5082643031452339,0.10491083707906412
329,1997-01-24,0.9853083956550046,0.28931230972313315
330,1997-01-31,-0.2138043913266663,-0.4842805059928845
331,1997-02-07,1.0836962306120634,-2.201662097278234
332,1997-02-14,2.2152330448284463,0.2700542917422277
333,1997-02-21,-2.6688646722762277,-1.249329040296221
334,1997-02-28,0.9755109872619405,-0.7434500701533397
335,1997-03-07,-3.545966800888789,0.7137406018554948
336,1997-03-14,-0.08249347605024937,1.1300032918592162
337,1997-03-21,-0.8876377696687698,-2.470948290848396
338,1997-03-27,0.3521262171362727,2.7913613587746022
339,1997-04-04,1.0551569566733754,2.1050470536384314
340,1997-04-11,-2.5863510213148033,0.24429576428508515
341,1997-04-18,1.6166859723803828,-2.734777341719097
342,1997-04-25,1.4411120289935742,-0.8095519378367277
343,1997-05-02,6.590652942979913,4.28436345235772
344,1997-05-09,-1.648393143801996,1.493439853946632
345,1997-05-16,-0.21729138651753743,-0.9187627978514135
346,1997-05-23,0.9666045022622249,0.7322765472642656
347,1997-05-30,-1.7592951028475468,0.4203826558413226
348,1997-06-06,-0.632087278585558,-1.8098075729605645
349,1997-06-13,1.8437781555880939,-2.6027690531760794
350,1997-06-20,-1.0136087867939958,1.5091352522829338
351,1997-06-27,1.726046716403773,0.32541616935441997
352,1997-07-03,-1.721957833625376,1.280850076163098
353,1997-07-11,-0.6484081835185562,2.6217549355366687
354,1997-07-18,0.17899103419762863,3.8707323284145945
355,1997-07-25,1.5631129460577764,-0.43337950446125095
356,1997-08-01,-1.54352805114365,2.4372072433829883
357,1997-08-08,-0.6718740702928105,3.485230312540266
358,1997-08-15,-0.2672791903791438,0.12850585900241462
359,1997-08-22,1.7025539017644142,1.892698731384912
360,1997-08-29,-2.0104780048861293,-0.1411466371200043
361,1997-09-05,1.1552560676254542,-0.06410332341532099
362,1997-09-12,0.8993346660745694,0.9699775891677476
363,1997-09-19,0.36142399900074285,-2.353657635273332
364,1997-09-26,2.1129639303774983,-0.2843201594686984
365,1997-10-03,-3.4088625609015044,-0.019944390109094545
366,1997-10-10,-0.9145411805618231,2.3616024549644843
367,1997-10-17,-1.157075071737168,-4.346079157599969
368,1997-10-24,0.32341563623967673,-3.4370577183456152
369,1997-10-31,0.6152387811325433,0.26651227421827794
370,1997-11-07,0.3977217116866605,0.8849428755867583
371,1997-11-14,1.6124264006876388,-2.635120670030311
372,1997-11-21,0.8488604532113531,0.16821620611955357
373,1997-11-28,-2.022424730482586,-3.249422695747972
374,1997-12-05,0.8858922546901349,-0.9634840748680706
375,1997-12-12,-4.285515889339953,-7.55563431825188
376,1997-12-19,0.533022282275164,1.2264031187626756
377,1997-12-26,0.27194112215085386,-0.6794133773438849
378,1998-01-02,-0.5229165385093881,-0.2101525708032348
379,1998-01-09,0.7157916865417668,-2.8828421531648885
380,1998-01-16,-0.04056959376914637,1.2933226356054206
381,1998-01-23,1.458982441361778,3.5731450689681976
382,1998-01-30,3.4862815327201258,2.2965406898233898
383,1998-02-06,1.7811389388951548,1.4351161909634813
384,1998-02-13,1.309729705238838,0.9759599607786162
385,1998-02-20,1.3862880973839697,-1.478289070230221
386,1998-02-27,-1.0297643480637886,3.1515988716471988
387,1998-03-06,-1.0406242637044594,-4.0218079756364045
388,1998-03-13,0.5933056558428573,-0.8763945599506773
389,1998-03-20,2.6378649354204864,-3.0894714578700966
390,1998-03-27,0.23642130251317894,3.1572709454360526
391,1998-04-03,0.9778974370525662,0.9464538864418559
392,1998-04-09,-1.8140510611717842,-1.736246499943761
393,1998-04-17,-1.450705814605946,1.9210432957553536
394,1998-04-24,-0.3097261708945642,4.657532212197868
395,1998-05-01,2.0627584700171786,-1.0882997457281052
396,1998-05-08,-0.0834545800532216,0.09266928685309761
397,1998-05-15,0.7553770469994614,-3.6255908528652014
398,1998-05-22,1.7758060561867683,-4.290803074702709
399,1998-05-29,1.8551840555855792,-0.7708755240610432
400,1998-06-05,2.415953498245793,-2.8222246874553325
401,1998-06-12,2.8406732520613653,-3.054890106607322
402,1998-06-19,2.157857410535313,-0.5713456223025437
403,1998-06-26,0.2367585472153655,2.2761101715683685
404,1998-07-02,-0.6204622100939416,0.10888863325986264
405,1998-07-10,0.2771433467550821,-0.6685985047303444
406,1998-07-17,2.083250873458198,0.7826129857007702
407,1998-07-24,0.15354507598897005,-3.69117343879084
408,1998-07-31,3.8502455888987264,1.6581989947650477
409,1998-08-07,0.9870368298489973,3.3191736621358325
410,1998-08-14,-0.6261871317554735,-0.8347419218789787
411,1998-08-21,-1.6727408399799804,-1.204088592186936
412,1998-08-28,0.45602270934770317,-7.770989450561416
413,1998-09-04,1.3370274258809767,0.6339573437161627
414,1998-09-11,4.48336610494231,3.6121227488569385
415,1998-09-18,-0.6330569809448017,-1.310107344817435
416,1998-09-25,-1.9462873794112823,1.347742634070892
417,1998-10-02,-2.5394318398527793,-5.028817097012128
418,1998-10-09,-1.1855361369750517,-4.001854463383204
419,1998-10-16,6.592628673287093,2.2057432361716423
420,1998-10-23,-3.016040206517223,5.064046793518084
421,1998-10-30,-1.4076436465426667,4.998159728013141
422,1998-11-06,1.963517488259825,3.8017506670647627
423,1998-11-13,3.0013609603143365,1.4025186724094363
424,1998-11-20,1.4638786772774193,-0.29992765300095314
425,1998-11-27,3.2298504707777287,0.5370873941877408
426,1998-12-04,3.7951102278492854,2.487871137208253
427,1998-12-11,1.3240717212321673,-0.9516576082929329
428,1998-12-18,4.521354558502444,1.7352491098155065
429,1998-12-24,1.4263589547574895,-0.33718624782224094
430,1998-12-31,0.5067563101240236,1.8773399041829064
431,1999-01-08,2.8861183637849397,4.459371395528744
432,1999-01-15,2.4853546016820216,1.6932653907930861
433,1999-01-22,3.438230964437272,1.0368260464451495
434,1999-01-29,9.058227885818603,0.8226664812819529
435,1999-02-05,-3.8533727959800146,-3.1060871642273225
436,1999-02-12,4.029272447080379,0.4692941487335123
437,1999-02-19,-1.8362057691255762,-1.8978780684677399
438,1999-02-26,-1.770758474598788,-1.578562147204765
439,1999-03-05,3.023234715438594,-0.2800344623688056
440,1999-03-12,-2.8548032672282564,-1.081501210886493
441,1999-03-19,1.3702647723924821,3.8180196994640703
442,1999-03-26,-0.6818658875954009,0.37940410612580244
443,1999-04-01,1.8702389631730876,0.9071815958685558
444,1999-04-09,1.3363056394413153,-1.1333479820961778
445,1999-04-16,-9.335725167087682,1.0861605561567567
446,1999-04-23,2.2104290647231295,-0.6726168820282208
447,1999-04-30,-7.214294829927514,0.8878119718581434
448,1999-05-07,-3.914160019724333,-0.009031525634140003
449,1999-05-14,-0.09050782272983504,0.565849617940839
450,1999-05-21,1.6505586880826595,0.3113516601859656
451,1999-05-28,1.7644093165813501,-2.1453905960122532
452,1999-06-04,5.6840715736202085,1.396322773024039
453,1999-06-11,-0.39735356192807103,1.8325284062441494
454,1999-06-18,3.6801767458541024,3.407111951915698
455,1999-06-25,2.8749352528942618,-0.020503636602986486
456,1999-07-02,6.736410349049837,2.293257383975833
457,1999-07-09,1.17421335487653,1.2747878406901503
458,1999-07-16,0.6752878961373776,2.6303840005574397
459,1999-07-23,-3.7947516716920537,-3.222273953312471
460,1999-07-30,2.2202760988979664,1.929146724712183
461,1999-08-06,-1.8239295132511213,-1.8711303703117022
462,1999-08-13,1.4508389310256886,2.7977348421359016
463,1999-08-20,-0.9761401347391341,-1.0407321565472194
464,1999-08-27,2.0028611059123014,1.1810582127671276
465,1999-09-03,1.763353084170971,4.071164150489537
466,1999-09-10,0.8613859898807252,1.943626974270396
467,1999-09-17,1.499375763990396,-0.05710108553024229
468,1999-09-24,-1.0863599454571604,-1.1526016925987315
469,1999-10-01,-0.07101251263316177,0.3949298098341991
470,1999-10-08,4.965447081074026,-2.1248055514744735
471,1999-10-15,-1.9639028882927123,0.7853069962102444
472,1999-10-22,-4.19894282086598,-2.2148703085006827
473,1999-10-29,3.8512093629264887,1.214623688347194
474,1999-11-05,0.9325315848695226,2.4490834239315085
475,1999-11-12,0.12694708491440831,5.2213116939516135
476,1999-11-19,-3.639344122569832,-0.35376743692812074
477,1999-11-26,5.775781521577894,3.1174930758598673
478,1999-12-03,4.080359610726747,3.3931456826634454
479,1999-12-10,0.05215396554876239,-0.28359290299836415
480,1999-12-17,1.2566976077632352,4.030264659994498
481,1999-12-23,3.7166967352271207,1.999399209106878
482,1999-12-31,0.39352628574020887,2.380148280978611
483,2000-01-07,-1.3170025189393475,-2.082947881156827
484,2000-01-14,7.407382810892993,5.900221185746113
485,2000-01-21,0.9218931255326135,2.771035321707993
486,2000-01-28,-1.4981607056810953,-1.4863664051931957
487,2000-02-04,10.590485235112945,6.695504618908088
488,2000-02-11,3.2683561322576216,4.496543263229924
489,2000-02-18,2.86671048725482,4.562523824418507
490,2000-02-25,7.413764204152629,5.037106468802688
491,2000-03-03,7.794999625263199,7.816483154383658
492,2000-03-10,3.5128883255611143,4.350396627856967
493,2000-03-17,-1.7521521771353132,-6.036066164967558
494,2000-03-24,2.8993400533370295,5.323962106619118
495,2000-03-31,-6.500060680102459,-5.1229520423982216
496,2000-04-07,2.6390781556987486,1.8622158945674094
497,2000-04-14,-14.92386098878261,-14.300361337339085
498,2000-04-20,6.57340885879012,6.147881388829113
499,2000-04-28,4.290664617070927,5.311446748247106
500,2000-05-05,-4.543163075464173,-0.73667751988582
501,2000-05-12,-6.912230595696334,-6.739212330176814
502,2000-05-19,0.41665517695725907,-2.8425812460285416
503,2000-05-26,-1.5371880550528627,-4.424454086703145
504,2000-06-02,9.318172873636478,11.032333461348465
505,2000-06-09,0.5105611914388408,-0.5028699962696281
506,2000-06-16,-0.009592402176028525,-1.5920366495394411
507,2000-06-23,5.08171166368776,3.510494858366675
508,2000-06-30,1.2503119599523993,-1.7180188182942757
509,2000-07-07,-0.831831390823079,-0.49783471059737794
510,2000-07-14,-0.8737665518141813,5.601493306252725
511,2000-07-21,-5.20191498373851,-4.341162246052088
512,2000-07-28,-2.391461755100366,-3.9207535178265474
513,2000-08-04,-2.92014276234841,-3.312766240071552
514,2000-08-11,2.1524709717661628,2.5550082112147487
515,2000-08-18,7.427989006085611,7.057245410421964
516,2000-08-25,2.9882812844322926,1.4442426793347618
517,2000-09-01,-0.6993795870830155,3.2725159838938422
518,2000-09-08,-4.873321677268083,-5.360566635362418
519,2000-09-15,0.07756878627838137,-1.2731787947248385
520,2000-09-22,3.378840563150276,-2.3177452239167007
521,2000-09-29,-6.175657720588578,-5.110902551659824
522,2000-10-06,-4.387192186545386,-4.554966289773255
523,2000-10-13,-1.1174858095116313,-0.5736457456567701
524,2000-10-20,2.2043378891918763,2.420652805427692
525,2000-10-27,-4.858942280017553,-3.8434671921507735
526,2000-11-03,-0.05419308655831845,2.332276448859827
527,2000-11-10,-7.059757176945103,-8.861622787539014
528,2000-11-17,4.248761100329812,3.1996210066428166
529,2000-11-24,2.907272161212071,-0.0007304159909238273
530,2000-12-01,-8.576483007887347,-10.42816856819828
531,2000-12-08,4.527800054594433,2.506387461236459
532,2000-12-15,-0.10729623028590263,-0.2917813871759156
533,2000-12-22,-1.5835802849049174,-2.6568727480856036
534,2000-12-29,-2.634376564256935,-0.9250326524604446
535,2001-12-31,2.5620803971337924,8.008294692935959
536,2001-01-12,3.994426397454509,5.387404640547588
537,2001-01-19,6.077066008459608,2.111906552495957
538,2001-01-26,-5.302238715081642,0.555431011531482
539,2001-02-02,0.17216832386113268,-1.2793713814391316
540,2001-02-09,-4.669623202322237,-3.607604003117837
541,2001-02-16,1.532477423124945,2.0892245822238475
542,2001-02-23,-3.3130255488977634,-1.2075349537473135
543,2001-03-02,-2.240981142300258,-3.705564847935161
544,2001-03-09,-1.8481886143036363,3.4857090032230698
545,2001-03-16,0.35500596863049516,-3.000645295982929
546,2001-03-23,8.372075916328715,7.602224128383117
547,2001-03-30,-8.562421765488182,-8.348277646280911
548,2001-04-06,-1.2179425510023822,-2.762907577745455
549,2001-04-12,6.6559321428977025,7.963824331125169
550,2001-04-20,7.895615260776068,6.646971736117346
551,2001-04-27,-2.7472216687507434,-1.8948430936787442
552,2001-05-04,0.41709427819718314,0.7506204286478635
553,2001-05-11,-0.4754359357432181,-0.8558999430050229
554,2001-05-18,-0.4053716535358243,0.9228492812836997
555,2001-05-25,0.501408600423181,1.0569618683517135
556,2001-06-01,-4.027937032247175,-3.319793292756923
557,2001-06-08,2.5537082519075716,0.8915133875211145
558,2001-06-15,-2.449301646771085,-4.8476510983798455
559,2001-06-22,2.6164294942075728,-0.6198266139906483
560,2001-06-29,1.5931356569500732,4.765028513726732
561,2001-07-06,0.3932859532100208,-4.693731474767393
562,2001-07-13,3.05397737971711,1.2308153499957841
563,2001-07-20,-1.275796785879857,-1.5206589109380775
564,2001-07-27,1.2388495419480838,2.805722128884658
565,2001-08-03,-1.408205754223768,1.6979906232882813
566,2001-08-10,-4.053662986419848,-3.65280693770601
567,2001-08-17,-5.862924261120761,-0.8866656821614693
568,2001-08-24,1.8319487853667882,1.626161600099607
569,2001-08-31,-3.400041521167696,-1.766124087137999
570,2001-09-07,-3.27878358217506,-4.004096594215589
571,2001-09-10,0.2304735634993449,-0.8083618137658677
572,2001-09-21,-2.7843596804632886,-5.943299439214811
573,2001-09-28,4.148345113230012,-3.26922845557418
574,2001-10-05,1.1667921663636172,7.898344387169476
575,2001-10-12,4.703139418722024,7.471684029801162
576,2001-10-19,0.2384754401953293,-1.9614997692676162
577,2001-10-26,3.0605563078289766,4.988321145768682
578,2001-11-02,0.6053118293812165,-1.3427816993598185
579,2001-11-09,0.4775585986654507,2.5654508074727245
580,2001-11-16,-1.4215352257565206,1.7157833724387395
581,2001-11-23,1.0807055868640836,0.5688026055437057
582,2001-11-30,2.042824217721506,2.197015003808267
583,2001-12-07,1.299665113961046,3.449694464541686
584,2001-12-14,0.6068180331517903,-2.370846252880976
585,2001-12-21,-0.20342533916057892,-1.0510525654118141
586,2001-12-28,-0.4433462647888686,1.5445434100979316
587,2002-12-31,-1.7592214671254158,1.7025805794799842
588,2002-01-11,-1.2997036068967405,-2.241502502267678
589,2002-01-18,0.773184243866365,-3.27324350964312
590,2002-01-25,-1.1693430256983217,2.390012321482904
591,2002-02-01,1.2540104453327316,-0.5395379152613566
592,2002-02-08,2.8853394757749395,-4.419743049952396
593,2002-02-15,2.376084076647733,-0.011788089532394075
594,2002-02-22,-0.21972532351710594,-4.71346681977185
595,2002-03-01,-0.7816183336049609,3.519329437337726
596,2002-03-08,-4.1548422530024105,6.113987165032464
597,2002-03-15,0.003388144406457627,-2.6884221929131313
598,2002-03-22,0.7904468218016714,-0.5295688803408027
599,2002-03-28,-0.4096118203890997,-0.44593023179216873
600,2002-04-05,0.6879075771550891,-3.7526611822708666
601,2002-04-12,1.5148203801820026,-1.982617654172114
602,2002-04-19,0.08501165360639273,3.021851747150861
603,2002-04-26,1.0116737334726178,-5.052787835175366
604,2002-05-03,-0.9185953126109037,-3.2263003917249455
605,2002-05-10,2.85701529073048,1.9139670330429626
606,2002-05-17,2.479944128607081,3.007552221645393
607,2002-05-24,-1.4077210827341369,-2.1597097089699036
608,2002-05-31,0.5613233449378585,-2.1370741974876983
609,2002-06-07,2.997236331346964,-2.143010764928055
610,2002-06-14,1.4478681417372519,-1.996841284372708
611,2002-06-21,-1.0247720305967545,-3.704276815873153
612,2002-06-28,0.9162245598196117,-0.262299884508832
613,2002-07-05,1.5888570040327954,-0.9718703459361322
614,2002-07-12,0.605504475193408,-0.6603791008700788
615,2002-07-19,0.09402567871139578,0.120900207025465
616,2002-07-26,7.3862439661985135,-6.482790669581173
617,2002-08-02,-5.625340871530648,-2.0027048373581824
618,2002-08-09,-0.23675090278461042,0.6470165860384958
619,2002-08-16,1.6410562043686294,4.0977302420996065
620,2002-08-23,-2.3551342831300115,3.0310323714926923
621,2002-08-30,-0.7898908055869347,-4.052793510000896
622,2002-09-06,2.977628392569054,1.9088249933296053
623,2002-09-13,1.8900925626833542,0.2505258424211121
624,2002-09-20,1.4124173728916611,-4.680336244162476
625,2002-09-27,1.753891624756787,0.4112031262308191
626,2002-10-04,2.0426867687269645,-6.960597445828909
627,2002-10-11,5.001046478788096,3.1354945036073945
628,2002-10-18,2.1756697281509307,3.9738265254065874
629,2002-10-25,-2.68496614493815,5.560820582466519
630,2002-11-01,-2.8288765129871662,3.03492341288778
631,2002-11-08,-0.4526447382050547,0.061488724851299636
632,2002-11-15,1.1048519615151742,2.676531859876974
633,2002-11-22,-5.296788402322861,6.736346030332641
634,2002-11-29,-2.154275169926012,3.5013326984228543
635,2002-12-06,1.384282781059154,-3.8756940902139325
636,2002-12-13,-2.1315198145445136,-2.397728384982689
637,2002-12-20,1.1712307098570962,-1.9310022772511148
638,2002-12-27,0.6903703602263889,0.009505313792046444
639,2003-12-31,-4.06311319996121,-1.2820370785910584
640,2003-01-10,0.03681193856281961,4.689275291009709
641,2003-01-17,-0.591804168714849,-2.3839623035993074
642,2003-01-24,2.9721174324452537,-0.47675212798045097
643,2003-01-31,1.160549256978971,-0.1779804762082282
644,2003-02-07,1.1607137625036845,-0.351190746648955
645,2003-02-14,1.8265593621060727,0.002069989844022402
646,2003-02-21,0.5406445759781331,2.973225794812895
647,2003-02-28,-0.4000528342122278,0.12747777293287132
648,2003-03-07,-0.5079610735831852,-1.9245716548568437
649,2003-03-14,1.6590863951163382,2.0178753702684737
650,2003-03-21,-2.3163940595690935,2.7269458458321294
651,2003-03-28,0.5586477762159481,0.13837871050648154
652,2003-04-04,0.10107869306237305,-0.037181345126346965
653,2003-04-11,0.12478216085860527,-0.7537583832924022
654,2003-04-17,-0.7336757131943705,2.1897951889774836
655,2003-04-25,-2.760197264344655,0.25317788719538825
656,2003-05-02,1.1992631286176003,1.811321314452563
657,2003-05-09,-1.5445725997049076,1.1038866404976089
658,2003-05-16,-3.7668995277738815,3.2144816354251926
659,2003-05-23,-2.939963262069323,0.6737737462462423
660,2003-05-30,0.9678474489592581,1.5355972771622373
661,2003-06-06,-1.6864833324155448,0.49802584959923735
662,2003-06-13,0.7399860283944903,-1.2448295011228017
663,2003-06-20,0.6646545532397408,0.03848047689876122
664,2003-06-27,1.4628003539250756,-0.7660987740743974
665,2003-07-03,0.1577059943902448,0.6011487193819054
666,2003-07-11,1.0881817619311507,1.8310994334388209
667,2003-07-18,-0.45902414811328507,-1.2775790916613183
668,2003-07-25,1.3922968769485733,0.8914873370106546
669,2003-08-01,1.020006833744147,0.5194053459868897
670,2003-08-08,-0.25748585042560945,-2.4592083140669296
671,2003-08-15,1.1146957007534652,2.253002775315638
672,2003-08-22,0.5931427744809925,3.409633035143189
673,2003-08-29,-1.148672554004171,1.3199018916457694
674,2003-09-05,-0.019840714559538064,0.48259671477950405
675,2003-09-12,-0.9650587748958883,-0.2649206250869063
676,2003-09-19,0.4514651837492112,1.4529947493159723
677,2003-09-26,0.7188257391743891,-2.534761629898552
678,2003-10-03,-0.10854214930829942,0.8210411308223531
679,2003-10-10,1.4131984902083783,1.4389330993705762
680,2003-10-17,0.162058628328543,-1.1863220204580194
681,2003-10-24,-0.4253934432390749,0.6423665222909714
682,2003-10-31,-1.3839075683566127,1.5595275116828677
683,2003-11-07,1.5164653309305276,0.31183111593326984
684,2003-11-14,0.47140223853223695,-1.5895265638396383
685,2003-11-21,-0.3791611858046551,-1.7105969254028186
686,2003-11-28,-0.33686877737473253,1.7937083150354916
687,2003-12-05,-1.5874769124761157,-3.3959885304642112
688,2003-12-12,-0.9936056140935179,-0.8184945557274337
689,2003-12-19,-1.8965987060032385,-0.8723424811288405
690,2003-12-26,-0.07540589631359618,0.6470186477242512
691,2004-01-02,-0.8037332872064207,-0.49249985061556867
692,2004-01-09,0.40154195271464577,3.1303298414267378
693,2004-01-16,1.588482001208047,2.4755373548479787
694,2004-01-23,-0.21718168015327777,-0.6705711086144484
695,2004-01-30,0.5678711604596431,-2.6359221747712547
696,2004-02-06,0.6242981499382738,-0.16674123415348907
697,2004-02-13,-0.9425768420776581,0.22991349100502934
698,2004-02-20,-0.611429619265691,-0.5163069568751788
699,2004-02-27,-0.6153502900338559,-0.497922934045103
700,2004-03-05,-0.46258742306851675,0.5102466552329821
701,2004-03-12,0.9518975720496758,-2.155840392531705
702,2004-03-19,-0.42921636744326364,-0.5854462720552678
703,2004-03-26,2.1469571951474364,2.2082374762127044
704,2004-04-02,1.4861680714015835,1.6027228332076149
705,2004-04-08,0.869180297578831,1.055627308211382
706,2004-04-16,0.3429824372715773,-2.2112889889246534
707,2004-04-23,-0.4103744372778162,0.8935704626919394
708,2004-04-30,-0.5470922543334256,-5.181578709513291
709,2004-05-07,1.454221908434672,1.0334477988949597
710,2004-05-14,-0.07131529472715892,-1.4013884735471605
711,2004-05-21,0.02518975256882161,-0.3312232188594444
712,2004-05-28,-0.33248468167275114,2.8074007588577476
713,2004-06-04,0.42929940634672814,-1.0570784311750736
714,2004-06-10,0.3427859042190562,-0.7235865146917431
715,2004-06-18,-1.7471666264468944,-0.6428466996748816
716,2004-06-25,-0.18837223508724188,2.787337088674091
717,2004-07-02,1.1131077112731314,-2.8341925049006345
718,2004-07-09,-0.651158315969047,-2.015016118351154
719,2004-07-16,-2.0790623281322085,-2.742577090187215
720,2004-07-23,-0.48593473515924357,-0.8920136261920342
721,2004-07-30,-0.15588090614154781,2.706559407624609
722,2004-08-06,-1.5925472110926209,-5.5034607936735425
723,2004-08-13,0.63413542907933,-1.8707961072567891
724,2004-08-20,1.4279478330739392,3.8305702861305413
725,2004-08-27,0.5416226396337764,0.22494181100307653
726,2004-09-03,0.7008083415368738,-1.6498292559020467
727,2004-09-10,0.6754918200948756,3.8740216700237973
728,2004-09-17,-0.07636775968323795,1.3930944490795794
729,2004-09-24,0.00701046931215199,0.13135912843509345
730,2004-10-01,-0.17414679947750367,1.1325912205222277
731,2004-10-08,-2.551978307245495,-0.5368985632109524
732,2004-10-15,-0.12244312869060803,-0.2231226871082015
733,2004-10-22,-0.028430929880252087,2.1465649817399957
734,2004-10-29,0.9884766685791968,0.43347371158186654
735,2004-11-05,0.6456872291129345,1.1060127974334755
736,2004-11-12,-0.18464682576991853,0.8616759173492694
737,2004-11-19,-0.38584644422210435,1.0783635713588202
738,2004-11-26,-0.206753739103549,0.009722600680084348
739,2004-12-03,1.7851702986719564,1.6187251832052496
740,2004-12-10,0.24480373096396058,-0.27173273165838063
741,2004-12-17,-0.8169304032310309,0.3923416070064967
742,2004-12-23,0.5068456427813839,-0.7722450653749879
743,2004-12-31,0.8113100876130597,1.1610525307370834
744,2005-01-07,1.3426775843941696,0.16521530236941473
745,2005-01-14,0.8054740408040661,0.9186954061520369
746,2005-01-21,-0.08377927392572149,-0.3983157888938216
747,2005-01-28,-0.37236207777273655,0.4784082392125688
748,2005-02-04,1.4007360218527332,1.4562212276175268
749,2005-02-11,-0.49670846686192816,0.3783700005435042
750,2005-02-18,-0.4255908736415459,0.635022665988183
751,2005-02-25,-0.21382418591171515,2.2779322403504
752,2005-03-04,-0.07120269134074375,-0.6888332811124442
753,2005-03-11,-0.5196456129825555,-0.3752964415763893
754,2005-03-18,-0.6913900608202406,-0.5510397836075986
755,2005-03-24,0.2750240035569451,1.1332002849650857
756,2005-04-01,-0.8845691552193169,-0.9794873647483215
757,2005-04-08,-0.09397407431995797,-0.6225467896389336
758,2005-04-15,-0.8658119183980073,-3.488693919428676
759,2005-04-22,-0.16310216073960326,2.3208572803600225
760,2005-04-29,0.4810041997389991,-3.3734468476593005
761,2005-05-06,0.9593122923735375,1.5195684493996886
762,2005-05-13,2.850513821525147,-0.21615760997858446
763,2005-05-20,0.5156887170273183,2.059507796815052
764,2005-05-27,-0.8978663178407564,1.785352823139963
765,2005-06-03,-0.9900575363945285,-0.02882873132703523
766,2005-06-10,-0.07552455202255448,0.45677417215179705
767,2005-06-17,-0.71090790440268,0.793774517355339
768,2005-06-24,-0.5296776821626992,-1.421920632795859
769,2005-07-01,-0.19017875418055885,-0.8240722012944346
770,2005-07-08,0.16798254498002763,2.229050486073425
771,2005-07-15,0.7300024364243596,1.3945379768249389
772,2005-07-22,0.5415985077787067,1.1277806699233173
773,2005-07-29,0.9050604001452189,0.626069783867611
774,2005-08-05,-0.08116193235205849,0.8807654328361059
775,2005-08-12,0.3836221618378044,0.10267912109707122
776,2005-08-19,-0.5219627030687679,-0.46113877124099867
777,2005-08-26,0.13895361581779397,-0.7218003596923261
778,2005-09-02,-0.9498400566415599,0.07998932369239764
779,2005-09-09,-0.5919868032789988,1.4970523977039463
780,2005-09-16,-0.33049521356302014,-0.9500425605489804
781,2005-09-23,0.14276834100215297,-0.29179411941192557
782,2005-09-30,-0.7118278704113412,1.2831130833725224
783,2005-10-07,0.4073432471010774,-1.580088917380007
784,2005-10-14,2.4598056811386604,-0.24943133398442896
785,2005-10-21,1.8693044988313146,1.393868803547904
786,2005-10-28,-0.9698507929012723,-0.49831999852147923
787,2005-11-04,1.4012286199799107,3.6229839808570308
788,2005-11-11,1.5901959788251263,-0.9489003317737832
789,2005-11-18,-0.8102582739360376,1.1304237484511148
790,2005-11-25,-0.4055256670882246,1.8821428542529217
791,2005-12-02,0.22020656686589923,1.271969917601079
792,2005-12-09,-1.3625375075038804,-0.1962168254477037
793,2005-12-16,-0.5232234759603216,-1.3070255562189437
794,2005-12-23,0.40901200948002536,0.9721505078705839
795,2005-12-30,-0.9278482979307445,0.11270688489937175
796,2006-01-06,-1.0441440318366246,0.5629004615902877
797,2006-01-13,0.832334197408624,1.6011697129926672
798,2006-01-20,-1.1192900212821044,0.3349810464920333
799,2006-01-27,1.2479781787216648,2.306496888344989
800,2006-02-03,-0.7173093129665298,0.403830578131692
801,2006-02-10,-0.038427485626968405,-1.144433770276665
802,2006-02-17,-1.3993720142787103,-0.20699991411079477
803,2006-02-24,0.1146254114075207,0.5709596880113743
804,2006-03-03,0.28121074833633575,1.5757691311545141
805,2006-03-10,1.0498520699798952,-3.6409610949846516
806,2006-03-17,-0.4035748211281387,1.1049014966148185
807,2006-03-24,1.7574971099635794,2.1768425281169623
808,2006-03-31,1.1015745684809897,1.8226808230065839
809,2006-04-07,-0.7839810924233803,1.3324719054019107
810,2006-04-13,0.23208352253194509,-0.14685605476700836
811,2006-04-21,-0.45642722705712124,1.1846091178607354
812,2006-04-28,0.6114572625300463,-0.8777897758426634
813,2006-05-05,-1.2319100291960816,1.1799982794678643
814,2006-05-12,-0.9473637154651882,-2.5106513315391377
815,2006-05-19,-0.26993695206849466,-3.9568566691611906
816,2006-05-26,-1.0427170917310935,-0.31452944812166983
817,2006-06-02,-1.0929603537158439,-0.2619431183376042
818,2006-06-09,-0.1162242247151779,-4.87320423896449
819,2006-06-16,0.4381228383480762,-0.233121257970903
820,2006-06-23,0.2527657013140505,2.0867963370878595
821,2006-06-30,-0.10308060591944779,1.6710176073633232
822,2006-07-07,-0.17335379383890404,-1.7654073367427414
823,2006-07-14,-1.5559910429131962,-3.501950747486149
824,2006-07-21,-1.1610989763555346,-4.39455198648594
825,2006-07-28,1.9145170648522836,2.347818891347919
826,2006-08-04,-0.2543846661508642,-0.010608376573284506
827,2006-08-11,-0.43725359013447873,-2.3880134715867585
828,2006-08-18,1.3528152387272563,3.064091394252233
829,2006-08-25,-1.2779008276484372,-1.1657016557267474
830,2006-09-01,0.8613158997561099,0.22761447911006094
831,2006-09-08,0.7810692261445595,-0.9271282149085125
832,2006-09-15,2.9230838364061595,0.6858170195207958
833,2006-09-22,0.4304333593039056,-0.6526538014279604
834,2006-09-29,0.21652671249627886,1.0669454036814408
835,2006-10-06,0.6920394502121452,0.5600938307384062
836,2006-10-13,-1.0159245702781705,2.8939817830829107
837,2006-10-20,-1.421758680495333,-1.3208622257315117
838,2006-10-27,0.6669874772286866,0.4825990510663569
839,2006-11-03,-0.229627981469549,-0.7824818634941999
840,2006-11-10,-0.5855387004319312,1.332026717543866
841,2006-11-17,0.7770434930762349,0.9945051487103118
842,2006-11-24,-0.7782936700906018,1.6349976415166667
843,2006-12-01,-0.7185448280142337,-0.06917806543499383
844,2006-12-08,0.40786181264924615,0.3266281233805124
845,2006-12-15,-0.6983543903847811,-1.9468185112995195
846,2006-12-22,-0.269757895317968,-1.4228923653573644
847,2006-12-29,0.25265013212905085,-0.09278882623584561
848,2007-12-31,-0.1440578470178311,0.23322197552884116
849,2007-01-12,-0.35043591117663864,2.161781083320524
850,2007-01-19,-1.3353724700477576,-0.5935869060229804
851,2007-01-26,-0.14247096792853187,1.1237875367743566
852,2007-02-02,1.2189862608195767,1.351900300875153
853,2007-02-09,0.393651313046095,-0.30180338932994655
854,2007-02-16,-0.16267124956274026,1.562122617414885
855,2007-02-23,0.8781018106182703,1.3979011562541332
856,2007-03-02,-0.920000614507166,-2.767950495595739
857,2007-03-09,0.3519947299949422,1.1176164267469701
858,2007-03-16,0.23579928050518895,-0.5123165612256342
859,2007-03-23,-0.6472209565762888,0.6693610198513777
860,2007-03-30,-0.635127304630756,-1.2130558531323166
861,2007-04-05,0.9238793326154182,1.3065980504434638
862,2007-04-13,-0.40987956454954233,1.0726229140392007
863,2007-04-20,0.19198093786980674,0.035591813622892765
864,2007-04-27,1.137143814692787,1.3695193754933221
865,2007-05-04,-0.042313362426371626,-0.5307105075168517
866,2007-05-11,-0.5526358832188438,0.2739766742476446
867,2007-05-18,-0.6838734211869757,0.02886413777796193
868,2007-05-25,1.448653846520731,0.74746629966993
869,2007-06-01,0.2103202478059618,1.016557790396977
870,2007-06-08,1.4422742533538147,0.11506770063047789
871,2007-06-15,-0.10940984830197786,0.5252154595196012
872,2007-06-22,1.026732354617299,1.0524050826823172
873,2007-06-29,0.0008809371106144326,-1.2288935553835811
874,2007-07-06,0.41212699119570484,1.2645039024679727
875,2007-07-13,0.02528749062649105,0.9112681182496418
876,2007-07-20,0.6147258746893369,0.9607724228683168
877,2007-07-27,2.4352290660511366,-2.4498871820213153
878,2007-08-03,1.274003194623563,-2.6999488480043077
879,2007-08-10,-0.07160983378257102,-1.2399059589457084
880,2007-08-17,0.0781065142671622,-4.496433051018112
881,2007-08-24,-1.4678648094699431,3.0276085566196542
882,2007-08-31,1.2695672284709802,0.6621999943374535
883,2007-09-07,-0.12352112369211632,-0.2814437397517633
884,2007-09-14,0.6305706618351836,-0.13882880692689392
885,2007-09-21,-0.4218588369706344,0.09193667596600896
886,2007-09-28,0.42411041178642694,-0.2395920955737152
887,2007-10-05,-0.04791468418510192,1.3238775717406392
888,2007-10-12,-1.4045867274266377,-0.077826747657328
889,2007-10-19,0.37382490632129617,-0.7695396570970292
890,2007-10-26,-0.03219991903073982,-1.5679303347735152
891,2007-11-02,-1.0499481614123618,0.8572288765225089
892,2007-11-09,-1.8770635357309717,-3.1355004315846813
893,2007-11-16,0.32345350102396253,-2.1297047638222155
894,2007-11-23,-0.009003542908281315,-1.739159836153259
895,2007-11-30,-0.3367801662409464,0.8527824646258786
896,2007-12-07,0.6366090108030908,0.9472664414617471
897,2007-12-14,1.1407585276887122,-0.9686283494308112
898,2007-12-21,0.9530463801164846,-0.7478283683353348
899,2007-12-28,-0.2761502089410284,0.3445826334596225
900,2008-12-31,0.04342456236829939,-1.5977793910425309
901,2008-01-11,-1.3818129025129577,-3.206541764294546
902,2008-01-18,0.32638654674748135,0.9896847865478398
903,2008-01-25,1.3220219958788526,6.679921073949857
904,2008-02-01,-1.0495882382127397,4.048960535425561
905,2008-02-08,1.367167450802076,-2.7565247852011754
906,2008-02-15,0.07171335513880273,0.4889536566438535
907,2008-02-22,1.4117458845346986,1.1456732590482854
908,2008-02-29,0.5469619782939361,0.2832519867568939
909,2008-03-07,0.3474709381097396,-2.2354357225364163
910,2008-03-14,0.35476515202601533,-0.18922319798978515
911,2008-03-20,1.8862923736709059,0.2601755315767118
912,2008-03-28,-0.9026996271332965,-0.023431084874558916
913,2008-04-04,-1.817365036556784,2.9120431437914096
914,2008-04-11,0.005373010816445145,-1.4596100423151959
915,2008-04-18,-0.9245997040586373,2.1327029383111595
916,2008-04-25,0.8655150775701559,1.7463650255992835
917,2008-05-02,-0.2458347626204782,0.5262169087040025
918,2008-05-09,0.07916033326544891,0.5574213874012024
919,2008-05-16,0.6237932107162836,3.357014554366544
920,2008-05-23,0.30738634530236286,-4.019012362402075
921,2008-05-30,1.066018117377987,1.283706644078375
922,2008-06-06,1.0290553865447638,-1.2083318836691448
923,2008-06-13,0.5860065111473078,-2.2723897964017525
924,2008-06-20,0.7011207961848287,0.6065143597339118
925,2008-06-27,1.1032097837743837,-1.2635894136603931
926,2008-07-03,0.2015681198265007,-3.7435371059905242
927,2008-07-11,1.4304553423614141,-2.996289778104466
928,2008-07-18,2.935133007940083,4.224518018145074
929,2008-07-25,-0.04262167119079008,-2.1095410315331797
930,2008-08-01,-0.8842132358886867,0.5905626991527413
931,2008-08-08,2.925206854484208,1.0426458456970433
932,2008-08-15,1.0373463165181063,1.2368623194886519
933,2008-08-22,-0.5250309214766546,-1.7763459335760845
934,2008-08-29,-0.5160131407863533,0.7243970421803692
935,2008-09-05,0.20157200039858658,-0.3347727569535719
936,2008-09-12,-0.797161288896997,-1.0767456945411258
937,2008-09-19,1.8856447320876324,1.8624309324621224
938,2008-09-26,1.0934235695133188,-4.357202619847545
939,2008-10-03,1.5567382866060075,-8.916722766414864
940,2008-10-10,7.660701407234249,-0.4042849111276947
941,2008-10-17,-3.1243370882417465,-3.7784137062023215
942,2008-10-24,0.7152882603734367,-8.332088998976872
943,2008-10-31,-1.094612024377084,9.328735686138634
944,2008-11-07,-1.3846561526185353,-4.735667153908285
945,2008-11-14,2.6572920970211023,-6.60368190241063
946,2008-11-21,3.7271327839544677,-10.366111386053378
947,2008-11-28,-5.028633643332725,15.460901624634271
948,2008-12-05,2.7725123838333587,2.7813607597227508
949,2008-12-12,-3.2655626468090504,4.248075220534409
950,2008-12-19,-1.8188432138613875,2.0987023467161414
951,2008-12-26,1.0107710315537144,-3.135673412906592
952,2009-01-02,-4.417269843279204,-1.738312014433152
953,2009-01-09,-1.945122901327323,1.7266869612664104
954,2009-01-16,4.918500305289131,-6.711521252855124
955,2009-01-23,0.517166192667684,0.004450443077685939
956,2009-01-30,2.3427367471694938,-2.0640591800303643
957,2009-02-06,0.6822288681624489,4.429948069006606
958,2009-02-13,2.8958035938390525,-3.495126067229337
959,2009-02-20,7.29752805281183,-3.962322070062696
960,2009-02-27,-2.6748110793894497,5.170500460761862
961,2009-03-06,8.004505662752681,-3.6895215113835533
962,2009-03-13,-3.7471490690308196,11.117119665327003
963,2009-03-20,-4.516431006844446,-3.335108140046006
964,2009-03-27,-1.9886639165673903,4.965263069227288
965,2009-04-03,-2.035215127178125,4.929311599496389
966,2009-04-09,-1.0278575152350755,4.085772387611675
967,2009-04-17,-1.2220858822530989,4.329950206219135
968,2009-04-24,0.3580843395496247,3.3298120740469006
969,2009-05-01,-2.845118791257628,-1.6634796886948688
970,2009-05-08,-8.965943001208142,7.510282388500222
971,2009-05-15,6.748828912092031,-5.356184029736588
972,2009-05-22,-1.6724977481322512,1.8853247160977027
973,2009-05-29,-0.42418316512849996,1.6709995714398573
974,2009-06-05,-0.6578007112953088,-1.9937790804952948
975,2009-06-12,-1.6279019380575632,0.04390135662815098
976,2009-06-19,2.31531253948003,-2.4467934305851147
977,2009-06-26,0.4303406920512787,-1.9483868923986791
978,2009-07-02,-0.7317002343709467,-1.0048363199195998
979,2009-07-10,1.3805728171220721,-2.6761784617083784
980,2009-07-17,-0.12349881439592814,3.263689763390043
981,2009-07-24,-3.282111127101306,2.3703468679669992
982,2009-07-31,-1.9000133567250277,2.1603047053954105
983,2009-08-07,-5.673741891751738,8.331077665893227
984,2009-08-14,-1.221183175184315,-0.9384113484792733
985,2009-08-21,-1.3680529075526193,-0.3956467959219223
986,2009-08-28,-0.7752375524775368,1.9936183701056764
987,2009-09-04,1.2901910907852754,-2.045332677855538
988,2009-09-11,-1.9080641682051147,3.782611506006228
989,2009-09-18,-1.7337554049679071,2.373369228328981
990,2009-09-25,1.118647095228531,-2.559556568274124
991,2009-10-02,1.1336960568501864,-1.8514706600809894
992,2009-10-09,-0.2580609424679636,2.0116437846376067
993,2009-10-16,-0.4509291511338942,-0.023889745076388635
994,2009-10-23,3.1134749048263632,0.13700325685255255
995,2009-10-30,2.227227190943637,-3.2462388250832697
996,2009-11-06,-2.095254838554117,-0.3687643684583075
997,2009-11-13,-0.22274708815119837,2.8444298605651896
998,2009-11-20,-0.5425844252409995,-1.9826874586762133
999,2009-11-27,-0.7111314670118385,-0.11509879815265744
1000,2009-12-04,-1.3437562815119208,0.39338108496140833
1001,2009-12-11,-1.1856801635882874,-0.46650237493944813
1002,2009-12-18,-0.6152339669539542,2.01522777553238
1003,2009-12-24,-0.41337391862935613,1.2521797108625776
1004,2009-12-31,0.9571131289171753,-1.2343110077331132
1005,2010-01-08,-3.424724124102574,2.2245520582259815
1006,2010-01-15,-0.8037867141897914,-1.346477225950804
1007,2010-01-22,1.0149831768314632,-1.2606806148264815
1008,2010-01-29,0.502283635869305,-0.7233356431491367
1009,2010-02-05,0.614890532414547,0.06952908643507172
1010,2010-02-12,0.06092707903830874,1.1911632491764523
1011,2010-02-19,-0.1987769888182611,0.20375963801351205
1012,2010-02-26,1.2129614969595082,1.1431967445315383
1013,2010-03-05,-0.9039557107207052,0.9438587825153721
1014,2010-03-12,-0.035797889178501574,2.7035749848584256
1015,2010-03-19,-0.2811615025949399,-0.27522635399979123
1016,2010-03-26,0.44156563895960677,2.06789935122651
1017,2010-04-01,-0.9158479103509642,0.7543655302814312
1018,2010-04-09,-1.6902603884624168,3.292399404014268
1019,2010-04-16,1.4999866029536735,-0.7782019720150024
1020,2010-04-23,-1.3163229953132016,3.080155864182288
1021,2010-04-30,-0.5205235939568675,-2.4711751130105597
1022,2010-05-07,2.733413881063096,-2.174453226764639
1023,2010-05-14,-0.8187679139468607,-0.46621023893103075
1024,2010-05-21,2.9558110028335305,0.029881721345437207
1025,2010-05-28,-1.1410702055762112,1.29192116096164
1026,2010-06-04,0.8914811273302181,-0.9873273776596858
1027,2010-06-11,-0.1812761379626604,0.47633499873029894
1028,2010-06-18,-1.1763473336587227,-0.020779173197815748
1029,2010-06-25,1.2323522220320404,-2.904184872715021
1030,2010-07-02,2.4165189026104317,-4.086005598253706
1031,2010-07-09,-1.831960988214587,2.9125157613643538
1032,2010-07-16,0.9923816301901311,-0.8495164684245493
1033,2010-07-23,-0.6635483833005607,1.8533579694289148
1034,2010-07-30,-0.7640986580398801,-0.10372092930858168
1035,2010-08-06,-0.6551399432856542,0.40239457134552126
1036,2010-08-13,0.061754183676843155,-0.9642938395058143
1037,2010-08-20,1.367715782453982,0.5352619373462542
1038,2010-08-27,-0.8308390857353798,-1.2613480567190472
1039,2010-09-03,-0.3336644699328484,2.7884849962440006
1040,2010-09-10,0.21104679440004936,-0.21662278589249517
1041,2010-09-17,3.0562382093890506,-0.04261028742171824
1042,2010-09-24,-0.37596027696438217,0.2567511217336449
1043,2010-10-01,-1.353179494368184,-0.07472760963531666
1044,2010-10-08,-1.3500785943130311,0.6927098241798824
1045,2010-10-15,0.6463934824211925,-0.16703262474353497
1046,2010-10-22,-0.09453845693899732,-0.23780557843171568
1047,2010-10-29,0.30989068279541065,0.7702564455397409
1048,2010-11-05,0.49221676956086036,2.2764400142390784
1049,2010-11-12,0.7609536121961913,-0.8305972373947146
1050,2010-11-19,1.5881962113301062,-0.06172606847972828
1051,2010-11-26,1.7336837045154985,0.1316153107273399
1052,2010-12-03,-0.1278781603811674,1.8862250038823136
1053,2010-12-10,0.31415243503780665,-0.15659980763179648
1054,2010-12-17,0.20367006315593628,-1.5504334663496988
1055,2010-12-23,-1.5533988937292076,1.224925619459638
1056,2010-12-31,-0.6897563095894399,0.5802872819725913
1057,2011-01-07,-2.635627340849034,0.6426860562640968
1058,2011-01-14,0.5735664090577908,0.8034247968436103
1059,2011-01-21,-0.7257754045916109,-1.2867363405715149
1060,2011-01-28,0.10632342070193701,0.8295945664809068
1061,2011-02-04,1.886570548324995,2.2976065733101736
1062,2011-02-11,0.06471965518564105,0.8300169917962563
1063,2011-02-18,1.050293895088239,-0.9741076640087054
1064,2011-02-25,-0.3845016814107871,-0.666092572593302
1065,2011-03-04,0.3167945431988173,-0.7541704059362386
1066,2011-03-11,-1.0932140982495842,-0.19702669219326951
1067,2011-03-18,-0.21402264784547986,-0.9205936638396306
1068,2011-03-25,0.6299662964044384,0.12213544185166736
1069,2011-04-01,0.252706249452328,-0.42743280366042136
1070,2011-04-08,0.8261965260811133,-0.21322053646458672
1071,2011-04-15,1.5115684563759002,0.1501621675503939
1072,2011-04-21,0.902306960154653,1.4363642453901981
1073,2011-04-29,-1.2775467330755852,-0.9964128336331313
1074,2011-05-06,0.1909956909230459,0.04293968428736861
1075,2011-05-13,1.5275024590712505,-1.1794747527880012
1076,2011-05-20,-0.3669410163800624,0.28272617584355064
1077,2011-05-27,0.7223483893448401,0.8872390343361403
1078,2011-06-03,0.041254059808615295,-0.9186363087240856
1079,2011-06-10,0.16845537917931086,-2.5751142776476943
1080,2011-06-17,-1.276931792088154,-1.8022074728858972
1081,2011-06-24,1.3772784472408928,0.46712569314963925
1082,2011-07-01,0.6514619684337752,1.6540735216452607
1083,2011-07-08,1.0564585266648718,-0.0919216660781319
1084,2011-07-15,-0.42166097990982143,-0.987855505394164
1085,2011-07-22,-0.6905476087340379,1.1593180481983545
1086,2011-07-29,-0.36798623662931407,-1.1414580928911233
1087,2011-08-05,3.855914671402183,-5.969632381828083
1088,2011-08-12,0.1645330352053831,1.3034130984621806
1089,2011-08-19,-2.422877152530478,-4.269569727499278
1090,2011-08-26,2.5470535172149145,1.8964197470655586
1091,2011-09-02,-0.7588087211941152,0.9907837484764315
1092,2011-09-09,1.1854985394952111,0.4727241274736116
1093,2011-09-16,0.6704164836420112,0.6478771297674601
1094,2011-09-23,0.9584555223295821,-3.542833114744548
1095,2011-09-30,-0.8994419126597042,-4.097397472919873
1096,2011-10-07,2.426653979582527,2.2024949815963035
1097,2011-10-14,-0.4105542689912256,1.589664655484202
1098,2011-10-21,-2.6331405707755717,-0.9499183371787345
1099,2011-10-28,0.42068192949709093,3.2052798246381187
1100,2011-11-04,0.7696160114400774,-0.7492188911537134
1101,2011-11-11,-0.19960005726173957,-0.965623016064221
1102,2011-11-18,-0.9328772441689503,-2.6217607963103684
1103,2011-11-25,-0.23866014575981698,-1.1229767740299268
1104,2011-12-02,-0.43194209752244195,2.6185665200799235
1105,2011-12-09,-0.20881925159111914,-0.33115934932890223
1106,2011-12-16,-0.1497320937407176,-4.162747268451616
1107,2011-12-23,-1.2684756491422644,1.4989344509395819
1108,2011-12-30,-0.7813390760714745,0.23240249498559518
1109,2012-12-31,-1.2262873126208107,1.7992934674063266
1110,2012-01-13,0.6802958298043116,2.302058893964598
1111,2012-01-20,1.5716757264161663,0.828080119283503
1112,2012-01-27,-0.3629712578916977,1.5571232230910503
1113,2012-02-03,0.5368678298328877,1.51651123872949
1114,2012-02-10,-1.1561638511993655,1.9755287905029117
1115,2012-02-17,0.3851920406542808,1.0882978521975062
1116,2012-02-24,0.9742550401853789,-1.2825215273543966
1117,2012-03-02,-0.3287803044534243,2.011797676148208
1118,2012-03-09,1.4949818341759125,-1.562980418891713
1119,2012-03-16,0.23246891964616712,1.2883719406511895
1120,2012-03-23,1.1261867236062706,-1.2710945782331118
1121,2012-03-30,1.1878853560704616,-1.659652207016038
1122,2012-04-05,0.8215329914356362,-0.7441380652166596
1123,2012-04-13,0.8848834148003526,-0.10728019916789178
1124,2012-04-20,0.04481241171783168,-1.7238133778361253
1125,2012-04-27,-0.13901591367155852,-0.0165907007286914
1126,2012-05-04,1.2188467203165798,-0.59435293706257
1127,2012-05-11,-0.9413179502886226,-2.3398661481254135
1128,2012-05-18,1.29525619509272,-5.3928165764254965
1129,2012-05-25,-0.45093015799339,3.411100504395126
1130,2012-06-01,-0.8208926233767122,-3.0532678333873853
1131,2012-06-08,0.31586716409688353,0.30681721567149545
1132,2012-06-15,-0.8448630552219893,-0.9247184689782473
1133,2012-06-22,0.667366044600004,0.010320939603225554
1134,2012-06-29,-0.4927685610169874,0.572951978067815
1135,2012-07-06,-0.49026126833114914,-0.5013299909777502
1136,2012-07-13,-0.46734964902022114,-2.0433442058821694
1137,2012-07-20,-0.14449225356185647,1.2462001935770184
1138,2012-07-27,0.9884099291908033,1.119479026764103
1139,2012-08-03,-0.2774116325975018,-0.8660305946832869
1140,2012-08-10,-0.06838718644063269,4.778183232846889
1141,2012-08-17,0.9973403054580166,0.5222483901462516
1142,2012-08-24,0.329881785648678,-0.16682761438391314
1143,2012-08-31,1.1558794980047526,-1.1010333115100468
1144,2012-09-07,-0.7889966167842211,2.3831983688757052
1145,2012-09-14,-1.6430613961479934,2.954789321824136
1146,2012-09-21,0.38056507250185945,-2.210417414208321
1147,2012-09-28,-0.401664589149453,-2.528257967218872
1148,2012-10-05,-0.8612844017945931,0.7648252229267349
1149,2012-10-12,-1.619605542862379,-0.014680434353697702
1150,2012-10-19,-1.8766494031695946,1.5890504176991893
1151,2012-10-26,1.3085939770017374,-2.1732009612477787
1152,2012-11-02,0.1836271319216598,1.8035571620998114
1153,2012-11-09,0.3154803929500849,-0.6794068447578683
1154,2012-11-16,1.1675558611625503,-0.2933776370535712
1155,2012-11-23,0.9256143789404092,1.4004793126869863
1156,2012-11-30,-0.18847263950561022,-0.4762669693897714
1157,2012-12-07,-1.2971075867073134,0.5878100503111217
1158,2012-12-14,-1.032427467083219,1.178753306989222
1159,2012-12-21,-0.15657120647258882,-0.03608797712860712
1160,2012-12-28,0.7650617154275174,-0.3406071576422476
1161,2013-12-31,-3.727604037831289,-1.0112828558360931
1162,2013-01-11,0.5138464245156849,-0.47876697347153385
1163,2013-01-18,-0.1496547943616755,0.6829224395421774
1164,2013-01-25,0.7550871717504348,1.9121338354588735
1165,2013-02-01,-1.0886725613802661,-0.8500987569104002
1166,2013-02-08,-1.0773812929644078,0.9781946057121349
1167,2013-02-15,-0.2633117474116653,0.5101098375253521
1168,2013-02-22,0.052878034139469676,-2.3279311434736716
1169,2013-03-01,0.5593032019282296,0.4738997448528348
1170,2013-03-08,-0.7621529135413696,1.4959421065146028
1171,2013-03-15,-1.1557734437059652,0.3724094823487567
1172,2013-03-22,0.3831894844125827,-1.1627875805343746
1173,2013-03-28,-0.40278993545802555,-0.08086811159713214
1174,2013-04-05,-0.10467333690405978,-1.213607267802308
1175,2013-04-12,-0.8589034554006725,1.6404874700731265
1176,2013-04-19,-0.5496726885534375,-1.8448089882638352
1177,2013-04-26,-0.3674989939469242,3.542295938504325
1178,2013-05-03,0.22285048845915867,0.8265502211158626
1179,2013-05-10,0.9870984840307573,2.8209705867538126
1180,2013-05-17,0.5061637973753585,-0.34338807956451056
1181,2013-05-24,0.15453011344159773,-0.658687124259083
1182,2013-05-31,1.5505033775421895,0.9626676216007546
1183,2013-06-07,-0.005684395538252396,-1.0637056786518828
1184,2013-06-14,-0.8302736736212513,-0.6812003030959524
1185,2013-06-21,1.2145903525777157,-2.232272128791135
1186,2013-06-28,-1.265125971339487,0.46689253599980773
1187,2013-07-05,1.6891715711165212,-1.0200781327139752
1188,2013-07-12,-0.7473909031797898,0.6631413335005165
1189,2013-07-19,-1.4166461165231903,-0.4033623029413458
1190,2013-07-26,0.5618803740451206,-0.8099772331138899
1191,2013-08-02,1.119898533350372,1.476725933579548
1192,2013-08-09,1.0554903168553897,-0.21807693689130936
1193,2013-08-16,1.1198662968426643,0.32990818962683743
1194,2013-08-23,0.15934669058559336,0.6159750787770646
1195,2013-08-30,-0.44994394759043654,0.3432353600947069
1196,2013-09-06,0.8148972021648548,1.2428664755715468
1197,2013-09-13,0.8208212684738259,-0.08050053892870723
1198,2013-09-20,-0.20261791784023098,-0.5973518178769122
1199,2013-09-27,-0.4700219314656251,0.1335942603104323
1200,2013-10-04,0.23991043446542903,1.6440890829372279
1201,2013-10-11,-1.076825248112634,-2.3615805873539952
1202,2013-10-18,-0.4613178542511309,0.6681695341034244
1203,2013-10-25,-0.9384557220139755,-0.9096399249725939
1204,2013-11-01,0.7711816556523088,0.6012519269701588
1205,2013-11-08,1.2208754795492993,-0.753161719067108
1206,2013-11-15,-0.6586758735614207,0.9178062162960687
1207,2013-11-22,0.966117108949649,-1.423783206875695
1208,2013-11-29,1.1320950776783967,-0.7117158324911887
1209,2013-12-06,-0.42439524580523136,-0.266302763919668
1210,2013-12-13,-1.2917354719524377,0.7997466637635009
1211,2013-12-20,0.09730999190264988,-0.7328626674593663
1212,2013-12-27,-0.03141086619247169,0.8850535251415437
1213,2014-12-31,0.8563789391666576,1.8123329133675092
1214,2014-01-10,0.23867155609866852,2.3942064810076324
1215,2014-01-17,-0.28310416529825355,-0.2214417447739203
1216,2014-01-24,-0.9225389600393652,-0.10558490881544813
1217,2014-01-31,-1.0501823617056871,1.2235723466313075
1218,2014-02-07,0.23448098987548516,1.6817500424210374
1219,2014-02-14,-0.7603505800640065,0.26610431635731846
1220,2014-02-21,0.4199362098096904,1.4116222832388337
1221,2014-02-28,1.945075552622244,0.26552757561213447
1222,2014-03-07,1.508845761456623,-0.30592397863931087
1223,2014-03-14,-1.6116846986010902,-1.161871933226677
1224,2014-03-21,0.39172589774474353,0.7319269981862941
1225,2014-03-28,-1.990172372358967,-0.9713738166463037
1226,2014-04-04,0.6787239257181721,0.22430832455373473
1227,2014-04-11,-1.395690599261723,-1.2702953831035257
1228,2014-04-17,0.3976666130590889,0.24137043280181292
1229,2014-04-25,-0.9778921939574858,0.5171346473991312
1230,2014-05-02,0.23815631760311096,0.5010038712662368
1231,2014-05-09,0.5250810408298889,-1.6364239441104877
1232,2014-05-16,-1.3929893614182065,1.1138129655217544
1233,2014-05-23,0.18189002499768847,0.7315322777634359
1234,2014-05-30,-0.7808885698121992,-0.05407493034998989
1235,2014-06-06,0.7271743938594311,-0.11397923030542767
1236,2014-06-13,-0.23116496629043137,1.1687551603331459
1237,2014-06-20,-0.8098024571766893,0.1031499063164576
1238,2014-06-27,-0.5519941347110091,0.2594119664922845
1239,2014-07-03,1.4724699322265167,0.26910076179742504
1240,2014-07-11,-1.3864427713131788,-0.8425329103419199
1241,2014-07-18,-0.042904129977627825,-0.47163600595044874
1242,2014-07-25,0.9325483485600472,1.4958033128102954
1243,2014-08-01,0.23094433385575375,-0.3652967140332475
1244,2014-08-08,0.7402486256061103,0.11104327808326708
1245,2014-08-15,-0.12591304652037616,0.30047353434525803
1246,2014-08-22,0.3351902891236991,1.367332394343057
1247,2014-08-29,-1.2803024797612195,0.4179494425506025
1248,2014-09-05,0.969088292695397,-1.1822915076352802
1249,2014-09-12,1.4669520986636098,0.07182598050785582
1250,2014-09-19,-0.42607207538980507,-0.5995137775223758
1251,2014-09-26,1.7896988698202332,-0.45741131157616133
1252,2014-10-03,0.08492854159705132,-1.6113959894904273
1253,2014-10-10,0.6500444041494413,-4.100688596684343
1254,2014-10-17,-0.19180718907515493,0.27510907206373947
1255,2014-10-24,0.2703060533622681,0.3801836331281949
1256,2014-10-31,1.5338289483680656,-1.054116214152756
1257,2014-11-07,0.23559894130897874,-0.5650178764591285
1258,2014-11-14,1.587769721432175,1.0520438998577353
1259,2014-11-21,-0.6621413252575814,1.6518955280065084
1260,2014-11-28,2.524513986218535,-0.834952614648854
1261,2014-12-05,1.888248162846784,-2.582130615568834
1262,2014-12-12,1.3628142912496255,-1.2408806003931794
1263,2014-12-19,-1.7542173493537483,1.0349394172089355
1264,2014-12-26,-0.13880999569232388,-0.4529120268036091
1265,2015-01-02,-0.1784614356485137,0.5961668150612276
1266,2015-01-09,2.5756562171763253,-0.48655978266480826
1267,2015-01-16,-0.5803335689395839,-2.1194071564114902
1268,2015-01-23,0.7662218888733863,0.7570663298411162
1269,2015-01-30,0.4792303140241261,1.3217694888648213
1270,2015-02-06,0.2975386087572529,0.7517755627574951
1271,2015-02-13,1.2328615196699255,2.069025989320994
1272,2015-02-20,0.703264260112002,0.6585046453936094
1273,2015-02-27,0.8423544842552033,-0.140306136518209
1274,2015-03-06,2.2281733715072027,0.42836516322264373
1275,2015-03-13,2.3853028018482103,-1.9703139749704945
1276,2015-03-20,0.04312507174899505,-0.2741493514954785
1277,2015-03-27,-0.23103674725465373,-0.2804571701937708
1278,2015-04-02,-1.2384305643629467,0.16068588270992112
1279,2015-04-10,-0.38542286316648466,1.9608961238697598
1280,2015-04-17,-1.0142901383208391,1.1797464724450313
1281,2015-04-24,0.14566158605142654,-0.1945507475269892
1282,2015-05-01,-1.0847264864063066,0.6656553535043574
1283,2015-05-08,1.623259098377683,0.1153177104395553
1284,2015-05-15,0.9237882448147827,-0.793553733103125
1285,2015-05-22,0.958242497701467,0.2578388408373655
1286,2015-05-29,0.3482550995883793,-0.6302689015679541
1287,2015-06-05,2.010903489065541,1.0975336872958597
1288,2015-06-12,0.5379496896156244,-0.8517162381811993
1289,2015-06-19,0.7560141050729552,-0.5350290239244715
1290,2015-06-26,0.6192639858885851,-0.7662521301424752
1291,2015-07-02,0.7938966451724427,-1.886695756529344
1292,2015-07-10,0.848844333542087,-1.7856326624755225
1293,2015-07-17,1.0398181508228577,-0.7062247492599094
1294,2015-07-24,2.44946621116382,-0.9511961619151132
1295,2015-07-31,-0.33252304620945417,0.5533890704104039
1296,2015-08-07,-0.521934959919812,-1.5018849832466374
1297,2015-08-14,-1.2076744834869313,-0.3796457144843335
1298,2015-08-21,-0.40933526774270534,-2.559595753519539
1299,2015-08-28,-0.5868327779588012,4.489928601869475
1300,2015-09-04,1.431993601720194,0.5617893539873187
1301,2015-09-11,1.3838840864602187,-1.1221813338204822
1302,2015-09-18,-1.494673915114475,-0.4116322064617983
1303,2015-09-25,1.5674628741596308,-3.8994924235040807
1304,2015-10-02,-1.307974999141781,-0.18822158921670828
1305,2015-10-09,-2.0731695683771645,1.9902283160282863
1306,2015-10-16,0.7253418065880535,-2.111576465810283
1307,2015-10-23,0.45747780101612623,-1.944514354178195
1308,2015-10-30,2.181221334788863,-0.6572432148717833
1309,2015-11-06,0.15808191301409646,1.8017910562512007
1310,2015-11-13,-1.1739140224578226,-2.9516376624399876
1311,2015-11-20,2.523393970374177,-0.5207809849354317
1312,2015-11-27,1.2534352848084351,1.2541812656570173
1313,2015-12-04,0.7893791515045212,-1.3509600198819083
1314,2015-12-11,1.3352767516509711,-0.8958403863860376
1315,2015-12-18,-0.1629172655008282,-1.0297578634573812
1316,2015-12-24,-2.7531127316091863,2.1911855094294497
1317,2015-12-31,0.40305919814174196,-0.9305501276294592
1318,2016-01-08,1.6348734435444046,-2.893340647586251
1319,2016-01-15,3.3303582137265364,-3.50566505479053
1320,2016-01-22,-0.7231106911705143,1.531188017195717
1321,2016-01-29,-1.1076692513868558,0.19966012123879828
1322,2016-02-05,-3.1599185178003197,0.6394534008473896
1323,2016-02-12,3.8882132577021444,-2.9248700527794824
1324,2016-02-19,0.2988441215553195,1.7156741367344575
1325,2016-02-26,-0.5939859709534812,3.148585406994564
1326,2016-03-04,-5.464391006372049,4.688658180923921
1327,2016-03-11,-1.3012130343014072,1.5321955463429626
1328,2016-03-18,-0.5202046676042515,0.08920412599373595
1329,2016-03-24,-0.2578800220416788,-1.0611729912613055
1330,2016-04-01,1.1545835277842809,-0.7082738987146064
1331,2016-04-08,-1.7876669378051102,0.31530017712275704
1332,2016-04-15,-1.0680057514754204,1.1209120821447316
1333,2016-04-22,-0.6153759679103366,2.389603585140976
1334,2016-04-29,-2.905733983692038,-0.08161549644325472
1335,2016-05-06,1.7828106178919612,-3.118853088314222
1336,2016-05-13,0.7177997982479756,-2.1799313147433885
1337,2016-05-20,1.7479387682840741,1.3805096762278701
1338,2016-05-27,-0.26942686856996634,0.8266851868072855
1339,2016-06-03,-2.4303122091499985,0.25991778646952124
1340,2016-06-10,-0.7274863879880078,-0.48842417936554305
1341,2016-06-17,-1.2139475683203171,0.6916457435403922
1342,2016-06-24,0.7676635433285117,-1.3273645904765763
1343,2016-07-01,-0.8960380862536144,0.38713503606346844
1344,2016-07-08,1.5202653872756322,0.26852011558609057
1345,2016-07-15,-1.1151946477010788,1.5584363053323225
1346,2016-07-22,0.9646624791982195,0.47213222490114504
1347,2016-07-29,0.049463722527565146,1.340748351693133
1348,2016-08-05,0.39089498237603326,0.36301985769546796
1349,2016-08-12,0.09740890788489942,0.21959042834716058
1350,2016-08-19,-0.24016768839184577,1.730587863058508
1351,2016-08-26,1.3999903776884315,-1.2239219667371626
1352,2016-09-02,-0.8285850951333606,-1.0380523414624365
1353,2016-09-09,-1.1126492327706683,0.29289786458137623
1354,2016-09-16,0.24220708385980227,-0.43256179531506733
1355,2016-09-23,-1.2334138206921197,-0.42684170765621143
1356,2016-09-30,-0.822176503489791,1.653962999896974
1357,2016-10-07,1.4698073048185822,1.0534432105749891
1358,2016-10-14,-1.0839556660224292,-1.3025181138968223
1359,2016-10-21,-1.8198910566936233,1.2941823690594045
1360,2016-10-28,-0.136263282703053,-2.1278712102035913
1361,2016-11-04,0.5271286031786726,-1.3788833527531685
1362,2016-11-11,2.4005040769784936,0.4587240035998086
1363,2016-11-18,-0.7051426494062762,1.4179003967606407
1364,2016-11-25,-1.5188960289363784,1.2647955345784112
1365,2016-12-02,-2.031058046935874,1.2123897007542572
1366,2016-12-09,0.41256593465475166,0.8866124666849995
1367,2016-12-16,0.3398222025646769,-1.8150719279478311
1368,2016-12-23,-0.892456301539557,-1.0125326397918966
1369,2016-12-30,0.20147595543662522,-0.7213477469817486
1370,2017-01-06,-1.66661599751049,0.21947434633633467
1371,2017-01-13,0.8450842205749876,0.6394437992701896
1372,2017-01-20,-0.512329687108537,0.070248290844388
1373,2017-01-27,-0.2960125957820692,-0.2459758113261934
1374,2017-02-03,0.22568131150983994,0.13930034403641933
1375,2017-02-10,1.5774564257088342,1.3317628603944254
1376,2017-02-17,1.258347628284251,-1.4099911054013092
1377,2017-02-24,0.02980351010266613,-1.3983273783737982
1378,2017-03-03,-0.1814013112808599,-0.46835794285378096
1379,2017-03-10,2.2064285000149564,-0.8304417993358681
1380,2017-03-17,0.48316048950567403,-0.6561445864155746
1381,2017-03-24,-0.6372035175185142,-0.23437150744469726
1382,2017-03-31,-0.9328231706007939,1.5044017411677713
1383,2017-04-07,-1.734695818134635,-0.7077759199503264
1384,2017-04-13,0.3671788092693973,-0.03686300015351973
1385,2017-04-21,1.0707975690939397,-0.8700872201946708
1386,2017-04-28,1.2811836012829758,-0.2144562841801534
1387,2017-05-05,1.2166244832694018,0.4848523845090158
1388,2017-05-12,0.6702535004730059,0.6902764664089567
1389,2017-05-19,-0.7664283461856658,-0.9757826117206103
1390,2017-05-26,-0.09694191564533217,-1.581752966164529
1391,2017-06-02,1.2061216433507882,-0.7590760980011546
1392,2017-06-09,-0.7986411634253621,0.11078298658027119
1393,2017-06-16,-0.4919486294892028,-1.2165100856484035
1394,2017-06-23,1.6198439903615691,1.5390405411553454
1395,2017-06-30,0.22997730807305938,1.275168550299477
1396,2017-07-07,0.9308160105243379,-1.1312273225808633
1397,2017-07-14,-1.122998858663693,1.7421566000672017
1398,2017-07-21,-1.3170530324426943,-0.053443385351259476
1399,2017-07-28,-0.9269718601369603,-0.2223854590174268
1400,2017-08-04,0.8983281594833636,-1.6035455511285601
1401,2017-08-11,0.09751895386145293,-0.30943755618739743
1402,2017-08-18,-0.7021161447133495,-1.6768117811494454
1403,2017-08-25,-0.8518434338521397,1.0147419566475246
1404,2017-09-01,0.8487766009592335,1.3931432241957697
1405,2017-09-08,0.45842113789282823,-0.019456082823143817
1406,2017-09-15,0.1519788115433851,1.5111303963265765
1407,2017-09-22,0.4118752345259935,-1.028523349587429
1408,2017-09-29,1.0171631499467093,0.9460965077346062
1409,2017-10-06,0.41087112077906607,-1.2329998791408059
1410,2017-10-13,-0.5490445475592742,-1.4231974217260412
1411,2017-10-20,1.1824740757222951,0.4849508616952658
1412,2017-10-27,1.324154324036142,-1.25148715933876
1413,2017-11-03,-0.21274306082574856,0.3710048629449014
1414,2017-11-10,0.28698226228622836,1.693141040835866
1415,2017-11-17,1.8144205209106534,0.4188519934202217
1416,2017-11-24,0.8896498067347824,-0.3401503619728685
1417,2017-12-01,-0.2641513904948045,0.8529516781173863
1418,2017-12-08,1.471141466757131,1.9376690083954706
1419,2017-12-15,0.18607978406026682,-0.12294567147397295
1420,2017-12-22,0.1462459911095504,3.379769031144386
1421,2017-12-29,-0.8461242227083554,0.33289195467751664
1422,2018-12-31,0.7750006414882993,-0.17256633550175593
1423,2018-01-12,0.49803904684406763,1.7268249109856582
1424,2018-01-19,2.187896680205914,-0.5871679201438496
1425,2018-01-26,-0.24421599344135458,-0.1140512448667641
1426,2018-02-02,-0.20476531847045676,-3.482325971458966
1427,2018-02-09,0.7759060899047432,-0.5688914519826782
1428,2018-02-16,0.4341467118760489,1.0005054658227763
1429,2018-02-23,0.16731581132627404,-0.1623771676613428
1430,2018-03-02,1.135935581997738,0.8896267077828979
1431,2018-03-09,1.5449327912604893,-0.8861772983957961
1432,2018-03-16,-0.6049100854403799,-0.5384625627833928
1433,2018-03-23,-0.9463575149334047,0.23268065667680915
1434,2018-03-29,0.4388884950792926,-0.7756966846169111
1435,2018-04-06,-0.39515748496059544,0.29807351570818597
1436,2018-04-13,0.5122485571303903,0.524619840562468
1437,2018-04-20,-0.9965777751672955,-1.7232644684225695
1438,2018-04-27,-1.1015560579683226,1.5505026525989063
1439,2018-05-04,0.03294219806009302,0.43774914135046306
1440,2018-05-11,2.3238245211276265,0.6919972947752262
1441,2018-05-18,0.8105131381990427,2.0426531081332966
1442,2018-05-25,0.49161548985816594,-0.7444441036574267
1443,2018-06-01,1.6261874487197403,-0.4389584127493795
1444,2018-06-08,2.998645772926767,1.1149779017024741
1445,2018-06-15,0.29512203984127794,0.39463676385596
1446,2018-06-22,-2.038544390297914,1.4043503076263342
1447,2018-06-29,-1.650987424711492,-0.9342009895631498
1448,2018-07-06,0.011469882961678834,0.27932684570635136
1449,2018-07-13,1.652930670894004,-0.06649536269118794
1450,2018-07-20,1.1657356734492197,-0.49551646111093417
1451,2018-07-27,-1.2514501511375231,-2.209067261213471
1452,2018-08-03,0.7889511527823467,0.06899729912523966
1453,2018-08-10,1.0462137619791534,-0.11844369757341155
1454,2018-08-17,0.1743252048124866,-1.1946967805509967
1455,2018-08-24,1.2499812297311896,1.664864248172937
1456,2018-08-31,0.9701892358347175,0.41431135395733065
1457,2018-09-07,0.6980702922041893,-1.7877508261535557
1458,2018-09-14,-0.6785055614231816,0.3476927721731027
1459,2018-09-21,-2.040393743441715,0.8814433752823314
1460,2018-09-28,0.43930317873996927,0.18506213613838085
1461,2018-10-05,-3.3981699198900484,-1.4610885457194023
1462,2018-10-12,-1.1532313197062383,0.3683046674381796
1463,2018-10-19,-2.106179673029096,-1.837020830085856
1464,2018-10-26,3.0864234052531803,-2.668774608427482
1465,2018-11-02,1.2846510707080538,2.937918811744855
1466,2018-11-09,-0.9897081449490419,-1.3614164357634184
1467,2018-11-16,-0.5096478988349529,-1.882619296519561
1468,2018-11-23,-0.2234343578708775,-0.799632061560307
1469,2018-11-30,0.3735457696233624,-0.05524325023502641
1470,2018-12-07,-2.5292546807516803,-1.3228877746420231
1471,2018-12-14,0.27808607112580486,-2.3675683172938222
1472,2018-12-21,0.8636581318848924,-2.7329568179612185
1473,2018-12-28,2.7449042400484736,1.3537600997928445
1474,2019-12-31,-3.306681188223204,1.8247440808837334
1475,2019-01-11,0.2883330287152708,2.703145664688278
1476,2019-01-18,1.8707168404266783,-0.7758625487018667
1477,2019-01-25,-0.7005165079942532,0.9782763681729589
1478,2019-02-01,-0.9584934724870986,-1.1615182476710895
1479,2019-02-08,2.2865306782499095,-0.7089950227457287
1480,2019-02-15,1.0523665815355576,1.9334234406326312
1481,2019-02-22,0.2093821317549427,-0.15258202510578522
1482,2019-03-01,1.5635504645413079,0.4131531807934907
1483,2019-03-08,-0.21302865754553313,-1.6567173843245797
1484,2019-03-15,0.44014963958731723,-0.05412821459787054
1485,2019-03-22,-0.9593369328461221,0.21308619819460084
1486,2019-03-29,1.3298169573104257,0.789039483089482
1487,2019-04-05,-0.5618020842604765,1.9908916861959947
1488,2019-04-12,0.843293709832027,-0.5615606784632576
1489,2019-04-18,0.8202472471100952,-0.23672062297467322
1490,2019-04-26,1.4218627157948305,-1.3449232058401983
1491,2019-05-03,2.3212134936625883,-1.4284480083750495
1492,2019-05-10,-0.8315531680723853,-1.8998351864444984
1493,2019-05-17,-1.0653314457481966,-1.9250555579760409
1494,2019-05-24,0.9833275652990414,-2.749360846752169
1495,2019-05-31,1.2445213597670923,-2.445816444586657
1496,2019-06-07,1.5770912033530537,0.06855781436141406
1497,2019-06-14,0.2816010428279947,-0.36724272734327545
1498,2019-06-21,-0.6272244861602938,1.0341823688624574
1499,2019-06-28,0.28425362004069754,1.1611038581253785
1500,2019-07-05,-0.09341786348762149,-0.5564162505584336
1501,2019-07-12,0.8444755600377274,0.3874977125504442
1502,2019-07-19,1.5866526423285343,-0.6978107258727162
1503,2019-07-26,1.2984387368359496,-0.5389321788620061
1504,2019-08-02,-1.5556766515374076,-0.9028248110019454
1505,2019-08-09,2.158908977792051,-1.9477830108927674
1506,2019-08-16,1.9133697950534323,-3.299101816352057
1507,2019-08-23,0.5918565989921687,0.00083291353236703
1508,2019-08-30,-0.13523292032852074,0.41235765650546874
1509,2019-09-06,-0.2033108908665482,2.1365851028247285
1510,2019-09-13,-2.8682832172148065,3.897066284489492
1511,2019-09-20,-0.9292900859053543,-0.9904461531095698
1512,2019-09-27,-0.6581430494058016,-1.1358749221805131
1513,2019-10-04,1.9284116529742157,-0.7701371906871701
1514,2019-10-11,0.9973956521020622,1.3240022299406462
1515,2019-10-18,0.7079450863882064,-0.8705191029165005
1516,2019-10-25,-0.3977319022535841,2.9828790351725143
1517,2019-11-01,-0.3735502909252064,-0.3661327600211206
1518,2019-11-08,-0.4492452876329489,3.7637609190551258
1519,2019-11-15,1.9719062656345265,-1.0056497079893534
1520,2019-11-22,0.0993987805699259,-1.2921607007381763
1521,2019-11-29,1.673676942951885,-0.3418346232514913
1522,2019-12-06,-1.1214829328335285,1.028233327655248
1523,2019-12-13,-0.9673269951398944,0.4382134331117671
1524,2019-12-20,-0.9005970481194336,1.539287366889175
1525,2019-12-27,0.34769822499121084,0.4723810996899669
1526,2020-01-03,0.19010601438871344,-0.3989271194837385
1527,2020-01-10,1.930292832598579,-0.7214345974357217
1528,2020-01-17,-0.36083609989469023,0.16693038358743806
1529,2020-01-24,0.9735076654486807,-1.707131884558133
1530,2020-01-31,-0.871507860024423,-1.6341559687213292
1531,2020-02-07,0.8490268964534753,0.644771737766936
1532,2020-02-14,0.9872806310228022,-0.24012080653748047
1533,2020-02-21,-1.3977446860143683,0.4061915041320141
1534,2020-02-28,3.424035745420717,-2.097106943879745
1535,2020-03-06,3.6046744824083765,-7.787791851997284
1536,2020-03-13,8.296837874105446,-9.220104360734293
1537,2020-03-20,4.561783590837276,-4.641125281738246
1538,2020-03-27,-5.2049293652703055,5.635116753714375
1539,2020-04-03,8.244816514437115,-9.851068527774986
1540,2020-04-09,-10.312948282268842,14.585305930149705
1541,2020-04-17,5.077321148239444,0.030585519858550292
1542,2020-04-24,1.8132457112737699,2.5276774008260228
1543,2020-05-01,-4.012902824657727,8.146166787959853
1544,2020-05-08,2.0820861349829523,4.071577763469358
1545,2020-05-15,7.685906464936809,-1.017365930699421
1546,2020-05-22,-4.392356503405049,6.795991621578135
1547,2020-05-29,-2.4466682576667176,0.15387921427088003
1548,2020-06-05,-13.079191680518043,12.57562798513161
1549,2020-06-12,2.9166372247260153,-0.9391388732138295
1550,2020-06-19,5.239066700727091,-1.1019925117163654
1551,2020-06-26,5.933050461046796,-3.7640465654418254
1552,2020-07-02,-1.3813293939808124,1.1039715042425513
1553,2020-07-10,1.9994155794921253,1.06894253269314
1554,2020-07-17,-1.1810280298162668,0.5604587504435266
1555,2020-07-24,-0.3662728147439398,1.483555700484418
1556,2020-07-31,4.205850528828181,-0.7293922372182848
1557,2020-08-07,-3.623656812454057,2.13991621904559
1558,2020-08-14,-3.707639635371762,2.878384365745701
1559,2020-08-21,5.832858680981157,-1.7979437575669333
1560,2020-08-28,-2.292121154497162,3.7240681207805437
1561,2020-09-04,-1.4631166586215438,-0.3520213775502934
1562,2020-09-11,2.56064647128853,-0.8659648587704738
1563,2020-09-18,-1.7628290612990427,3.3496800365140578
1564,2020-09-25,6.477532595108726,-2.5278917125638123
1565,2020-10-02,-1.0578713136457307,1.1817293146748398
1566,2020-10-09,-0.08369549351223693,0.7818264523363538
1567,2020-10-16,1.7511583540298803,-1.5081656961483891
1568,2020-10-23,-4.279131761479027,1.9304162310800344
1569,2020-10-30,2.488074729798395,-3.6004163138814604
1570,2020-11-06,3.4682970663366675,2.259955367497546
1571,2020-11-13,-10.422557943273592,3.4800439282982376
1572,2020-11-20,-2.952676076821803,5.914275624714427
1573,2020-11-27,-5.438597728179351,5.369605118305842
1574,2020-12-04,-2.6321315547671253,2.4804369264992188
1575,2020-12-11,-0.81645234109744,0.5374954816457223
1576,2020-12-18,4.35678513041331,0.21932910464330657
1577,2020-12-24,0.5168075317599108,1.0627767069131488
1578,2020-12-31,-0.8689457387784816,-0.9132299546841804
1579,2021-01-08,-0.07061914180103157,5.652417956652367
1580,2021-01-15,-3.0009356584059343,4.5846883412503425
1581,2021-01-22,3.4815407821790156,0.9330807669924335
1582,2021-01-29,-2.2500186224430063,3.1278993639191954
1583,2021-02-05,-1.5097424234498114,3.0623940393126547
1584,2021-02-12,0.37324861735639203,2.0597376316120464
1585,2021-02-19,-3.046792423452016,1.1216694237746738
1586,2021-02-26,-4.313530698823276,2.864463482592816
1587,2021-03-05,-5.877966700760451,0.7148417016637154
1588,2021-03-12,-1.6213205672147457,3.5846297191660215
1589,2021-03-19,1.077888345373923,-0.4700419437888681
1590,2021-03-26,1.8002404867406563,-3.727909968939558
1591,2021-04-01,1.2086218536930815,1.4834436712468202
1592,2021-04-09,1.998865466179467,-1.0768580643235492
1593,2021-04-16,0.46006368077529114,-0.8857021668317588
1594,2021-04-23,0.9331272388241274,-0.42912369786910487
1595,2021-04-30,-1.946299303498178,1.0114027172334783
1596,2021-05-07,-4.204013613675395,0.7299106182477644
1597,2021-05-14,-2.406851522789777,-1.1843840425211916
1598,2021-05-21,0.7295818404205567,-0.4265374282757306
1599,2021-05-28,0.5080817360201495,3.6540922747777316
1600,2021-06-04,-2.6780080631333636,1.7125707708153248
1601,2021-06-11,-0.24857048707794815,1.4669973313616413
1602,2021-06-18,5.109656631879189,-1.3529648848230935
1603,2021-06-25,0.03317240241338393,2.849023211717694
1604,2021-07-02,1.7880538819860181,-1.2659309139544161
1605,2021-07-09,0.911597386732832,-1.5717382347161246
1606,2021-07-16,3.401042253749309,-6.500741836961832
1607,2021-07-23,1.3271950457722115,1.9090788596272112
1608,2021-07-30,0.6746003712409854,-0.24664522452635396
1609,2021-08-06,0.9105593773912624,0.4709165592602593
1610,2021-08-13,-0.46160121039772184,-0.2375928338832045
1611,2021-08-20,3.9224563764793663,-4.211289406177632
1612,2021-08-27,-3.1896687985765726,6.025806018471358
1613,2021-09-03,1.047146832137602,-1.0172196631366148
1614,2021-09-10,0.7626027260108081,0.2418559213433369
1615,2021-09-17,-0.5539066425990669,2.043541828273221
1616,2021-09-24,-1.4367407113681785,1.220743005591629
1617,2021-10-01,-5.1123144903607365,1.7876886511853263
1618,2021-10-08,-1.0355324350566963,-0.5713996506293562
1619,2021-10-15,1.00147326636284,0.2985518105347751
1620,2021-10-22,2.290274108936896,-1.2191194065136024
1621,2021-10-29,3.9646262833807677,-0.1823970328305169
1622,2021-11-05,-2.6032685148537293,3.997186678247777
1623,2021-11-12,1.745374764362917,-0.8198200045880233
1624,2021-11-19,3.739769013300176,-1.6318958830871866
1625,2021-11-26,-0.9843613722144262,-0.865493268449169
1626,2021-12-03,0.27166162169021124,-3.1673368212342012
1627,2021-12-10,-0.9869207170629557,1.7044061319046344
1628,2021-12-17,0.3792813843879861,-3.6987934297383784
1629,2021-12-23,-0.7104423891757583,2.2457525532040057
1630,2021-12-31,0.8079915746309396,-1.1122879979795774
1631,2022-01-07,-8.074451781084136,-0.47185542419054816
1632,2022-01-14,-2.2649354214843043,0.17792233808680002
1633,2022-01-21,0.11500788260536687,-4.621281713671044
1634,2022-01-28,-0.20413334586262266,1.5987086192335243
1635,2022-02-04,-0.9197043858273912,2.4678608877616526
1636,2022-02-11,-2.8644668780586247,2.6364980473815747
1637,2022-02-18,0.150614792012016,-0.8776813666378058
1638,2022-02-25,1.4153021757283835,1.1092341849112897
1639,2022-03-04,-1.1740605416221572,-0.6750017967739108
1640,2022-03-11,-2.122515830185412,0.4570431033820821
1641,2022-03-18,3.1624043048980477,2.3913410937046686
1642,2022-03-25,-3.2945812277073716,0.9253000211066675
1643,2022-04-01,-0.4259230826834437,-1.4959082582014949
1644,2022-04-08,-0.2885053797387571,-1.4300605137990696
1645,2022-04-14,-4.086085287589613,3.337019668093011
1646,2022-04-22,0.44229079565343277,-3.0001371406907618
1647,2022-04-29,1.8722104666698547,0.5068103888718367
1648,2022-05-06,-0.5542691907481578,0.6482018322849559
1649,2022-05-13,2.1686900160449607,-2.037895718881255
1650,2022-05-20,-0.5983335513839783,-2.4913150555840646
1651,2022-05-27,-1.2802146836341288,4.267595302929528
1652,2022-06-03,0.3042107255647686,0.33996009026582286
1653,2022-06-10,0.5586472432560274,-0.7534751968240494
1654,2022-06-17,4.081485296081477,-4.332405790964621
1655,2022-06-24,2.70225712169756,-1.811259625763162
1656,2022-07-01,-0.5791897199390994,-4.391076562975105
1657,2022-07-08,3.1215045425179833,2.5429188031389716
1658,2022-07-15,-0.8552501131956047,0.02395148781555445
1659,2022-07-22,0.33463055629643357,2.3853506603408237
1660,2022-07-29,-0.06485259713803204,1.5487554271240267
1661,2022-08-05,1.2368609279669096,0.7061157436973664
1662,2022-08-12,-2.9875836595017136,2.7368411816516947
1663,2022-08-19,-0.13459588024659075,-1.4491299670508329
1664,2022-08-26,-2.193581946736256,1.831285844333519
1665,2022-09-02,-0.7730045297133059,-1.4371113348532694
1666,2022-09-09,0.7751614265007367,1.480104755504419
1667,2022-09-16,-0.8153277387738744,-1.151319222627012
1668,2022-09-23,2.7076023202432298,-4.444792782689033
1669,2022-09-30,2.314473775795367,1.222350730805366
1670,2022-10-07,-2.8275864810568874,3.813405020343108
1671,2022-10-14,-2.154163522958674,-2.27403191827521
1672,2022-10-21,-0.34129571454540875,1.3388584257531644
1673,2022-10-28,-0.17284128464659654,-0.42817748982459936
1674,2022-11-04,-2.011015846167763,0.03500413471879682
1675,2022-11-11,3.2810232931794747,3.254728099173776
1676,2022-11-18,0.2059701252907553,-2.081966410415015
1677,2022-11-25,-0.6902710139749191,0.11550458120679341
1678,2022-12-02,0.3573668115083306,-0.0102364128712229
1679,2022-12-09,1.0621043760028925,-2.2214182260216098
1680,2022-12-16,-0.41158132739234077,0.905064913460496
1681,2022-12-23,-1.028072852088302,-2.0062740739526963
1682,2022-12-30,0.27358461494018105,-0.2915398789291035
1683,2023-01-06,-2.1865900518398873,2.2367955773773485
1684,2023-01-13,-0.2725154056794965,3.0248756873705984
1685,2023-01-20,0.9150888068625296,1.190274749098763
1686,2023-01-27,1.2174666369784592,2.6182528903790248
1687,2023-02-03,1.9442863017063772,1.3710372143777683
1688,2023-02-10,0.20641665925791308,-1.6310368463154146
1689,2023-02-17,1.561293787396112,-0.13993727784491483
1690,2023-02-24,0.20650106771000765,-0.36663569299637544
1691,2023-03-03,1.0035530663774939,1.7216486452103386
1692,2023-03-10,3.237187350658144,-3.1140157361752796
1693,2023-03-17,4.078864240037183,-3.9551741085656067
1694,2023-03-24,1.3312937659115676,0.1014385073873525
1695,2023-03-31,-1.4077051751142156,1.7326008548936178
1696,2023-04-06,-1.614856556073807,-1.772065594835881
1697,2023-04-14,1.298617384573597,0.9176061799980761
1698,2023-04-21,1.0736246026424645,-0.7003016253568473
1699,2023-04-28,-0.18421194020005194,0.10870344942783827
1700,2023-05-05,1.3629879747198315,-2.0648113542962365
1701,2023-05-12,0.9732450262841308,-1.0876114562478167
1702,2023-05-19,0.8988384772866453,0.9969963532330706
1703,2023-05-26,1.796789496619522,1.1385116179613686
1704,2023-06-02,-0.44929953607523165,0.13514202780018358
1705,2023-06-09,-1.605490095772577,1.6691344716208256
1706,2023-06-16,-0.18349725073041334,1.1702679546822026
1707,2023-06-23,1.0037968591196877,-0.3642622421952568
1708,2023-06-30,-0.5401539831158875,1.812554185197457
1709,2023-07-07,-1.6777794950846192,1.1070006243352637
1710,2023-07-14,2.0948773004390464,0.2469073801988131
1711,2023-07-21,-0.7782594580738822,-0.49658674334412956
1712,2023-07-28,-0.6862242246017947,1.944983263386968
1713,2023-08-04,0.6737442271724348,-1.0721278452563432
1714,2023-08-11,-0.7500456114677645,-1.7017128697568107
1715,2023-08-18,0.6643445056016439,-0.8596640272863998
1716,2023-08-25,2.5376020517160924,-1.4629148712307027
1717,2023-09-01,-0.1513622239379453,3.112804216072429
1718,2023-09-08,0.6212330953401013,-0.5225280684634681
1719,2023-09-15,-1.3152605798489092,-0.9469138019494894
1720,2023-09-22,0.8472986997703824,-1.9372280871542635
1721,2023-09-29,1.1998467224910492,2.524258846844041
1722,2023-10-06,3.16388333604265,-3.734140381477935
1723,2023-10-13,-0.6819344637547409,0.0804720435940709
1724,2023-10-20,-1.3535377200269094,0.5196099983320934
1725,2023-10-27,0.2548501238287759,-1.5262909538780067
1726,2023-11-03,-0.35544525874343647,0.9916546259783221
1727,2023-11-10,3.2900406324948728,-2.5001174458475717
1728,2023-11-17,-1.34232692485462,3.1460608873756346
1729,2023-11-24,0.7550562280214335,-0.29399944880963425
1730,2023-12-01,-2.2529630278458,2.8372673146875416
1731,2023-12-08,0.7070186713812321,-0.5058518179751559
1732,2023-12-15,0.47034266931373914,3.51704805213231
1733,2023-12-22,0.09781618090323185,0.32394666066932754
1734,2023-12-29,-0.20901913913571324,-0.5068803504688635
1735,2024-01-05,-0.8460965926610609,-0.9261861279353245
1736,2024-01-12,4.021334917681663,-1.407261980970631
1737,2024-01-19,2.4913123145813953,-0.8301125759904382
1738,2024-01-26,-1.8977779364732772,0.9213780010459471
1739,2024-02-02,1.7319227162539308,-0.8493300241828594
1740,2024-02-09,2.2405674140183462,0.95000311368727
1741,2024-02-14,-0.9279338832613893,0.5791737434810873
