Phase,Year_Week,R1-RF,R2-RF,R3-RF,CMA,CRD,EG,HML,IA,LIQ,ME,MOM,Mkt-RF,RMW,ROE,SMB,PC1,PC2,PC3,PC4,PC5
Recovery,1991-14,0.8087215233881784,0.8883165947937366,1.0460183160462933,-0.570729966312844,1.1502208553572535,-0.5419,-0.8695604951632796,-0.2831,1.4720177872536988,1.9119,0.8919330334654862,0.5131366110453728,-0.0324568893573795,0.4557,1.521326312338411,-0.8875439591568972,1.382711376087754,1.953376555442111,0.6532607438916028,-0.6257146308961619
Recovery,1991-15,0.264304806086213,0.6256989821010528,0.9936224019255092,0.6213853327045715,2.298819669421115,0.2974,0.2694597884262961,0.7554,1.1556843940289552,-0.6018,0.5301509009708827,1.069283715545022,-0.1601837553074969,1.1641,-0.2052302878565726,-1.6787964597520504,0.9805013789942644,-0.21173292953619438,-0.7828873487912608,-1.7078867226716676
Recovery,1991-16,0.3974106520802323,0.9072571620411196,1.589490483921363,0.3698527290994846,-0.3181410995962253,0.1628,1.181053898191542,0.0403,0.7263443151702909,-0.6797,-2.540450306928743,0.8231787679678026,0.4385830336026242,-0.9019,-0.383024565109713,1.7620759858310493,-0.6222823458906098,-1.779747594447676,-0.3244317148964082,0.08839302815308585
Recovery,1991-17,-0.4612407672706098,-0.4007249962255543,-0.4024820479065272,-0.1202179231172273,-1.5943598199590348,0.7819,0.1093923877888425,-0.2596,-1.9432225360529127,-0.6371,-0.7584052920748818,-1.5070456704210369,0.4101313091587233,0.1809,-0.0436275190847545,-1.0941719835915853,-3.000622111767223,-1.4661136783701219,0.46632708449093446,1.5480350158019471
Recovery,1991-18,0.8211126904234645,1.5248426097398182,2.275010501080632,0.149087925191238,-0.7477096323558974,-0.9039,0.3583680655928623,0.0811,-1.7895227248994172,-0.6211,0.498411744679017,0.2841982120403763,0.1498998500230719,0.3691,-0.4279787924079459,-1.3026514045832773,-1.7182372216945385,-0.56451644692383,-0.7701355156259662,1.4757128223627067
Recovery,1991-19,-0.0070618873045047,0.3196717654819769,0.571269951320974,-0.1902147943284582,0.5336475279265285,1.181,-0.3112472440798486,-0.1435,2.8049166017312777,0.9044,0.1187132875289043,-1.0271429598166404,0.1285485804750408,0.0872,1.1998984367178167,-0.27445584017049435,0.6072133918032255,0.5457546301096086,1.5955197029921355,-2.0023281033032605
Recovery,1991-20,-0.6589407221085142,-0.6800396246724016,-0.7920468335590014,-0.3016532031598906,-1.3060057430794858,-0.5579,0.5873455787391846,-0.2405,-2.839994765710474,-0.6109,-0.3826056671733968,-1.2203356562811352,0.360012261240783,0.4603,-1.009088148207371,-1.487309751897703,-3.254168705594834,-1.6278794871763744,-0.003047449684581399,1.988281318373874
Recovery,1991-21,-0.2147846441294065,0.1973884243376078,0.7557937872607834,-1.1947043724915063,4.459102318385688,-0.3892,-0.6089774068536835,-0.6087,2.8516329468858848,-0.2377,1.2337901427691644,1.4452249891562683,0.7815977844462196,0.8735,-0.1017117520317301,-2.2933715791844502,3.876237930107119,-0.2213480885889731,-0.1273484245205782,-2.7446243186971215
Recovery,1991-22,0.9692227694040544,1.3618590004919495,1.7534617575614364,-0.4095261180459886,0.832738990135562,-0.4323,0.1882194962143035,-0.7266,1.387666509607488,-0.69,-2.2921096596255963,3.031909753441719,0.5708339763776049,-2.079,-0.2216001880000151,2.050936253603961,2.232358698486343,-1.548413883141586,-0.935155083465957,0.8347970316489483
Recovery,1991-23,-0.4243302669601489,-0.0068480590926345,0.6224884947271914,0.5193232102893797,-2.556100142495199,0.4398,1.2147481007645178,0.3773,-0.5940249649169949,2.1869,-1.254717215503609,-2.212431468960818,-0.0603699132974422,-0.2838,1.8931530801879148,1.182870608653213,-3.7981716341153517,1.4680772964397286,1.5423265426239998,0.698180617739583
Recovery,1991-24,-0.1124940521334938,0.3504196437499329,0.8259454029120983,-0.3098169129246542,2.876253847974408,-0.2253,-0.1901879915812698,-0.3511,-1.269019437334662,-1.606,0.320079863030398,0.327225184811386,1.2746388471015058,0.3623,-1.0965421012576693,-3.121281898105111,0.20714043622052986,-1.8691377008099046,-0.634437865348263,-0.02259205750891012
Recovery,1991-25,-1.0607625856880245,-0.8794291420780032,-0.7703123943278101,-0.0105928213001482,-1.877712623941441,-0.1984,0.3001197197902261,0.0958,-1.7415786307192538,-0.1741,0.4501112798539486,-1.33826695251833,0.6314013240535932,-0.018,-0.1417507408768337,-1.160168972505943,-3.0001782844118448,-0.5327841109735396,0.26192652157213436,1.3615950928201506
Recovery,1991-26,-0.1927964701270767,0.3542980292915887,0.9528889770946902,0.5302897344469759,-0.7574203681623204,0.4813,-0.1312284711991185,0.5014,-2.2256041972967044,-0.3739,0.1092315046389957,-1.783835456888394,0.0298399748532851,1.3461,-0.4449332333092304,-2.4443656976687222,-3.2229946582712734,-0.9105027706766922,0.3544700974891287,0.8544978102540146
Recovery,1991-27,0.4164852069810099,0.4985645023045882,0.4147786575892099,-0.5202012529726185,0.3973309166017458,-0.0427,-0.6786061013191902,-0.1627,-0.5379796397406822,-1.0458,1.163857702889981,0.6742307887870336,0.9025834847030012,0.4139,-1.0313339501906271,-2.2835776479877734,0.04230116883430034,-1.3069473654709554,-0.8992976958169537,0.4095277467566069
Recovery,1991-28,0.7383726426828163,0.8066308256806876,0.9655771694469184,-0.8281346380845434,4.393798591894749,0.1626,-0.7280034806048996,-0.7582,3.2677156767541904,0.3694,1.833228552630661,1.7586081513458085,0.6714700540292551,0.1991,0.3951672345340551,-2.202406581271828,4.393382000627119,0.7096654223117284,-0.15239784395876077,-2.7364777837175667
Recovery,1991-29,0.4734880361576988,0.6137055242176004,0.7787615530876035,0.5403028379344255,0.0360026541524005,-0.0133,0.801707759280168,0.2596,-1.224348417316623,1.0685,-0.2511079750766698,0.998612718572378,-0.3201706317860986,0.4736,0.6301345944463854,-0.5333695434360646,-1.1182011062910517,0.9207022415966979,-1.0043549303848396,0.9659646240869569
Recovery,1991-30,-0.1910910867379378,-0.1067128792774373,-0.1907975900920399,0.2992003800587284,0.4406472070415557,0.4435,0.5108023382690563,0.5382,-0.4875683738007619,-0.5523,0.3298839130059017,-0.982004980698914,-0.0703605734019952,0.7044,-0.4304645021877773,-1.8047477161067942,-1.5107039631513768,-0.7446817084214631,0.28259012487114676,-0.3900126471687575
Recovery,1991-31,0.6479002005907342,1.0354591616601017,1.413694519199149,-1.273663136668457,1.8605923587822204,0.0838,-1.432285790881782,-0.7549,2.536509264637554,0.0581,1.064126911962937,1.6986161227865004,0.2499477344768186,1.0655,-0.1826437073614073,-1.5442830748250993,3.193271992224675,-0.3976733338127279,-0.3793500351884247,-1.38063264010648
Recovery,1991-32,0.3237828263981113,0.6960012966213736,1.00219685797871,0.2600597175843155,4.602372953168321,-0.3182,-0.0202888497655595,0.4752,1.5906837260117657,0.2714,1.0745082794323402,0.1802750265808228,0.4798105640449579,1.1693,0.1639810825575072,-2.8438475079475998,1.8299718473199589,0.6376621122549444,0.2908473166028608,-2.8506111102625513
Recovery,1991-33,0.4525879467460081,0.6655664638199443,0.9402350025101924,0.4493580877521275,2.8210704728440783,0.3944,0.6470474142698412,-0.0464,0.6809173975115934,0.8247,0.4186464628265884,-0.184889570861213,0.3198617649381008,0.8478,0.6101853980855276,-1.9107872938448955,0.3460283645231126,0.7770705310085223,0.17677906009506023,-1.732878820739982
Recovery,1991-34,0.6208852420394706,0.8451662978947949,1.1502238007776278,-0.590721788733739,3.0247713820894084,-0.0908,-0.4900837170333405,0.0115,0.0594897367579116,-0.6113,0.7900628628504602,1.866327815311064,0.3999677703792059,-0.0046,-0.59099990967868,-2.348185158137728,2.043746856256439,-0.5641190256566916,-0.9977230745831926,-0.1749215172019623
Recovery,1991-35,0.2196810628283252,0.1632120612098609,-0.0193837202812296,-0.0905747607417795,0.3609379900032294,-0.514,-0.6291341033267339,-0.2338,0.7481896251624542,0.4098,-0.031067569632992,0.497436290122355,-0.3500549305036626,-0.7695,0.9121453054742324,-0.161804894622241,0.7199008311550612,0.5541551670347477,0.75780433793705,0.5277161803908025
Recovery,1991-36,-0.4763444755039647,-0.3608776739752239,-0.2945527131633207,0.4905426565459558,-1.7283828764390274,0.6642,0.1800209432053057,0.0607,-0.7392932020619192,0.7207,-0.4698481221999895,-1.661263786006406,-0.8078323319487879,-0.3007,0.5309927830217553,-0.2744716269345484,-2.468403549794936,0.12756040515340394,1.377197747738585,1.1128555952697343
Recovery,1991-37,-0.0303011295413657,0.190758999048879,0.3515565146657185,-0.5116136207156896,1.61257141843838,0.011,-0.5602868593095223,-0.7272,-0.4684056916764767,0.7337,0.6997824818547382,-1.263997290227048,-0.0305707753887052,-0.1828,0.9015216710201112,-2.285429569890198,-0.12041545098071092,0.6282540247858142,1.5747112923553186,0.2826960110994923
Recovery,1991-38,0.5056561274975335,0.8166930528541894,1.1003903551165095,-0.0204018308531894,1.3629925909805385,-0.2785,-1.0655162284170403,-0.3328,1.4669966182685457,0.0475,1.7198543992698712,1.2959760481510596,-0.3498847906145519,-0.1004,0.1068982404600626,-1.641255571671464,2.1570862328972256,0.5621029156865491,-0.06730291271766295,-0.41121457169939124
Recovery,1991-39,0.7874268534948659,1.420982819092953,2.037187854344724,0.1292306223885653,-3.0044636052672047,-0.1854,0.3497257280959953,0.3197,-1.539972024853009,0.3201,-0.4500571546883103,-0.4414657793059495,-0.4994766060229083,0.1661,-0.1008115740392057,0.2013325894449252,-2.914775850378546,-0.3675397776693293,-0.06867392023377769,2.05601676783495
Recovery,1991-40,0.2073516569370382,0.672323120237106,1.1120013928516803,0.1092759960306999,-2.954337954405029,0.1806,-0.0227451641975906,0.4447,-0.2393533858138452,0.4285,0.0984365533498676,-1.0430211138897527,-0.3601711003604291,-0.0375,0.5301525240161808,0.2148269999571619,-2.4378416868296684,0.14578253201546715,0.7086923813807218,1.070958004552246
Recovery,1991-41,-0.3352744441960098,-0.388500014990345,-0.4028321480097907,-0.1699699080601635,0.3242802446640658,1.2524,0.0591991635194855,-0.1937,0.8669891396274831,-0.8113,-0.1910480499711098,-0.2687062847976373,0.6108359231123295,-0.4804,-0.4533515149252598,-0.8218068253347091,-0.09635276073334106,-1.4688493519666026,0.25999897361533514,-0.5572748180916123
Recovery,1991-42,1.520913117137801,1.936750272540988,2.2951624135288284,-0.4300990985957709,2.646022062215958,0.0265,-0.2601204528682732,-0.4081,3.2714840576734794,0.2924,2.296349688292021,2.996634360221684,-0.8377742539854571,-0.2356,0.4270924871778936,-1.062226851551453,4.442559811194447,1.304470860968821,-0.9007796613667568,-1.6222893104849299
Recovery,1991-43,0.3977545621983269,0.2039640469041259,-0.1182553358378024,0.6207508236634629,-0.5849995499460747,1.1636,0.21845813491701,1.0614,-2.378167983373769,0.4169,-1.2850742975183185,-2.172548799003837,-0.6785313163405138,0.4275,0.287575448052535,-1.4401600829949353,-3.593445505951921,-0.3892318511751245,1.217531163094528,1.2459359608309315
Recovery,1991-44,0.6934204328697513,0.9569628991327184,1.3118252468605762,0.0784619067718983,3.519661764950932,0.4167,-0.7690378646744489,0.6955,3.731901821851724,0.2529,1.8213153268409552,2.060546703502464,-0.3805951773905636,0.3911,0.3047770128453919,-1.6254315037829545,4.017093356668678,1.088249866393852,-0.3090512824176931,-2.9411536623914305
Recovery,2001-40,0.9465800114615508,1.822814306420528,2.557199693279477,-3.033438306476266,1.1667921663636172,-0.4006,-3.3475661859227457,-3.0581,7.898344387169476,-0.8447,-2.8582658836194152,2.9285726879387357,-1.4141493954410889,-1.4195,-0.025805233778775,3.56118889383741,8.114899011373502,-2.9551695412872787,2.4895097210036123,-1.3455170906712175
Recovery,2001-41,0.0101580779895638,0.7962873333403175,1.3640747959749122,-2.7217831236596046,4.703139418722024,-1.6559,-0.580759394954089,-2.555,7.471684029801162,0.4213,-4.9922113416331015,2.1751852837333496,-3.356743228674941,-3.3319,0.6099248405541546,4.91669594914754,8.308903586923766,-1.6478826726780087,4.449779972929766,-1.5403915977980103
Recovery,2001-42,0.3002800367166269,0.5451745515551831,0.7758704151549001,1.365561109569824,0.2384754401953293,1.3101,-1.769987945978213,2.0226,-1.961499769267616,1.1836,1.2590558568907229,-1.5359600253929573,1.732670742667497,1.5162,1.711095993081968,-3.6411626165149142,-2.9767588315580245,1.8401347731239182,0.012501392373260117,-0.1973921909102248
Recovery,2001-43,0.5498226437752551,1.0844673889155,1.4464280597101364,-1.13817285050416,3.0605563078289766,-1.286,-2.8620905834639165,-0.8278,4.988321145768682,0.5939,-2.9489723677885715,2.9286149136224404,-0.7533612622681041,-2.347,0.4785074038291315,2.497647641596782,6.256414265693534,-0.6992864700791611,2.015672729411173,-0.5648879264313812
Recovery,2001-44,0.943918714165526,1.5215542738155063,1.886210056512616,1.1561665106492036,0.6053118293812165,2.1989,0.9774333636503928,1.2832,-1.3427816993598185,0.5207,1.2979203233261627,-1.6810258972226988,1.3029626512744752,0.0662,0.8982937950813952,-2.732940070348199,-2.904171622080634,1.0138534142646838,-0.13406964589114878,-0.8434802833719997
Recovery,2001-45,0.3047635017493056,1.2293857501527672,2.149081578369461,-1.7895915428829734,0.4775585986654507,-1.1092,-0.2113655335445718,-1.991,2.5654508074727245,-1.6427,-4.115003294440756,2.7875746172306703,-0.8420671740410834,-1.8106,-1.552291255088989,3.3251877302208626,3.4278478552894813,-4.016036490089569,0.3668555127656166,1.195378281952564
Recovery,2001-46,1.0353833469163964,1.667191428820236,2.159419296027121,-0.6529503465332764,-1.4215352257565206,-2.2812,2.151338752863108,0.1952,1.7157833724387397,-0.214,-3.4628053722283503,1.8794426242669804,-2.408082186884686,-4.1343,0.4318745821753511,5.430216017923793,0.8894587347447647,-0.551584267689299,1.3881937147882388,2.26211410480922
Recovery,2001-47,0.4951338849675579,0.5268837269663873,0.6262208534073332,0.4492923984687591,1.0807055868640836,-0.3642,-0.4993919200998342,0.4316,0.5688026055437057,0.9878,-0.256277432857066,1.027516380672,0.2946311025679993,0.4182,0.691546243025476,-0.5723795281485334,0.4534348851613132,0.8296017665606438,-0.28405266788073175,-0.32174064213617065
Recovery,2001-48,0.0451669899005581,0.4754867528088181,0.7950221155501814,0.5206260748516378,2.042824217721506,0.1305,0.7679676552255321,0.4416,2.197015003808267,1.0401,0.4723909715642627,-0.6248303263314381,-1.203784948259401,-1.3296,1.454499435026757,-0.18712191385655128,1.0412319111917556,1.8042977062627743,1.9734929066227267,-1.4721591858159728
Recovery,2001-49,1.023379189511342,1.7393650222192305,2.674605496609184,-1.633971922258548,1.299665113961046,-0.5746,0.1659170282084954,-1.2207,3.449694464541686,2.0064,-1.3982305259842345,2.0067813390694638,-1.160816235422124,-2.2651,1.8608649656518097,2.6622029525390634,3.746506385356975,1.4107219728112916,1.387863950825134,-0.000944507444655393
Recovery,2001-50,-0.5339809435511378,-0.1401936949286919,0.1807207049267623,1.5543119410518005,0.6068180331517903,0.4597,0.0082714877707834,0.9643,-2.370846252880976,1.2802,2.408194684121834,-2.862117491946037,1.396586192306426,1.318,1.7213471355647547,-4.120577124538629,-3.8093923151263565,2.4037720817698207,0.6686745404847275,-0.5185965738891478
Recovery,2001-51,1.4163985423339964,1.939513091040368,2.386960123518378,0.4150249422596008,-0.2034253391605789,-0.3411,0.2296240894915424,0.6103,-1.051052565411814,0.8653,-0.4331306783618371,1.9631468966954555,1.458087989042589,2.406,0.5152437293498568,-0.746378071593509,-1.2777527766127317,0.4313316021914298,-2.6807579594370523,0.06298651048918322
Recovery,2001-52,1.4220859236248715,1.7962032660370664,2.0254621402886253,-1.2947061894601597,-0.4433462647888686,-1.445,-0.4701345379887978,-1.2947,1.5445434100979316,0.4955,-1.325895800165766,1.628664813628955,-1.265710487167182,-0.9821,0.5095045691017708,1.7828835314304587,1.9631199830251462,-0.29045356917771004,0.7934189398741586,1.4211251100490447
Recovery,2002-02,0.4108577344712705,0.7862707703837346,0.9726756732594932,0.6104562574202888,-1.2997036068967405,0.8859,1.4661072276986653,0.1008,-2.241502502267678,1.107,1.3165098472744274,-2.144171934908756,0.2395356716991648,0.8378,0.8761590318582035,-2.094520404613573,-3.960233186542504,1.1771926383903946,0.17049854352940313,0.5780408589766358
Recovery,2002-03,0.6537567658721599,0.9631175858367368,1.1482461113677234,2.0020951765363337,0.773184243866365,1.7729,0.9480019791790584,1.5273,-3.27324350964312,-0.1051,3.0314768008904647,-1.8335678320736903,2.8594996196538824,3.5475,-0.978969099641558,-5.8620180496170375,-4.7896624538220225,0.10256602830846306,-2.4704256512375173,-1.7650792408309581
Recovery,2002-04,0.2950824920187501,0.3675053846579735,0.5279802246280331,0.8855083036532152,-1.1693430256983215,-0.1719,0.4600535853823695,0.7707,2.390012321482904,-0.2416,0.1378066113192355,0.5934108543728112,0.6009032637252831,0.0083,0.0876492226520087,0.9658834281087886,-0.2749693986154965,-0.1150136309991501,-0.3767114210606205,-1.469464214269675
Recovery,2002-05,1.3087002061088926,1.8130868572640455,2.003510643031792,0.771389668082012,1.2540104453327316,1.8112,0.104520020416654,1.0451,-0.5395379152613566,0.493,2.523027792494404,-0.8462642233381001,1.7809024566384224,0.6889,1.2479979226745377,-3.5158619354578455,-1.4539038956471968,1.5630553548562198,-0.6446618745477196,-1.4519878346177877
Recovery,2002-06,0.1020971661868097,0.5303173165903896,0.7848910238133167,1.582230717590738,2.8853394757749395,1.4983,0.8370322367018845,1.1705,-4.419743049952396,-0.5884,2.5461922063180875,-2.33779898927603,2.330584859991069,1.4383,-0.7331564457386364,-6.497115741539423,-4.041836539027137,-0.039528402760274584,-1.050850376490197,-0.5330135037633024
Recovery,2002-07,1.0938169976327794,1.5966694563005035,2.194530518820881,0.8772404940871947,2.376084076647733,1.1138,-1.0867728084527073,0.3794,-0.011788089532394,-0.1212,0.8362412357540316,0.6615429217248447,1.7280564761170902,1.427,0.4218919359120665,-3.085015242638528,0.2926860827474609,0.08194007232772026,-1.1465128749403362,-1.3586797165947364
Recovery,2002-08,0.3579516899387514,0.5792871473124573,0.7520548013084217,2.5498410002145144,-0.2197253235171059,0.7845,1.3758475837678974,2.5425,-4.71346681977185,0.2213,2.1403079746212805,-1.4122338431719728,2.969672128633971,2.5553,0.4091655367750579,-4.516551403235077,-6.20613290646361,1.3242047179486862,-2.699159362241464,-0.2332164809155625
Recovery,2002-09,1.1169520461779214,1.6931937294503152,2.4032363860759576,-0.9140814845740032,-0.7816183336049609,0.2737,1.1425712414029787,-0.6686,3.519329437337726,-0.9305,-1.080108407502922,3.7916308706863022,0.6467836880665212,-1.2043,-1.380457482911568,2.812214422984273,2.744311346510864,-2.154589402417187,-2.206599104428504,-0.7671598983629955
Recovery,2002-10,1.371426826035527,1.7109636407573792,2.2548789706219763,-1.899544660719976,-4.1548422530024105,-1.8976,0.1894504653969564,-1.5655,6.113987165032464,1.4601,-4.047235322849707,3.144583050680083,-2.9784582814824434,-4.2592,1.0814300268065846,8.60131412320891,3.960148327997255,-0.2613935271493227,2.187075010761537,1.7842103211489735
Recovery,2002-11,0.8792170912510722,1.1931232535881575,1.4879664167061657,1.5059761002511165,0.0033881444064576,-0.1043,-0.0108393489279712,1.379,-2.688422192913132,0.5009,1.7647939522295264,0.0994801182776505,1.2507651585814683,0.4519,0.343597323341549,-2.8404623950011003,-2.6327931541244154,1.3596784085825422,-1.4165386210710609,0.9103092335735411
Recovery,2002-12,0.924405164571307,1.295910610854456,1.8609002030900208,1.0300085851996157,0.7904468218016714,0.4251,0.5285952516285164,0.922,-0.5295688803408027,2.3741,1.4726815486963307,-1.1862528150963447,-0.3820930146155699,0.6562,2.104158224827146,-1.9248115035615918,-1.670399651419806,3.2139798542646307,0.745408289732605,-0.570112344377117
Recovery,2002-13,0.9834752507054346,1.652625996617818,2.15266127067697,0.7700815354350299,-0.4096118203890997,0.635,0.5985964866176197,0.9295,-0.4459302317921687,0.9174,0.8795770575999784,-0.0243317762649963,0.8150292394784042,-0.4176,1.0427384633407977,-0.8587906712734497,-1.5986553140893514,1.3930525479719045,-0.47547141251934716,0.016485252759369955
Recovery,2002-14,0.7301562113363413,0.7916788120663654,0.6310423730753412,1.3941022592493413,0.6879075771550891,1.1636,1.851579711402373,0.8217,-3.752661182270866,1.4412,1.8700399903243128,-2.1462083512628904,1.8660747402711173,2.3629,0.6806479616609407,-4.258030718508627,-4.949510155118643,1.6069273332500769,-1.2713326264296398,-0.49971563673319597
Recovery,2002-15,1.9593238177412653,2.5207485485055914,3.2012997425783007,2.018579661479314,1.5148203801820026,0.1308,1.3535076607670726,2.211,-1.982617654172114,4.1086,2.653987272589653,-0.5161650614885049,0.8439185548316575,1.3572,3.774501211658365,-2.764089681768398,-2.91309993905305,6.200105667285582,-0.8519935340388513,-0.9222055133027156
Recovery,2002-16,0.2478943255895149,1.1447297172886284,1.7187708410709934,-0.5540888969863045,0.0850116536063927,0.4632,0.6164300696773095,-0.6698,3.021851747150861,-0.4927,-1.5863169805033106,1.2600472815046615,-0.873543777502972,-1.3569,-0.2030528182544011,2.0308367225170127,1.945034545819941,-1.3884694985003885,0.5726983496724702,-0.5745406631269147
Recovery,2002-17,-0.0849522496834009,0.6680080819060352,1.1232102865181837,2.258969739666461,1.0116737334726178,1.7768,0.5570944249324361,1.6763,-5.052787835175366,1.4992,4.663187339873898,-4.136994143745143,3.032244363447867,3.3563,1.3865196556540615,-7.720743987436224,-6.562504383120753,2.9916230216959594,-0.885944256716523,-1.1586772591425576
Recovery,2002-18,0.4491657434320339,0.5638425194798291,0.6580891648754639,2.3483992422278943,-0.9185953126109035,0.372,1.2098841802550495,2.2637,-3.226300391724945,2.2721,2.979544287230662,-0.1285381804413066,1.5189829778775366,1.4755,1.9762007232676515,-2.9483250500440503,-4.404148147885935,4.0566138013979405,-2.3337054299918214,0.28548254955082786
Recovery,2009-14,0.3440506727158787,1.1728298451429089,2.140249071579481,-0.4728677802268155,-2.035215127178125,0.8772,0.8795919450200529,-0.6341,4.929311599496389,2.1493,-5.114233914977251,3.484641746275896,0.9463158610868884,-1.85,2.844254995334672,7.070830896335501,2.1082590480940735,0.4156981590327484,-0.6146777724550918,-0.7058519389068831
Recovery,2009-15,0.2790051866008226,0.8260607394725561,1.5104864237333926,0.0681280515065774,-1.0278575152350755,0.0535,3.648296817484109,0.92,4.085772387611675,1.603,-7.391179426915584,1.7381917172028638,0.5000734250000027,-2.0042,0.9711213423322372,8.017454956482466,-0.36742153254781607,-1.2366155363637277,0.19365661876202656,-1.6461064931039424
Recovery,2009-16,1.4289380915196714,2.6819540360260907,3.9635434860163743,0.8108648400525498,-1.2220858822530989,-0.9115,2.0274084875300247,1.0369,4.329950206219135,1.6963,-7.953815670877019,1.5693138525068928,-0.4550446558690635,-3.3756,1.5256346184640224,8.688061767732773,0.30153264338329633,-0.701712468171824,1.7692925415456306,-0.49968992919143235
Recovery,2009-17,-1.741084279692573,-1.200074761635217,-0.7849393721436337,-0.0821694615336432,0.3580843395496247,0.7527,-2.2392424530962907,0.602,3.3298120740469006,0.8999,-3.1363778328930447,-0.4482366656026082,1.747761002224113,-1.5097,1.206660165677076,1.8859275628602301,1.0149431081122917,-0.7108215343624784,2.2291869636220683,-1.3311578138844182
Recovery,2009-18,1.8946649940407845,2.572158180423489,3.4383779586922403,-0.1800978523443297,-2.845118791257628,-1.1306,-1.2885446521427202,-0.5018,-1.6634796886948688,0.2927,-3.7875652616993114,1.6389236331692203,-0.6536356582996561,-1.0609,0.3958178675105062,2.5548617408563383,-1.1519484061620355,-1.3152579732939895,0.00474785836726825,4.239808615999302
Recovery,2009-19,3.528905512889424,5.056984277318133,6.700279013623178,-1.4614993063740478,-8.965943001208142,-2.8373,7.871958217179076,-1.3525,7.510282388500222,-0.0089,-13.877827730246818,5.647275487624848,-0.244839625651394,-4.0481,-1.0897518711931786,19.49974536475551,-0.6605509406015369,-5.9589430047639045,-1.8999455155313336,0.5728014474349292
Recovery,2009-20,-1.1070681156796658,-0.9468104900774764,-0.859439245879845,0.4888691552431101,6.748828912092031,2.3056,-5.594587139613438,0.4739,-5.356184029736588,-0.8441,9.359472146053928,-5.081817304643044,0.1886166902370867,4.6979,-1.4497565076731278,-16.296822224918728,-0.8803779762107706,1.1760015040071354,1.7759534584135976,-0.8426641194937068
Recovery,2009-21,0.5469988775283152,1.3072859509628998,2.090318780207645,-0.1112379689632625,-1.6724977481322512,-0.5555,-0.6884682363954342,-0.0045,1.8853247160977027,-0.2297,-3.4946784743075443,0.7089626694249285,-0.9074020953304008,-1.4817,-0.094469212871695,3.190378586627658,0.3512957285612606,-1.7745709761442006,1.3732438713959294,1.0967708855791636
Recovery,2009-22,1.2404693913236289,1.5210632778860145,1.8017564252587488,-0.7782097627324069,-0.4241831651284999,0.2249,-0.2412993097674953,-0.9887,1.6709995714398571,0.6267,-2.341857369015987,3.704151159548008,-0.1003267375353944,-2.0145,1.0619064601279815,2.9358084985417854,2.583982280341234,-0.2172377053555285,-1.0617458432119598,1.5973555586056059
Recovery,2009-23,1.662025672622125,1.6761905017453005,1.759664331975519,-0.6596837780132869,-0.6578007112953088,0.1739,-1.1990445381355963,-0.5705,-1.9937790804952948,3.3751,-1.2636216131193034,2.5893625996719294,0.3465725502517225,-1.3765,3.3695623117320217,0.8210416031196707,0.1940474275431173,3.1208980570391756,-0.8631897617746287,3.711134703572506
Recovery,2009-24,1.416030268132995,1.956086956898373,2.3425785400353005,-0.0307849874671917,-1.6279019380575632,0.305,0.2164758462406713,-0.1374,0.0439013566281509,-1.248,-2.336916270809075,0.5977881684739339,-1.068531602794398,-1.8696,-1.1971345821317536,1.6500672240118497,-0.551187971273995,-2.549072789000326,0.4957845937724562,1.9824569686794398
Recovery,2009-25,0.1064210850813429,-0.1930844131235787,-0.5938213714270502,-0.060901064729657,2.31531253948003,1.4194,-1.1309753207222828,-0.0712,-2.4467934305851147,1.2233,6.0169914520614265,-2.703844484368933,-0.0213292380215501,3.709,0.0944817575416534,-8.378891013442134,-1.6208997225019843,2.210367153595726,0.16243825599496264,-1.1049471214440558
Recovery,2009-26,0.7700356907607508,1.173130508231779,1.566679684266159,0.1473597185983832,0.4303406920512787,0.3368,-0.62184475715239,0.6012,-1.9483868923986791,0.8967,1.7764383366151382,-0.0547990189797342,-0.7112526955752152,0.2383,0.8508486515802272,-2.8485273548121155,-0.9686133033205865,1.6044237400578512,-0.02034484347206285,1.4621448227202711
Recovery,2009-27,-0.5902068641931546,-0.0601072448976003,0.6705680825154658,0.5488079433338733,-0.7317002343709467,0.9171,-0.744227818688803,0.7922,-1.0048363199195998,-0.1821,1.110371363658813,-2.293422939827905,0.7010836031101642,0.7061,-0.1887003059049985,-2.7264421404210206,-2.703220733170773,-0.39574027891215297,0.934642444370878,-0.09804285427252818
Recovery,2009-28,-1.1507987479923654,-0.9849024717795252,-1.0500431155377463,-0.669981430173916,1.380572817122072,0.9606,-1.5186021322390109,0.0822,-2.6761784617083784,-0.8158,3.409903425525296,-2.1567007530985616,0.6348154385035665,1.4731,-1.293662473568602,-6.325485189269516,-1.600482470842951,-0.8243819686792893,0.41602464871521055,0.4650051216820577
Recovery,2009-29,2.837178404112106,3.626827699081159,4.450298796526919,1.083303566448679,-0.1234988143959281,0.2375,3.5441552159216405,1.1057,3.263689763390043,0.766,-3.005116336660729,7.048593916386015,-0.2013546916040498,-2.5206,0.798385232629828,6.0359457956829035,2.8916343371184006,0.8435934438735164,-4.351382629022917,-0.3241008811105752
Recovery,2009-30,2.6046726827529287,2.654533697395389,2.8445264962010164,1.7299377893673196,-3.282111127101306,-1.4148,0.9846403004992066,0.2479,2.3703468679669992,0.4132,-3.913517137569633,4.387625215227153,0.3070549312506943,-3.4411,1.4926359891902496,6.744779111906795,0.6885148043234895,0.2997132928743206,-1.6049515358620807,1.8426766980834604
Recovery,2009-31,0.0308828257550964,0.3120221249786503,0.4597559335155932,0.469864716387236,-1.900013356725028,-1.3974,2.565823513697274,0.3919,2.1603047053954105,1.0473,-3.013856675282089,0.9249028830490946,-1.6906265329289072,-1.0563,0.7206558861947876,4.60649803340561,-0.7392763158961634,0.26701610373703455,0.6098638677389521,0.08677313585715468
Recovery,2009-32,-0.0607682447362978,-0.0110684449211251,0.072931836870449,1.336288149583753,-5.673741891751738,-2.1123,5.560483770504221,1.1649,8.331077665893227,0.3112,-6.471859206340147,2.4737997708869752,-1.962253491079935,-2.1031,0.0332287026900912,12.36695986945142,-0.18966768264516654,-1.4225351660878054,0.2179079776948905,-2.9494575717476774
Recovery,2009-33,0.1371777706781874,-0.0267536995531947,-0.2756160520371753,0.0696719315032901,-1.221183175184315,0.549,0.425835116839246,0.0046,-0.9384113484792732,-0.2641,-1.1241534899360195,-0.6211031732496153,-0.2080326171366664,0.0013,-0.5595137433032416,-0.22496288455413133,-2.0166457609640296,-1.3861728123938921,0.24160155699720154,1.083093671364635
Recovery,2009-34,1.4747332959657689,1.66354706080023,1.6148064402722095,0.4904884664879594,-1.368052907552619,-0.0936,0.624012870060775,0.1321,-0.3956467959219223,1.1409,-0.6503196664683353,2.1620728953930746,0.0772885641079579,-0.1628,1.092213261983899,1.1061259864147626,-0.6416502175961699,1.0570791514483382,-1.6386220298224052,1.3560989649249595
Recovery,2009-35,0.0242109553860725,0.5800191078748407,1.2014032785391926,1.5791466542450785,-0.7752375524775368,-0.1035,1.5561001598929811,0.9187,1.9936183701056764,0.0208,-1.5933360273739816,0.1893732948461401,-0.5212497513296555,-0.7521,-0.0113061029274552,2.1282059615629554,-0.9109940899031532,-0.29936640432208694,0.3486358259199705,-1.0831212215198804
Recovery,2009-36,0.2316274468260327,0.2216816859249793,0.1293737704058939,-0.1314267834761406,1.2901910907852754,-0.0293,-2.001909471801433,-0.094,-2.045332677855538,-0.4574,1.2846243808548374,-1.084442516080231,0.7351292059676773,0.3251,-0.2618101925556226,-3.9877689927471827,-0.8193942248584009,-0.517350164537191,0.7338746965319382,1.1696011465562262
Recovery,2009-37,1.2851840717322816,1.671594715090574,2.055339314801285,0.3904631725130114,-1.9080641682051147,-1.3737,1.6060659313087866,-0.5741,3.782611506006228,1.3637,-2.68323626773721,2.7843423064639827,0.1588783572727958,-2.3582,1.769181322056923,5.669398958766003,1.3977904173654454,0.9529644216402919,-0.30012281847440103,-0.14827596791739123
Recovery,2009-38,1.6913585202643855,1.943241651039052,2.136243153208106,0.1792647604736075,-1.7337554049679071,-1.6604,2.058466519130109,-0.1707,2.373369228328981,1.4972,-3.329327669569049,2.5872291178536067,-0.7595201779730942,-1.696,1.4975233976508129,5.383900960886589,0.5117852999268347,0.8028354295057898,-0.31045427013459337,0.6511427077658865
Recovery,2009-39,-0.565775494045806,-0.5517717457699134,-0.5438145469782829,-0.360226159137611,1.118647095228531,0.851,-1.9089474633921637,-0.1598,-2.559556568274124,-0.4944,1.0791891996627,-2.308330483205045,0.4283568950889327,1.3336,-0.7705179468713741,-4.817638063836318,-1.8381309922137417,-1.2579506169196533,1.1561903366794606,0.9323270058708955
Recovery,2009-40,-0.0104243236373369,0.1684210870884328,0.386272823303968,-0.0608701930372546,1.1336960568501864,0.4701,-0.6960832635215075,-0.0263,-1.8514706600809896,-0.683,1.1322394897373744,-1.8851187141274872,0.8888048234929613,1.8681,-1.1798659558198032,-4.220223584917589,-1.9868101679314536,-1.4324789137730398,0.2948041802227789,-0.19789139267228656
Recovery,2009-41,2.5972280567924777,3.0925082299960938,3.5262119702551558,0.1691860681124701,-0.2580609424679636,-0.1347,2.809635087185458,0.1306,2.0116437846376067,1.2732,-0.1613168957775634,4.73132350645824,0.1151598713412527,-1.9594,1.4761949317631196,3.216141100185761,1.9512701972278075,2.038865597935299,-3.034323408583108,0.05350440952183816
Recovery,2009-42,1.46129595841602,1.5717937928851011,1.68804815285295,-0.1715436974791817,-0.4509291511338942,-0.1671,-0.3955855911086048,-0.2518,-0.0238897450763886,-0.8289,0.1494181673699968,1.3898959864097726,0.9868183151803712,0.0591,-0.709334247571336,-0.6750392186507327,0.05297230173038338,-1.2791889245487909,-1.2574646550756188,0.5966543652480355
Recovery,2009-43,-0.5640805421966322,-0.0622138201512023,0.3609644430730307,-1.031325411776618,3.1134749048263632,1.0224,-1.4793183612068272,-0.3368,0.1370032568525525,-1.1843,0.5990047467329562,-0.8699672081314835,1.5961142843227138,1.6335,-1.6927601617122257,-4.192647071917086,0.6993767214378652,-2.54553427405991,0.2430121021017178,-1.5928364650712095
Recovery,2009-44,-1.369023744681097,-1.6736931329622615,-2.1551538342222787,-0.2310887928528626,2.227227190943637,1.5526,-3.5580185702498546,0.1863,-3.2462388250832697,-2.9989,-2.2424884334921846,-4.46335625591373,0.9971085514808742,2.2903,-2.9149662479971306,-5.744212017603203,-2.9839581040300915,-5.742455911340841,2.7428908248961705,0.5697139327374267
Recovery,2009-45,2.457084520140196,2.656150007189928,2.9145657074346687,0.3692548661688333,-2.095254838554117,-0.7266,0.0621688898817307,-0.2412,-0.3687643684583075,0.3535,1.840862295607515,3.3716613815602647,0.5297990088874549,-0.5214,0.1255559395508365,0.10002418700896924,0.314901230026905,1.0261732150254321,-2.89147022701536,1.8421588504626656
Recovery,2009-46,1.4053326151113543,1.7537548946649828,2.108131022908566,0.540598528675984,-0.2227470881511983,0.3129,0.7904923827330768,0.6122,2.8444298605651896,-1.4012,1.2329830106495798,2.119405654427186,0.2055105314156646,0.5931,-1.4589514970985262,-0.029146688571655477,1.3004484377826355,-1.2318711708174783,-1.8960244465240716,-2.0298467966715434
Recovery,2009-47,0.3577943474302847,0.2790027741024881,0.0909399878040728,-0.0810410700685659,-0.5425844252409995,0.3496,-0.5125555742136467,0.1551,-1.982687458676213,-0.2073,-1.722233436307519,-0.1920321759047438,0.0990738411673408,0.4921,-0.1033938799443801,-0.8229854768533486,-1.9337578092923484,-1.3310304073030885,-0.02014101769406257,1.7952953018277389
Recovery,2009-48,0.4720995664062144,0.7285918149719128,0.8482732104147184,-0.4096879388216012,-0.7111314670118385,-0.1231,-1.2564752311360006,-0.6599,-0.1150987981526574,-1.1614,-0.6512548862071088,-0.0847989991174191,0.8726422205347806,0.2886,-0.8702782974189915,-0.9125509394324792,-0.49245299128451114,-2.2472251300030655,0.14738101733400957,0.7711552857989283
Recovery,2009-49,-0.0295230670711132,-0.0480779799005293,-0.0480069051369103,0.5500957158640407,-1.3437562815119208,-0.0973,0.5442554510077358,0.6445,0.3933810849614083,2.6153,0.2277818440016954,1.5774790804913064,-0.4738020506487306,-0.3591,2.7042578420145125,1.2434209129947997,-0.4817543691578108,3.350796014759183,-0.6687300268070371,0.8201115159303534
Recovery,2020-19,2.9889621312827463,3.316035862099897,3.700093291805051,-1.7118768140005458,2.0820861349829523,0.3303,-3.175006444550754,-2.27,4.071577763469358,1.099,-1.213316640395501,4.254115351655585,-0.2874445468059927,-2.259,1.736423247376906,1.552335738623134,6.79708008041547,0.42739748815347134,0.3523655460928743,0.6954660612782876
Recovery,2020-20,-0.9100796436727344,-0.8718184676986152,-0.8594497725770478,-0.9390459949623732,7.685906464936809,0.5028,-7.267750750299196,-1.0136,-1.017365930699421,-1.9378,6.448643840941282,-2.19328456062744,-0.9430156030659664,0.3066,-2.509629349426989,-11.79672571915629,5.061626412917772,-1.021391172688185,3.5587550721553374,0.0071700778728107095
Recovery,2020-21,1.661817695572454,1.927071550255799,2.1661954721006405,-0.8396358880125687,-4.392356503405049,-1.721,3.917700364287224,-1.1579,6.795991621578135,3.5522,-6.847111864638666,3.5875023160078623,1.5345735095448676,-1.431,4.156325246129256,11.63651051357553,0.7851385768712622,1.4757595600981692,-0.7607988643126837,-1.7881679640216337
Recovery,2020-22,3.133135766532513,3.2073274687467235,3.2836466660698616,0.6490107228590336,-2.4466682576667176,0.8298,3.60927345136941,0.8657,0.15387921427088,0.569,-2.934831221319023,2.9817123818268287,1.238459898464006,1.8802,-0.2421991792708411,3.208061399858334,-2.5319444521604946,-1.0209950078092294,-4.172801055389688,-0.5711816248848844
Recovery,2020-23,1.21427860569161,1.8387346083946765,2.5132370656147485,0.9620340354492772,-13.079191680518043,-5.9537,9.55485205712523,1.3474,12.57562798513161,2.2076,-15.644681778763402,4.984322300690769,2.603031186594529,-3.139,2.695401240517925,26.015271606360617,-3.3638513964421985,-2.3443435668660015,-1.5764477497993399,-3.7624628774850755
Recovery,2020-24,-4.283644114540297,-4.329741993992942,-4.3661269394497655,-0.532796266204838,2.9166372247260157,1.0503,-5.190303470526203,-0.4377,-0.9391388732138296,-2.1103,5.942366425380219,-4.729378820514373,-0.9078494490247446,2.0823,-2.581857307177249,-9.983247894046904,0.49858732013799384,-1.7517139892340199,3.7010198730524295,-0.7193072795091005
Recovery,2020-25,2.1552543163486426,2.410551142120698,2.6821807427849897,-0.7979440156367978,5.239066700727091,1.8589,-3.0285946975775024,-1.1211,-1.1019925117163654,0.5436,3.735355771366255,2.3009065078376523,-1.803554573603372,-0.3089,0.600799097325555,-6.18754133128219,4.730040519095231,1.7590822390817618,-0.28417939824195326,1.4320621421454913
Recovery,2020-26,-2.0178909017512514,-2.161841343934423,-2.356564897504909,0.4572287391000795,5.933050461046796,2.1876,-4.17221717842261,0.2202,-3.764046565441826,0.6211,5.5763385091222695,-2.8336181370458235,-0.6634310539141652,0.8838,0.1155189088919872,-10.672930954452761,0.6179672334873938,2.0270866401721497,2.1573436738861664,0.6266056782037331
Recovery,2020-27,3.0804335841568165,2.985919766277889,2.9434329328538844,-1.0234699533771874,-1.3813293939808124,1.2576,-0.8968096228951006,-0.8726,1.1039715042425513,0.1199,0.7200207662012126,4.054307941888991,1.062232096342397,1.5797,-0.245333530800007,-0.256721787689231,1.8659815936819515,-0.691698543361686,-3.6176157866439107,0.40260599380503603
Recovery,2020-28,1.4158673451970527,1.4369010161403797,1.4275704833700775,-0.6796962887125724,1.999415579492125,1.5266,-1.2559415316914846,-1.521,1.06894253269314,-1.8657,3.4686230293491382,2.1013272681992268,-0.7589971534089246,1.0928,-2.460917065693957,-4.298445443887755,3.3826319530845623,-1.9447948415140686,-1.6842025706652697,-0.533070707771969
Recovery,2020-29,2.038294588809153,2.0519174516050454,2.0327262171732308,2.063112016890245,-1.1810280298162668,-2.9969,2.354869201352749,2.4237,0.5604587504435266,2.3572,-1.852821572104102,1.2033084361649404,0.4082902066713467,-1.575,2.472606124311705,3.8849311664354214,-2.2302819036089403,3.378130447529711,-0.23246724424166587,0.09736653027782102
Recovery,2020-30,0.4479557812465451,0.4598965720451708,0.454913658023659,-0.2008737593994336,-0.3662728147439398,-0.667,2.868670530726436,-0.4282,1.483555700484418,0.3786,-2.07114201166434,-0.3159599531801227,0.2735375012117069,0.89,0.090541985429704,1.9814128776935749,-1.4331980156915844,-0.8959623469872655,0.010268671547270593,-1.5122786113338158
Recovery,2020-31,1.3093548795966026,1.6257678561789612,1.9933271648890027,0.8911739664521523,4.205850528828181,2.2255,-2.623340907765204,-0.6054,-0.7293922372182848,-0.947,4.156868813432757,1.7364506697499449,0.5359451852314345,2.5708,-1.3906991465682528,-7.208062278732311,2.580881207275798,-0.32786071058146826,-2.2897116340570407,-1.0954030602927904
Recovery,2020-32,1.464560819686267,1.7138143641859394,1.9217843712382665,0.5907206138830778,-3.623656812454057,-3.0078,1.562890626199609,1.1411,2.13991621904559,3.8811,-2.118030546493299,2.706085569190764,1.162870746778366,-0.6921,3.802091634823479,5.893017548156954,-1.1690283007653555,4.176654213963755,-1.144991892450685,0.37684564074578875
Recovery,2020-33,0.2337839598658631,0.2965385647392793,0.3767906895413953,0.8438310405693095,-3.707639635371762,-1.6077,1.7431486072127855,0.7906,2.878384365745701,-0.3031,-2.78124062364693,0.7493242839328174,2.4855267811135784,-0.6802,0.5789732980318041,4.888202369377145,-2.1209679898966685,-1.0474107552668421,-0.7408616747116886,-1.2550738041993572
Recovery,2020-34,-0.0549070032650145,0.0720139904395456,0.1863950507346334,-0.852571777174993,5.832858680981157,3.7286,-5.145021359026325,-1.9553,-1.7979437575669333,-2.4528,6.434397868610953,0.8608926721849208,-0.1450243767093018,2.7028,-2.996774903951882,-11.476433547149457,4.424985617574242,-2.162579021825515,-1.353829055431123,-0.08149229658482354
Recovery,2020-35,1.1132182334537166,1.494857349124579,1.8711081711783704,-1.5667385650635413,-2.292121154497162,-1.665,0.878744364595363,-1.991,3.724068120780544,-1.6799,-3.1238731900623877,3.197640128484536,1.2583922608278897,-1.9453,-1.1788439242451654,5.017509180029616,2.273578529261507,-3.590671719821706,-1.0341536462604102,0.33913116917859665
Recovery,2020-36,-1.9172356177201144,-1.8009384688886687,-1.7050683443006642,0.3457342456753887,-1.4631166586215438,-0.679,2.11041189898622,0.3791,-0.3520213775502934,-0.9121,-3.146495028287699,-2.475059823025716,1.3688009894914144,-0.0353,-0.2162125267172743,1.60698253547417,-4.131642560772665,-2.341694577833203,1.2284723143967111,-0.4176041427883753
Recovery,2020-37,-1.3164647809636665,-1.0170868004851008,-0.6995530870521627,-0.7113137153158089,2.56064647128853,0.1747,-1.4736806623720122,-0.7639,-0.8659648587704738,0.8115,2.8735931917657664,-2.583957829332084,-1.0382760484268003,-0.1848,0.0513793851815824,-4.827451825425261,0.289977465238971,0.9619358408524812,2.791508740323883,0.2879280551069397
Recovery,2020-38,-0.4074913205636243,-0.0946361137541318,0.2789894241826962,0.0859118283255799,-1.7628290612990427,-2.6992,-0.9579943404642188,0.2957,3.3496800365140578,2.5309,-1.019015574037696,0.0175846522339595,-2.668004791865952,-3.8223,2.89226605943933,4.109919396226191,1.612983492352309,3.2895842797489285,4.010979535064544,1.4614301437674746
Recovery,2020-39,-0.4018485714378905,-0.5549844469127874,-0.7440889269699213,-1.4729074543102572,6.477532595108726,4.053,-4.277387310430769,-2.9627,-2.5278917125638123,-3.7133,5.914947515885416,-0.6252847407795747,0.2947014291785788,3.7879,-4.123038909463428,-12.550737380037804,3.4072669081056985,-4.31392171429721,-1.0678917100007137,-0.6378978120636234
Recovery,2020-40,1.8808217462215728,2.0533675438045407,2.241446756640664,-0.5228160405152837,-1.0578713136457307,-0.4963,1.739312890198197,-0.0524,1.1817293146748398,2.9918,-0.6787487985326024,1.8515750488389937,0.495089586034303,0.7289,3.102860617006842,2.25086934305037,-0.3548611019598356,3.063823026463117,-1.246957870489731,-0.29187155778070817
Recovery,2020-41,3.698547806525654,4.221382542424124,4.73869304528205,0.1491794063071205,-0.0836954935122369,-0.0994,-0.0555170129600601,0.3021,0.7818264523363538,2.0515,0.7321772712374441,4.257274385450338,-1.2256837605858273,-0.995,2.1737987257780977,1.0640406918159657,2.355296464165234,3.1706619681251844,-1.966973151911383,1.5213069040463296
Recovery,2020-42,0.3404836360565211,0.2964036525095581,0.2235978222582701,0.0921452749974349,1.7511583540298803,0.8016,-0.5999466975970091,0.0578,-1.5081656961483891,-0.255,1.36650638959408,0.3158969107298182,0.392972302829353,0.4357,-0.162042020551778,-3.3942507938836517,-0.1702573384617048,-0.07144276933315499,-0.6516339180367059,0.5164458484641341
Recovery,2020-43,-0.2359294102344034,-0.1620439530012674,-0.0663092305527635,-0.5097754601981141,-4.279131761479027,-1.8673,3.0717719703641237,0.023,1.9304162310800344,-0.2285,-4.598746399668441,-0.5146772010598988,0.004693019451385,-2.7791,1.1091797761690891,6.671836784016109,-2.6585311929190234,-1.3922579670643374,1.6007496235238854,1.0002134216152576
Recovery,2020-44,-4.236130768991053,-4.281216738015903,-4.352186108994072,-0.2442142061883978,2.488074729798395,2.16,-0.0476336957881295,-0.8113,-3.6004163138814604,-0.9015,0.4033965072067103,-5.733131975255034,-0.4418460178393979,0.9913,-1.008605814715302,-5.939378255326922,-3.8115292847129,-2.174090782412045,3.410179536823558,0.3184908171131213
Recovery,2020-45,4.722273374440222,5.487725777201424,6.2698797166591325,-0.8634077753438052,3.4682970663366675,1.6037,-4.668543112649958,-0.9802,2.259955367497546,-0.0148,4.559100506904046,7.699540421898754,-0.3539297840013944,0.3371,-0.7804605942306364,-4.188213354065107,8.57423504761281,0.9991912123421572,-4.372725570343947,0.5988129919991936
Recovery,2020-46,1.7191571951268303,1.9067273607334068,2.1594687202689755,2.1295874547737403,-10.422557943273592,-6.9088,7.069632109690316,3.1468,3.4800439282982376,1.6231,-13.485514271943766,1.9379152479061408,0.3910235239091175,-7.1836,4.2035210547664015,19.984415842201095,-6.554451594137783,0.2562002253117117,1.5947253268797352,3.149227113186734
Recovery,2020-47,-0.3105331559983382,0.1124396078480138,0.5292854872334551,-0.2553439055453133,-2.952676076821803,-1.279,0.6075857379241434,0.07,5.914275624714427,1.9164,-2.2539960226055755,0.1651834053779888,-1.0428807056046985,-2.3853,2.693903871676384,6.043035176516007,1.2516735113132869,1.6949020165910802,2.7964077616897565,-1.2924478749201378
Recovery,2020-48,1.0138501707384728,1.1663017035550505,1.3219797422808766,-0.2928237888312868,-5.438597728179351,-2.6003,1.3063919934294788,0.6041,5.369605118305842,1.4362,-3.32532475816959,2.8741336606029178,-0.2853450358943243,-3.7143,1.7944266675830045,8.826789736011845,0.9442527221198062,0.9312615075567379,0.5266634109684805,0.5773193571754628
Recovery,2020-49,0.9576019437079086,0.9469373970853568,0.918264203969854,2.361458548315354,-2.6321315547671253,-1.6905,0.2479260174771846,2.1529,2.4804369264992188,-0.602,-2.451725060892185,1.7638050252606785,0.3420224076730704,-2.3452,0.6960055738499893,4.411051903428138,-0.7421507332081819,-0.0026309160041586843,-0.09858032296614858,0.08758598665988487
Recovery,2020-50,0.8079499873371976,0.902412182812884,0.9767289223357568,-1.0182873389018687,-0.81645234109744,-0.9604,-1.6260963257879737,-1.9123,0.5374954816457223,0.3548,0.7193591759843576,-0.4957018884307551,-2.4994720173442286,-2.7591,1.490578873811721,0.011776960241299733,1.5772740548023971,0.8925998810369741,3.1357560742142976,2.9334233087541364
Recovery,2020-51,1.854007037771344,2.1698631640476584,2.4911887053890918,-1.4079659932663913,4.35678513041331,2.0015,-3.374275175089536,-2.4327,0.2193291046433065,1.7406,3.7159314248925712,1.844977169896333,-0.9300294046846956,1.2417,1.0960440375019864,-5.7901690206714065,4.863625118095812,1.9844465710082833,-0.20646600061465614,0.34470846172471786
Recovery,2020-52,-0.3296683056789651,-0.1740371052735168,0.0282117890196831,0.580310574022791,0.5168075317599108,-0.3676,0.1464828071511492,-0.0286,1.0627767069131488,2.6094,0.9359434512044018,0.1395442149101811,-1.3207181556820102,-0.5272,1.5026722740430376,-0.21442490058437275,0.5065312577059764,2.8634148444895233,1.0712513141660172,-0.054363342074670036
Recovery,2020-53,0.5887598498643287,0.6093315792143006,0.6236657979228344,-0.1217029290008109,-0.8689457387784816,0.805,1.043631540662715,-0.4527,-0.9132299546841804,-1.4784,-1.7289425599028907,0.7195974684247819,2.0953115262039246,0.9081,-1.7550288847105633,-0.21007200932602083,-1.9279071063916111,-3.3673794874372507,-2.0555849989915753,0.17128046077866452
Recovery,2021-01,1.507374849787224,1.8271556760626195,2.209870350549914,0.6079978884690806,-0.0706191418010315,-3.2752,2.755845328137041,0.9776,5.652417956652367,3.6129,-0.9967210919158976,2.507501193708861,-2.141743995652834,-2.4413,3.642266971399777,6.100717845795092,2.6864217390304215,5.081932067932236,1.3081137271240935,-1.8446055586672392
Recovery,2021-02,0.1624577049859299,0.6186230449211294,1.1133669780218458,0.7790878717915284,-3.0009356584059343,-2.2932,2.372380182489753,1.2383,4.584688341250343,2.4896,-1.6715504343659315,-1.0304832489481663,-1.5546952698818783,-1.5144,2.605321107979286,5.572713731079095,-1.1492753904855062,2.832685927045567,2.787478642382344,-1.6981972406267298
Recovery,2021-03,0.913574542417317,1.3684393967037023,1.8238747031352756,0.7091037395424715,3.481540782179016,0.8952,-2.910416692940798,0.3538,0.9330807669924336,1.4415,3.9663408069362527,2.079209862445764,0.0798933686551706,2.4675,0.8516987728250047,-5.145972163447609,3.1232979428873207,2.673514563343651,-1.4160295732181494,-1.5643239788406895
Recovery,2021-04,-0.2945424321616374,0.1305453683802859,0.5691754831812945,2.575953293361,-2.2500186224430063,-1.9874,0.8246951579168771,3.2475,3.127899363919195,0.3355,0.3070694576973398,-3.4730868013673866,0.004451244116943,-0.4281,-0.4118507875910282,1.410336791534268,-3.431645787653474,0.7420992354435816,2.947264422576881,-3.046373820043621
Recovery,2021-05,1.8074894279398237,2.0353342325653,2.3197554846409174,-2.986455190243409,-1.5097424234498114,-1.3334,-1.9615689297606709,-3.5309,3.0623940393126547,2.8173,0.2454853083274422,5.269200560279952,-2.1645119824090564,-1.8942,2.179055551474418,3.0331495147880054,6.106321639293642,2.234431265825963,-0.4554455243591119,3.26805737825183
Recovery,2021-06,0.9467790738977744,1.019152402566803,1.1106557091570934,0.0861345135202862,0.373248617356392,-0.9902,0.8890488583521261,0.2747,2.0597376316120464,2.4727,1.4811051625463143,1.616933038231516,-2.125658639996097,-1.9703,2.010858971138796,1.161097499135448,1.9555417800293862,3.720901999696531,0.7510692800244452,0.26638825558413065
Recovery,2021-07,-1.04818818979433,-1.0472959935223902,-1.0549107126782251,-0.0425673549387717,-3.046792423452016,-1.3974,3.043112784782398,0.3737,1.1216694237746738,-0.9528,-2.530456383778301,-0.8190668567635062,0.8983479651867521,-1.4731,-0.3934255871334557,3.768132844937945,-3.023319390907019,-1.9309663392307885,0.47266451589973,-0.10638568763095801
Recovery,2021-08,-2.6907032195611413,-2.50223189902804,-2.3334878186625274,1.0393781585328554,-4.313530698823276,-1.6857,4.844019915609388,1.9786,2.864463482592816,0.0898,-5.074443915019677,-3.151025712556021,3.544949007851383,-0.6236,0.5878265456960685,6.56310704478823,-6.346274446646301,-1.7678750804587355,1.2024620827454982,-3.2791800774613997
Recovery,2023-18,0.9489023002148932,2.198729450087677,3.494428685118889,-1.127230611644836,1.3629879747198317,0.1199,-3.5405742297106912,-0.8556,-2.0648113542962365,0.6578,1.325243914220109,-0.7677585110790752,-1.0145074503379423,-0.9842,0.3116813446039757,-3.913263506882265,0.9395088312652498,0.3555417873588288,2.1396109696074883,3.020100755704505
Recovery,2023-19,-0.1196621182193991,0.1721532520456259,0.4483995221496339,-1.0107599567309444,0.9732450262841308,0.6768,-1.3603395384855888,-1.0227,-1.0876114562478167,-0.4711,1.7512119250046476,-0.3517241610886734,0.2436700833086336,0.2477,-0.6700952638190594,-3.5637159618904075,0.3144282533282027,-0.9001989168440414,0.24394630863706612,0.9744827686049587
Recovery,2023-20,-0.4604764971339103,0.053616868099815,0.5851796838557188,-1.354865268438965,0.8988384772866453,0.8506,0.0408641426264511,-2.2547,0.9969963532330706,-0.0591,-1.5982369742824076,1.7984318433137192,-0.2260738203033296,-0.2886,0.5528612989855297,0.5113847778113408,2.0634721846379964,-1.2670447154061366,-0.33774025253288104,0.7395518796718031
Recovery,2023-21,-1.4707339003993347,-0.3039329691321923,0.89181449289788,-2.5015225298346766,1.796789496619522,0.8239,-1.3168311304956326,-2.3015,1.1385116179613686,-0.9634,-0.9396612209296772,0.30104397167654,0.0126540607421787,0.6713,-0.055231090857144,-1.4435625813956068,2.371632422738449,-2.4268781442725893,0.8803390313179219,0.08650007645871836
Recovery,2023-22,1.7823599985432148,1.9535166629273348,2.117881730104587,-0.5268380023360053,-0.4492995360752316,-0.7085,0.0096720401052685,-0.19,0.1351420278001835,1.6587,-1.4588309630137242,2.0202807796172007,-1.0011396560472008,0.4337,1.2825518429375071,1.2467667608356683,0.48339431996868326,1.0335108832581459,-0.5504921501156883,1.3734251523319363
Recovery,2023-23,0.0450062916178995,0.5767414828709905,1.113504371979146,-0.2809321018977018,-1.605490095772577,-0.6265,1.2441773439702652,-0.6565,1.6691344716208256,1.3218,-2.1238939588888672,0.4672608938817602,-0.1447785559355763,0.1181,1.435448342667356,2.7931969604441806,-0.6393859022122119,0.36516288876727176,0.34829151451095874,-0.08195929834023995
Recovery,2023-24,1.640502343230743,1.5174330702683705,1.3734254127923506,-1.2572544859216328,-0.1834972507304133,0.4617,-1.9746563892628963,-0.6043,1.1702679546822026,-2.1583,-1.098917915223252,2.4233772021367006,0.2361723105779312,0.302,-1.675135923035087,-0.3398745701403682,2.173216438156513,-3.4749253860842835,-1.1058206028297093,0.8075532417344911
Recovery,2023-25,-1.7238442247021313,-1.812275217099024,-1.8888845751361405,-0.1263294848525276,1.0037968591196875,0.5533,-1.2829905937139618,-0.0547,-0.3642622421952568,-0.468,2.500244169015664,-1.554578094653447,1.0025218608192388,0.9621,-1.06141166532161,-4.182587766408815,-0.654834163355907,-0.7130447623242426,0.5512738018617455,-0.7544288840719873
Recovery,2023-26,1.53484133565589,1.9384758883751017,2.3742914641109003,-0.2966865905842941,-0.5401539831158875,-0.1699,0.334084911206034,-0.399,1.812554185197457,1.4224,-0.1162582049992422,2.361614833694348,0.7267085195728606,1.4824,0.8161495385580864,0.8306215152898347,0.8950861558875631,0.8152692436711545,-1.8290704663120652,-0.8662654100177262
Recovery,2023-27,-0.836823685111332,-0.7685847802465839,-0.745493869989744,0.350353086487476,-1.6777794950846192,-0.7637,1.383280533079989,0.3566,1.1070006243352637,-0.3286,-1.4780919691732008,-1.2077939464589904,0.2379147704896222,-0.0171,-0.0961005076846266,1.5492350440202984,-2.1862974690514023,-1.090028266728996,0.9340927171979424,-0.6428941819322205
Recovery,2023-28,1.7057426134343912,2.153561707415075,2.591472485437296,-0.8331160471606647,2.0948773004390464,-0.9678,-0.7111448773844065,-1.3716,0.2469073801988131,0.4412,0.7753326991243759,2.530953478597975,-1.2786080206290795,-1.1314,1.014152360332199,-0.8980380248929436,3.1298411150619763,1.085980946275292,-0.13542016202546864,1.6189973708021417
Recovery,2023-29,1.41433239369555,1.4351299028457776,1.4191559970850864,1.2658891504093273,-0.7782594580738822,0.2965,2.431399454822958,0.7763,-0.4965867433441295,0.5076,-2.309507645352349,0.6542854830035472,0.6783014296369849,0.6556,0.617255202010103,1.5338027560657392,-2.661199565237526,-0.1552582565861495,-1.4240733027140555,-0.2606483993676394
Recovery,2023-30,0.6230824115021738,1.122143978880219,1.648593777500329,-0.243633439615587,-0.6862242246017947,1.2416,0.942230593150839,-0.2047,1.944983263386968,-0.2207,0.3057484729825699,0.9645529490527548,0.70250109441099,0.338,0.2120144730442641,0.29057033331627835,0.21569067643681156,-0.5115870667371403,-1.0575042969009647,-1.2762466069137703
Recovery,2023-31,-0.6029762623131596,-0.4620669389075459,-0.3412313373920339,-0.5341157786678652,0.6737442271724348,0.2679,1.668531997275058,-0.4099,-1.0721278452563432,1.8578,-0.0632464339789029,-2.25769198810043,0.0824182495668957,1.7696,0.9393222487922293,-1.6690273571390424,-2.6280310628316648,0.8936923218293635,0.9604681806209394,-0.6604128002441206
Recovery,2023-32,0.3564948613795194,-0.0411654832808138,-0.4598016788408653,0.2696029217853279,-0.7500456114677645,1.7847,0.445937429607901,0.3246,-1.701712869756811,-0.5781,-0.2024376532506644,-0.5854557875758171,1.7987057838973142,2.5647,-1.1901256261953597,-2.4137127788005723,-3.0868065479007107,-2.0286566594223854,-1.8109426880473687,-0.4241952377000805
Recovery,2023-33,-1.95858705204186,-1.8232569526047349,-1.7202481633362243,-0.5208461593975588,0.6643445056016439,1.4264,-1.6857978046381894,0.0911,-0.8596640272863998,-0.7701,1.3096275142322478,-2.298596601203096,1.2455106900773003,1.2792,-1.0897899663376065,-4.199386225501492,-1.46571298355794,-1.7242753378583118,0.947910234655314,-0.509019326446281
Recovery,2023-34,0.0002183575155357,0.4093926259256087,0.8105710776255881,-1.1091080458181637,2.5376020517160924,1.544,-1.6963502613113968,-0.6211,-1.4629148712307027,-1.1859,0.9377992782523048,0.6010298129058178,-0.3727664824133558,0.4783,-1.335429633045715,-4.214226533393332,1.3281333627800012,-1.8933845068913864,-0.29448111793374854,1.096813890746422
Recovery,2023-35,0.8276832585836447,1.33637557146149,1.865874686027036,-0.8974672072287526,-0.1513622239379453,-0.622,0.648223756946753,-0.9583,3.112804216072429,0.0105,1.0641724154262675,2.742613223039747,-0.1711078332602311,-1.6864,0.7489889302852992,1.5218726669473812,2.9927875826274857,0.6458986385051675,-0.7223620749952859,-0.3122091388681323
Recovery,2023-36,-1.0445452828926949,-1.03915622660804,-1.0546252936526113,-0.3705180480000125,0.6212330953401013,1.2082,-0.6126737773099022,-0.7745,-0.5225280684634681,-2.2545,0.5279890849017699,-1.5231507536031863,-0.6897791674696063,1.0788,-2.7381281155200443,-3.326646199467797,-0.6451462110500641,-3.618251718606791,0.750227834237446,-0.015076618483468834
Recovery,2023-37,0.1615332826609972,0.0102648468940147,-0.1539613588060206,0.0373402302530356,-1.3152605798489092,0.5901,1.3786087186642204,0.4411,-0.9469138019494894,-0.0019,-1.996114633360924,-0.2844036040072217,0.5456388661795541,0.8609,-0.4455356177712533,0.4858159812076551,-2.762666511782536,-1.4995490616040765,-0.6750514431095366,0.38740696388106866
Recovery,2023-38,-1.5930645915121056,-1.7440515924713185,-1.9195626040412692,0.7205858492265849,0.8472986997703824,1.6055,-0.0525056436635362,0.8562,-1.9372280871542635,0.2693,1.470109375147466,-3.168391340349685,1.5389359001298342,2.0608,-0.7213741050464351,-4.557667446395414,-3.621690245231436,-0.4790239080164509,0.47925149793140287,-1.2494315231048205
Recovery,2023-39,-1.2245569203519713,-0.6012278751824529,0.0453144140410533,-0.98667564229028,1.1998467224910492,-0.3092,0.2980524953311025,-0.6048,2.524258846844041,1.0816,1.0433166309142372,-0.572429731856694,0.6585297321069827,-0.2933,1.2337039785152104,-0.46599842247168066,1.1460568652631515,1.1051513575256067,1.2903597787790786,-1.8146006578246043
Recovery,2023-40,-1.00321152449947,-0.8573905053926856,-0.7502738442114354,-1.3344596301056888,3.16388333604265,2.5837,-2.036930502618073,-1.7747,-3.734140381477935,-1.8947,2.021621186036904,0.1683557258917334,-0.0163864058156382,1.1145,-2.2164406331180557,-6.91267466358534,0.7546476752799647,-2.8856049314408656,-0.9774162234386361,2.125191021933877
Recovery,2023-41,-0.1076175401763412,-0.0985616805063926,-0.0947868873627743,-0.2023093281866117,-0.6819344637547409,1.2135,1.477584747011207,-0.1638,0.0804720435940709,-1.5819,-0.3860601538622221,0.1009658336039942,2.487914310404138,2.4998,-2.317314810698423,-1.2795376704971109,-2.1020159801240816,-3.4471443631043037,-2.4260849599703707,-1.7816665387873654
Recovery,2023-42,-0.5276519968275162,-0.8603929485850315,-1.1518546284180142,1.1442137272766884,-1.3535377200269094,0.2531,0.0670436814397268,1.5572,0.5196099983320934,0.7633,-0.3127165391552444,-2.479198930949511,0.5671236241138633,0.9174,0.5611161685826538,-0.46302812789791076,-3.183792210208732,0.36793115739362475,1.4291280648275724,-1.2643973223990865
Recovery,2023-43,-1.4304865000533074,-1.5914575097460193,-1.8264405645033064,-0.5754071572639852,0.2548501238287759,1.2834,0.5479830574997013,-0.0107,-1.5262909538780067,0.0738,0.7738704032923094,-2.764529391667059,0.4117053807241477,2.1443,0.0895957480941067,-3.2912628001562823,-2.9734430966949406,-0.6104469433520354,0.7938656963651556,-0.5839819467488994
Recovery,2023-44,4.347407081895383,4.684572938182607,5.050004309620948,0.225998806745542,-0.3554452587434364,-3.17,2.413193157225213,-0.8292,0.991654625978322,1.1042,-0.9754930921857864,5.889285717382453,-2.274775978938504,-2.5991,1.4703167222839042,4.360024679767281,2.9743713942143293,2.30044256550919,-2.340387050871154,2.709905425296071
Recovery,2023-45,-0.302960001660657,-0.0945103961509818,0.0867041984026429,-0.8674934453407501,3.2900406324948728,3.0473,-2.2372343560733365,-0.7436,-2.500117445847572,-3.3507,5.24624389141366,0.9085069111723688,1.2804807128529383,2.5872,-4.199826106088267,-9.158774872990975,1.3469918637193885,-3.62249904526133,-3.031667790622826,-0.22060520136614592
Recovery,2023-46,1.787533460846702,2.1405032687504377,2.5413978633359147,0.0869958602685017,-1.34232692485462,-2.4194,1.7136523543376248,-0.6931,3.1460608873756346,2.3166,-3.0816985757593063,2.455698516812621,-1.819599632165203,-3.1381,3.107707991439912,6.166100902797116,1.7292765205598293,2.5295047498753878,1.2307996598913176,1.1913427923516533
Recovery,2023-47,1.5918965604736046,1.6015537879093156,1.586847351450027,-0.0907328490776793,0.7550562280214335,-0.1687,-0.7496297649225991,0.0387,-0.2939994488096342,-0.0911,0.7677264444646781,0.9402885026077,-0.7902821264467175,-0.3235,-0.2564825957056094,-1.5558211724410198,0.7411421372777736,-0.011106827215355719,-0.045016880796638355,0.9968333988959631
Recovery,2023-48,1.060221543527251,1.1182688340329872,1.1737841505707447,0.4689645592813818,-2.2529630278458,-2.8761,1.747091452094951,0.6827,2.8372673146875416,1.2477,-2.2080647567433,1.0209366497398786,-1.3054256865742686,-1.5769,1.961461166935896,5.020021153400782,-0.244581161301611,1.626200639832327,1.1739573941469148,0.1306593044438885
Recovery,2023-49,-0.4598367733531838,-0.4384385605211482,-0.4429719945970189,0.3362130899710269,0.7070186713812321,-0.6243,0.9770526489701004,0.0416,-0.5058518179751559,0.5011,-0.3412010879671801,0.2040256464053369,-0.5499705153822587,-0.2977,1.0478306465788068,-0.25628441911356076,-0.6819108014174785,0.8428768722486453,0.2598961689374185,0.5624297853488571
Recovery,2023-50,1.2030415998258492,1.683349540993806,2.205102973418205,0.6582145482069368,0.4703426693137391,-1.384,1.810841850704392,-0.2294,3.51704805213231,1.5679,-2.254413401364863,2.7014887709864377,-1.1590005615283228,-1.4469,2.081717748643408,4.225332020252676,2.1641940747874027,1.7848890122220427,0.03933184207865603,-0.7990250179745757
Recovery,2023-51,1.2444342995129087,1.3387216048369677,1.4228200525122636,-0.090646824148155,0.0978161809032318,0.1746,0.5079940726320009,0.3084,0.3239466606693275,2.032,0.391268808740608,0.8618193795965734,-0.4867075606977633,-0.1426,2.0123047808439543,0.020112559590740348,-0.019136594115593777,2.4226424850401123,-0.1091123847790064,0.3043992637460663
Recovery,2023-52,0.3386645318277593,0.2508310390820334,0.1508180230630929,-0.2101265277204778,-0.2090191391357132,-0.4445,0.2384664787872914,-0.3387,-0.5068803504688635,-0.791,-0.4902716661020823,0.1979918963302296,-0.3033473975977641,-1.0056,-0.5490348621497443,-0.27195935426610157,-0.46564285729260746,-1.2176243435402725,0.32073529277297286,1.2917731588315093
