Year_Month,Mkt-RF,SMB,HML,RMW,CMA,RF,MOM,ME,IA,ROE,EG,CRD,LIQ
1990-10,-1.92,-5.12,0.1,2.97,-0.3,0.68,6.71,-5.0423,0.2605,2.077,3.0536,6.744618463458063,-0.056635346235867
1990-11,6.35,0.07,-3.1,0.65,-4.74,0.57,-5.48,0.4489,-3.9833,1.5215,-0.8312,5.472915952065249,9.093931124047284
1990-12,2.46,0.67,-1.7,2.73,-1.89,0.6,0.29,1.3158,-1.9466,3.8535,1.4665,4.29749348600954,4.487512444309494
1991-01,4.69,3.91,-1.6,1.28,-3.99,0.52,-6.45,3.3624,-3.9503,0.1591,1.5865,8.911818288088114,13.0487762477004
1991-02,7.19,3.94,-0.58,-0.2,-0.33,0.48,-4.61,3.6299,0.1463,-1.2402,-0.6779,2.519072085425833,1.0941682538481157
1991-03,2.65,3.83,-1.39,-0.53,-1.06,0.44,2.87,3.9312,-0.9285,1.6779,0.0366,3.982961129523832,2.045482702231438
1991-04,-0.28,0.31,1.5,0.62,0.74,0.53,-2.36,-0.7093,0.4677,1.3981,0.6157,-0.0658808139901934,-1.2426705732654808
1991-05,3.65,0.14,-0.52,2.0,-2.43,0.47,-0.11,-0.5648,-1.9526,-0.7118,-1.0619,5.353834050170581,5.013104047638817
1991-06,-4.94,0.24,1.15,1.79,0.65,0.42,0.47,0.0591,0.6135,1.3683,0.4831,-2.3807410887888625,-5.711036177302919
1991-07,4.24,-0.96,-1.32,1.6,-1.36,0.49,4.32,-0.5405,-0.6418,3.0468,0.3864,5.5456166816658214,2.5729376302079388
1991-08,2.32,1.4,-0.78,0.84,-0.34,0.46,1.57,1.2962,-0.0359,1.1586,-0.2496,13.020890370457682,4.061817219648867
1991-09,-1.59,1.56,-1.08,-1.82,0.08,0.46,1.79,1.812,-0.8242,-0.3644,0.2084,-2.3688040463560767,-2.0996514453912707
1991-10,1.29,0.91,-0.47,-1.7,-0.23,0.42,3.06,0.548,1.3518,-0.0451,3.2018,3.117699814532271,6.094848150289689
1991-11,-4.19,-0.83,-1.89,1.11,0.01,0.39,1.14,-0.2929,0.3063,3.2845,0.3457,6.345119397360155,-2.1756023638770716
1991-12,10.84,-2.4,-4.17,3.55,-3.12,0.38,8.19,-1.4813,-2.0278,6.7592,-0.4648,10.82452844126638,-1.209649870856866
1992-01,-0.59,9.18,4.71,-1.32,3.2,0.34,-2.49,8.3447,1.5044,-4.0675,1.5419,1.7399367399200116,13.658212889818078
1992-02,1.09,1.33,6.47,0.08,2.19,0.28,-0.53,1.4019,2.2609,0.7464,2.2092,0.1555531340860172,3.5108682786069156
1992-03,-2.66,-0.93,3.56,-0.01,1.95,0.34,-0.29,-1.1984,2.0114,1.0075,2.0118,-1.833248342160021,-6.704736278979395
1992-04,1.07,-5.7,4.34,1.69,2.23,0.32,-2.58,-6.9392,1.8032,-1.7011,2.0023,-3.6911465887082606,-3.083071351148625
1992-05,0.3,0.21,1.19,-0.95,0.48,0.28,0.21,-0.26,0.2946,-0.2076,-0.7499,6.959829630169634,0.7438999157799664
1992-06,-2.34,-2.73,3.24,-0.05,1.01,0.32,-0.58,-2.6362,0.6498,1.0499,0.7786,0.159529796530955,-3.356872046721404
1992-07,3.77,-0.62,-0.56,1.3,-0.91,0.31,1.56,-0.8431,0.3915,2.5486,-0.024,1.0075377839836586,2.3663076501410307
1992-08,-2.38,-0.42,-1.1,3.72,-1.65,0.26,-0.51,-0.3027,-0.7708,1.5206,-0.8624,4.815068079407259,-1.0195423682940574
1992-09,1.19,0.48,-0.26,1.64,-0.59,0.26,1.49,0.6797,-0.3975,2.3975,-0.8276,3.904522847818459,2.825536638579096
1992-10,1.02,2.07,-1.98,1.24,-0.79,0.23,2.48,1.5547,-0.3589,2.1272,0.61,5.857505249401629,8.84428880235697
1992-11,4.13,3.94,-1.35,-0.68,-1.59,0.23,-0.15,3.6882,-1.1712,0.9448,-0.1423,0.6836201133859854,5.7943795080423355
1992-12,1.53,1.68,2.62,-0.48,0.84,0.28,4.31,2.743,1.4108,1.8297,1.04,1.2088164801172585,0.5107016524133812
1993-01,0.93,1.93,5.94,-1.84,2.91,0.23,4.83,2.3197,2.9827,-1.4431,0.0495,3.286080516151002,6.143834515012725
1993-02,0.12,-3.45,6.42,-0.42,4.13,0.22,3.14,-3.3152,3.6569,-1.4786,2.1469,-4.156671962925462,-4.166854087182214
1993-03,2.3,0.09,1.18,-0.15,0.9,0.25,3.73,-0.0141,0.9273,1.7906,0.5639,4.143410265416536,0.0383930720688763
1993-04,-3.05,-0.85,2.49,-3.61,1.38,0.24,0.38,-1.1434,1.201,-3.0656,1.9917,-2.497388822172264,-2.3456860002001756
1993-05,2.89,1.9,-3.42,-0.12,-1.04,0.22,0.22,1.8045,-0.8479,-0.5601,-0.273,4.960155953490908,8.520694450543886
1993-06,0.31,0.13,2.75,-0.92,1.21,0.25,4.55,1.5893,1.8188,3.004,1.4634,-2.6983293462810476,0.7676243392209514
1993-07,-0.34,0.95,2.85,-1.87,2.06,0.24,3.16,1.3909,1.4591,-0.5623,0.8502,-1.8980602195555196,1.3751423842653487
1993-08,3.71,0.1,0.13,-1.54,-0.04,0.25,2.65,-0.019,-0.0614,0.4572,0.7642,0.5205608744005996,4.608177375801281
1993-09,-0.12,2.98,-0.31,0.24,-0.16,0.26,3.37,3.1054,0.2696,0.9427,1.3638,2.884768608726574,4.17868114286335
1993-10,1.41,1.89,-2.76,0.57,0.6,0.22,-2.72,0.4216,-0.5641,-1.4093,-1.4198,-0.322115817777846,1.2457815593378552
1993-11,-1.89,-1.27,-0.74,2.23,-0.94,0.25,-4.74,-1.8618,-0.7507,-0.7095,0.1379,2.70261572444066,3.3457862331193855
1993-12,1.65,1.4,0.32,1.16,-0.34,0.23,2.36,2.1125,-0.2555,2.3869,2.2733,-2.3041358890527053,-0.207307046012195
1994-01,2.87,-0.06,1.15,-1.66,1.43,0.25,0.0,0.159,1.1272,-0.922,0.9311,3.897127461831018,9.3268320538487
1994-02,-2.55,2.67,-1.54,2.14,-1.0,0.21,-0.3,2.6526,-0.4691,2.6619,1.598,3.73723094939975,5.7750165456530445
1994-03,-4.78,-1.04,1.6,0.69,1.28,0.27,-1.27,-0.9378,0.9681,0.2218,1.3513,1.4250815665735272,1.5610094650617246
1994-04,0.68,-1.01,1.66,1.07,1.11,0.27,0.39,-0.819,1.2741,1.529,1.5131,2.575662279279056,-0.1265284576220882
1994-05,0.58,-2.56,0.67,0.6,0.68,0.31,-2.19,-1.9848,0.512,-0.7588,1.4199,0.770925309920556,-1.5862905375770286
1994-06,-3.03,-0.5,1.67,1.21,1.47,0.31,-0.87,-0.8441,0.9202,0.1932,1.3288,-3.3448876604309175,-0.7372665706571024
1994-07,2.82,-1.85,0.58,-0.65,0.14,0.28,0.18,-1.4321,0.4259,0.7148,-0.0945,-3.741503162664928,-1.6062950009669177
1994-08,4.01,1.37,-2.51,0.95,-1.47,0.37,1.55,2.0904,-0.6915,2.061,2.6805,5.388256267947544,6.121481082977009
1994-09,-2.31,2.8,-1.89,0.52,0.93,0.37,1.31,2.2081,0.5879,1.0911,0.9738,2.0915833120396465,0.578867558445606
1994-10,1.34,-2.3,-1.62,0.23,-0.68,0.38,1.49,-1.8201,0.1613,0.3556,2.448,5.2747556624840986,2.7644388227101357
1994-11,-4.04,0.07,-0.7,0.42,-0.5,0.37,-0.18,0.5354,-1.0042,1.3703,1.4457,5.069328683320351,0.8404963539789145
1994-12,0.86,0.0,-0.13,0.37,0.38,0.44,3.48,1.1739,1.2933,3.9844,3.7209,-0.3192444968756369,-3.640147651361691
1995-01,1.8,-3.06,2.57,0.17,-0.75,0.42,-1.81,-2.4308,-0.0027,-0.063,1.1177,1.861110599851323,0.0170557371322432
1995-02,3.63,-0.54,1.08,0.59,-0.33,0.4,-0.39,-0.6967,-0.8485,0.5097,1.2099,2.8423882400282707,2.4127505509701885
1995-03,2.19,-0.51,-2.15,-0.17,0.22,0.46,0.43,-1.2145,0.1685,1.2654,0.7805,3.834714908188319,2.1712374098660447
1995-04,2.11,-0.22,1.71,0.41,0.9,0.44,1.79,-0.0076,0.0068,0.142,3.4497,1.004048050387918,2.504627686726524
1995-05,2.9,-2.19,2.29,0.39,0.04,0.54,-0.42,-2.2038,0.8586,-1.0066,1.4624,-0.8499719897440805,2.214564845232503
1995-06,2.72,3.06,-2.54,-0.33,-2.44,0.47,2.93,3.219,-1.7465,2.1275,1.8099,7.692012593753672,5.75648301549212
1995-07,3.72,2.09,-1.62,0.3,-1.65,0.45,2.56,1.7624,-2.5443,0.9451,0.3138,6.728637091865752,6.140070551729404
1995-08,0.55,1.75,2.79,-1.24,1.62,0.47,0.16,2.3538,2.1996,0.1383,1.2954,2.262388257627612,1.079505853833207
1995-09,3.35,-1.88,-0.04,1.03,0.36,0.43,2.9,-0.7905,1.9328,1.3917,3.123,3.866701871611,-4.475997015030475
1995-10,-1.52,-4.04,-0.5,1.91,-0.05,0.47,4.16,-5.0247,0.7822,2.7798,4.4585,5.436352296462554,-5.939429477994973
1995-11,3.96,-1.07,0.51,-0.62,1.12,0.42,-0.68,-0.7575,1.1261,-0.2398,-1.2715,-4.134244275908072,-1.1071921427004194
1995-12,1.03,0.72,0.22,-1.37,3.1,0.49,2.52,0.6315,3.1163,0.2794,0.4029,-7.839359044980165,-7.59355070860771
1996-01,2.26,-2.56,0.38,0.18,2.31,0.43,0.54,-2.6865,2.451,-1.5087,1.4014,2.2269252888223345,0.2435433558235056
1996-02,1.33,1.77,-1.08,0.24,-1.9,0.39,0.59,2.7354,-0.9876,3.1394,0.7364,2.326221922554028,4.01513457408369
1996-03,0.73,1.61,0.35,1.42,-0.95,0.39,-1.84,1.873,-0.6897,0.2756,-1.3301,2.288332013690453,-0.4769071704268879
1996-04,2.06,4.71,-4.02,-0.14,-2.11,0.46,-0.88,5.1852,-1.8073,2.8673,1.1731,7.66499947032091,9.056446478461954
1996-05,2.36,3.21,-0.83,0.12,-0.3,0.42,1.54,4.4631,1.0265,1.864,-1.4379,6.699384203288039,2.3152258150307192
1996-06,-1.14,-3.65,2.35,3.51,1.22,0.4,0.98,-4.2992,1.7381,0.866,1.6996,0.8659597510003891,-8.747281838605492
1996-07,-5.97,-3.81,5.14,2.95,2.6,0.45,-0.16,-3.3585,2.0165,2.415,2.9393,-1.441298936694979,-2.6307848604368633
1996-08,2.77,2.57,-0.74,-0.37,-2.42,0.41,0.01,2.4811,-1.8529,0.1305,-1.3704,2.4421789729730525,6.124460912850216
1996-09,5.01,-1.39,-2.72,1.27,-2.22,0.44,2.7,-1.4457,-1.7381,2.2071,2.9315,2.8645544826336744,4.5326228188907525
1996-10,0.86,-3.77,4.94,1.4,3.25,0.42,3.79,-2.4195,3.6633,1.8831,3.2184,4.169968632535692,-2.144743160345075
1996-11,6.25,-3.8,1.39,2.12,-0.79,0.41,-2.37,-3.5327,-1.3109,0.8165,5.389,-1.0622693846109366,6.730712975230735
1996-12,-1.7,3.25,1.31,0.37,1.49,0.46,0.63,3.3237,1.2254,0.9371,1.7538,-0.5023936771914594,-1.5014577612847857
1997-01,4.99,-1.82,-1.42,1.19,-0.02,0.45,1.96,-0.795,-0.6466,1.8159,2.5674,3.0717862045438693,3.934201014730676
1997-02,-0.49,-2.59,5.67,0.67,3.47,0.39,-2.13,-2.4667,2.9153,-1.5374,0.6426,1.5464127370933722,-3.882613262804002
1997-03,-5.03,-0.43,3.39,0.5,1.66,0.43,0.9,-0.5279,1.7515,1.7708,0.2068,-4.53792634683976,2.485234052483243
1997-04,4.04,-5.7,0.07,3.26,-0.72,0.43,4.84,-4.7258,-1.8801,3.8599,2.9932,6.266140223134675,0.4885939804601502
1997-05,6.74,4.75,-4.13,-1.02,-2.96,0.49,-5.17,5.0194,-3.2305,-0.2201,-1.4972,-0.5114666631915399,3.8615321637921474
1997-06,4.1,1.19,1.58,0.56,0.66,0.37,2.6,1.0326,0.2313,2.1092,0.1107,-0.1460703323589274,-2.931719276110911
1997-07,7.33,-2.76,0.26,0.07,-2.58,0.43,3.77,-1.4173,-3.0399,1.2853,1.2829,-1.0392154655299524,9.104892956045884
1997-08,-4.15,7.61,1.18,-1.11,-0.04,0.41,-2.56,7.4961,-0.7059,-1.4198,0.4401,-0.4205561017029957,6.75948375678832
1997-09,5.35,2.49,0.37,-1.63,-0.91,0.44,1.47,2.435,-0.1259,-1.0418,-2.6061,1.80948797736904,-0.7590388478233456
1997-10,-3.8,-0.52,2.27,1.0,1.94,0.42,-0.57,-1.0927,2.6609,-1.0477,-1.4187,-1.894113731708713,-6.165645343652681
1997-11,2.98,-5.11,1.2,2.81,1.84,0.39,0.33,-5.5217,2.8803,1.4029,3.6732,0.8018174063508132,-4.80542760398992
1997-12,1.32,-2.03,3.84,0.74,1.92,0.48,3.98,-2.2245,2.2364,1.5724,-2.3996,-1.7037150367385734,-6.40105241695641
1998-01,0.15,-1.36,-1.63,0.87,-0.73,0.43,0.14,-1.216,-1.2061,2.1884,2.5942,5.152032582996791,4.00907923801701
1998-02,7.04,0.2,-0.85,-0.31,-2.54,0.39,-1.12,1.0586,-2.453,1.1388,-0.2956,3.4671032824787673,4.091251671337726
1998-03,4.76,-0.65,1.39,-0.26,-0.37,0.39,2.15,-0.3378,0.4996,-0.1759,-1.0612,3.2782596068660297,-4.694382302083866
1998-04,0.73,0.0,0.94,-1.69,-0.36,0.43,0.74,0.4968,0.1834,-0.1992,2.2959,-1.336424401649039,4.4135465189546474
1998-05,-3.07,-2.95,3.44,1.1,2.61,0.4,1.82,-2.6343,2.2554,1.7795,1.0564,4.273999970746245,-8.363523948599349
1998-06,3.18,-3.66,-1.96,-0.26,-2.97,0.41,7.28,-3.2841,-1.5159,3.159,0.4225,7.233091834586891,-4.075763377245211
1998-07,-2.46,-5.27,-1.78,1.74,0.45,0.4,3.69,-5.7045,1.8848,0.9703,2.8077,6.4215935018733905,-2.0050733147938704
1998-08,-16.08,-5.17,3.53,3.37,5.91,0.43,1.84,-6.1863,5.4604,3.0578,6.7132,-3.7699406145583536,-8.638626580189934
1998-09,6.15,-0.78,-3.42,-1.88,-2.99,0.46,-0.81,-2.0592,-3.0812,-1.8265,1.275,8.027025332123516,4.3896849177258
1998-10,7.13,-3.43,-2.23,0.93,0.31,0.32,-5.37,-2.1688,-0.9612,0.6389,-0.5144,-3.4426361058514376,4.938407322315452
1998-11,6.1,0.75,-3.25,-0.86,-1.18,0.31,1.2,0.8958,-0.0254,1.3699,1.2936,10.293348142071812,4.05407687459125
1998-12,6.16,-1.56,-4.19,-0.76,-3.39,0.38,8.92,-1.8735,-2.9332,2.9291,-2.2555,11.762436159829017,6.320735042675452
1999-01,3.5,-0.75,-4.6,-2.77,-6.8,0.35,3.03,-1.8912,-4.4699,-3.2508,-1.0681,18.94826500480371,8.212511069452532
1999-02,-4.08,-5.22,1.92,-1.23,4.1,0.35,-0.1,-4.2284,4.8135,0.016,0.0109,-3.554550362365494,-6.006471777896627
1999-03,3.45,-4.23,-2.74,-4.07,-1.42,0.43,-1.27,-5.5833,0.3158,-0.6922,0.4002,1.734250739323695,2.6757078711187265
1999-04,4.33,4.52,2.46,-2.53,0.89,0.37,-9.04,3.9806,2.6555,-5.152,0.4435,-12.086954679245554,1.1767178671989065
1999-05,-2.46,3.71,2.35,0.93,3.34,0.34,-5.19,4.945,0.4504,0.6804,1.8903,-0.6948369837933566,-1.294200171358617
1999-06,4.77,2.29,-3.19,1.13,-3.21,0.4,5.06,3.1512,-2.1112,2.391,4.329,17.907053552489806,8.020021409811505
1999-07,-3.49,2.57,-0.44,0.36,3.22,0.38,1.66,2.264,3.4338,1.0281,1.9786,1.8092071912667815,3.648717603568796
1999-08,-1.38,-1.73,-1.87,-0.24,0.64,0.39,3.12,-1.5497,-1.1989,-0.0297,4.6299,-0.0191767493953665,2.801749129146369
1999-09,-2.79,2.59,-3.49,-0.75,-1.23,0.39,6.47,1.7307,-1.3826,-0.1695,-1.0359,1.046888977179905,3.1382076667684444
1999-10,6.12,-6.91,-3.37,-1.74,-1.19,0.39,5.5,-5.6493,0.3316,2.0317,1.7882,4.9821476456901825,-2.136363643520156
1999-11,3.37,5.8,-6.12,-4.28,-1.74,0.36,5.64,5.7518,-3.931,-3.0073,1.1586,0.328297094667751,9.90455549296736
1999-12,7.72,5.39,-8.33,-7.6,-5.63,0.44,13.22,4.1765,-5.4904,-5.4444,-0.6029,12.724433546132351,12.880978718121884
2000-01,-4.74,4.42,-1.88,-6.29,4.72,0.41,1.92,5.6171,2.9355,-4.9998,0.6319,8.865629818250342,3.654747393231217
2000-02,2.45,18.28,-9.59,-18.65,-0.48,0.43,18.2,22.1445,-5.3931,-7.5531,-3.1144,28.373960332251393,26.96077667224923
2000-03,5.2,-15.32,8.13,11.79,-1.59,0.47,-6.83,-14.402,1.835,7.6849,3.5075,0.3455895168650524,3.195119718861972
2000-04,-6.4,-5.01,7.26,7.66,5.65,0.46,-8.39,-4.8609,3.7873,8.7094,5.1049,-2.945694221052908,-2.4159092570433804
2000-05,-4.42,-3.81,4.75,4.13,1.37,0.5,-8.98,-4.595,0.5085,0.0196,3.7037,-8.649408958366989,-10.235055822845352
2000-06,4.64,9.92,-8.42,-8.31,-2.95,0.4,16.6,10.2649,-3.3905,-4.7546,-1.8045,12.422230174840475,5.913770426212528
2000-07,-2.51,-1.03,8.31,5.83,2.94,0.48,-0.05,0.995,2.2468,3.4292,3.2749,-9.18841623559078,-0.9987702910281948
2000-08,7.03,-1.03,-1.39,-3.22,1.1,0.5,5.73,0.4492,-0.7996,-2.082,-1.098,9.867643138821226,7.417307915948346
2000-09,-5.45,0.19,7.17,2.56,5.53,0.51,1.97,1.6354,5.2247,2.1026,0.7955,-8.281128936886816,-12.53467000772146
2000-10,-2.76,-2.65,5.71,9.61,3.8,0.56,-4.48,-2.223,2.9226,7.3215,6.4705,-8.1002747292929,-4.909302378413438
2000-11,-10.72,-0.58,12.3,13.07,8.43,0.51,-2.32,1.5397,7.4487,10.3593,10.9018,-8.477183134558853,-16.017113269857596
2000-12,1.19,3.26,7.61,1.71,4.79,0.5,6.74,4.6807,6.3542,5.186,0.5126,-0.3651321911691596,-0.5502301513176322
2001-01,3.13,5.48,-5.07,-4.69,-5.03,0.54,-25.3,2.7241,-7.1285,-10.7883,-6.1594,11.25585953096413,20.911813035484883
2001-02,-10.05,2.83,12.47,9.1,9.07,0.38,12.57,2.8959,9.2309,5.2077,6.3589,-12.589325817944983,-10.98363085824634
2001-03,-7.26,2.33,6.42,3.35,3.92,0.42,8.55,2.962,3.7704,3.474,2.6585,-0.4891916046584343,0.6023141355764094
2001-04,7.94,-0.86,-4.67,-3.06,-3.2,0.39,-7.9,-0.9199,-3.754,0.0915,-5.4515,9.528273011742773,11.433976652404066
2001-05,0.72,3.6,3.36,0.25,1.91,0.32,2.21,4.3577,2.3804,-2.5165,-0.2513,-3.5989858248698936,-4.861951925073149
2001-06,-1.94,6.57,-1.12,1.6,-1.51,0.28,0.38,6.711,-1.7973,-0.806,1.9723,4.837075569895211,1.9945283343536069
2001-07,-2.13,-2.82,5.21,7.42,3.07,0.3,5.58,-2.1452,1.3768,3.8735,5.5121,1.0016911653210947,-2.995297195767521
2001-08,-6.46,2.71,2.31,4.05,6.57,0.31,5.53,2.3699,5.641,4.3155,5.6455,-10.318577591598988,-2.3765477120463396
2001-09,-9.25,-5.73,1.45,4.99,3.21,0.28,11.48,-4.9253,2.8644,9.192,5.7667,-1.8455380670324928,-13.367239196455872
2001-10,2.46,5.27,-7.65,-2.98,-4.55,0.22,-8.47,3.4861,-2.9867,-4.3754,-0.5555,7.654379969143199,15.88188587631798
2001-11,7.54,-0.31,2.21,-3.73,-1.61,0.17,-8.69,-1.3907,-1.1391,-8.4893,-2.9927,4.47579510536722,8.955893979220031
2001-12,1.6,5.16,0.84,0.34,-0.26,0.15,0.07,5.3201,-0.1753,0.5419,-2.257,0.2788783957302643,0.2130709200282243
2002-01,-1.44,1.26,3.44,4.69,2.84,0.14,3.75,0.7237,3.2498,0.3033,4.2877,-1.6967356287292068,-1.762042546560283
2002-02,-2.29,-0.36,2.16,8.07,5.11,0.13,6.82,-0.4922,4.4456,5.3235,3.7643,5.282646821805637,-8.136813727282178
2002-03,4.24,4.25,1.06,-1.78,0.58,0.13,-1.64,4.6097,0.7761,-4.7001,-0.5528,-4.538741107757039,4.916480646263444
2002-04,-5.2,6.72,3.88,4.56,5.38,0.15,7.63,7.5846,4.0731,5.4639,4.0819,4.052599889454145,-7.988180639177534
2002-05,-1.38,-3.02,1.53,2.36,2.44,0.14,3.16,-3.1795,2.1865,1.8111,0.6156,2.8331831576041244,-2.4435859804026516
2002-06,-7.21,3.89,-0.05,3.93,2.51,0.13,6.03,3.5661,3.5485,4.9409,0.5052,4.365270230608931,-7.891804986806705
2002-07,-8.18,-6.43,-3.85,3.79,-0.99,0.15,3.77,-6.3911,1.9786,6.7016,4.9683,5.823910273196553,-6.534838382829844
2002-08,0.5,-1.31,3.28,1.36,-1.47,0.14,1.9,0.0007,-0.8574,2.5491,-1.7192,-3.7631694943890626,0.0240048063535391
2002-09,-10.35,3.08,1.47,3.29,-2.19,0.14,9.13,3.12,-2.1364,4.4049,1.1299,7.381920536988251,-3.728262023125694
2002-10,7.84,-4.31,-3.95,-3.39,0.76,0.14,-5.58,-5.1206,0.2843,-4.5614,1.5123,4.670856486059671,7.8012387480015155
2002-11,5.96,2.91,-1.23,-9.2,5.15,0.12,-16.33,1.496,3.2719,-11.1725,-3.1022,-6.994525216634151,16.044160891285088
2002-12,-5.76,0.62,2.14,6.29,-1.68,0.11,9.64,0.0671,-2.2589,5.3188,2.2776,0.3636012080708184,-8.250662413890819
2003-01,-2.57,0.7,-0.83,-0.99,0.69,0.1,1.55,-0.9824,0.6982,-0.589,0.7808,-0.219967007880717,-0.5423742978839852
2003-02,-1.88,-0.93,-1.39,0.83,-0.62,0.09,1.17,-2.0245,-0.1272,0.8778,1.3997,3.151067725467094,2.74452708552686
2003-03,1.09,0.65,-1.93,1.87,-0.77,0.1,1.48,1.4039,-0.1257,3.4092,-0.9347,-0.4241944420874333,1.5334875567814654
2003-04,8.22,1.02,1.14,-4.68,1.06,0.1,-9.33,2.3547,1.0369,-4.4513,-2.9391,-2.9758454519581035,4.178851817744311
2003-05,6.05,4.81,0.4,-7.0,2.91,0.09,-10.7,3.8174,1.848,-8.2331,-1.6245,-6.516850299290455,7.406366821655075
2003-06,1.42,1.66,0.11,0.51,-0.38,0.1,-1.0,2.221,-1.0629,1.0948,-0.1291,0.9902220552252984,-1.806959322554136
2003-07,2.35,4.54,-1.24,-4.14,1.78,0.07,-0.24,4.3762,2.3405,-1.7422,-0.8789,2.956000730623698,2.429117216067822
2003-08,2.34,2.48,1.53,-2.25,2.14,0.07,-0.62,2.2397,2.3621,-1.2384,-1.6327,0.7192431907902197,4.993423190963142
2003-09,-1.24,0.54,0.16,1.01,0.34,0.08,-0.19,0.6889,0.2279,1.2631,2.3261,-0.6461044653988224,-1.0681543425762108
2003-10,6.08,2.71,1.97,-1.35,1.55,0.07,3.99,3.0474,1.031,-1.7507,-0.5642,0.4631439034644247,3.464585935554698
2003-11,1.35,2.33,1.78,0.19,1.81,0.07,1.46,2.1957,2.3052,0.7767,0.5379,1.2660041013947687,-1.230896288286898
2003-12,4.29,-2.49,1.6,0.56,0.94,0.08,-5.57,-2.7811,0.774,-1.7394,-1.3486,-4.868377601377027,-3.6716826920176526
2004-01,2.15,2.45,2.49,-3.66,3.38,0.07,2.58,3.1121,2.0585,-2.4364,0.837,1.530191288933036,1.7042543900283924
2004-02,1.4,-0.93,0.9,2.17,-1.21,0.06,-1.14,-0.3075,-0.8855,2.1354,-0.0152,-1.5432160849266574,-0.94950539348313
2004-03,-1.32,2.1,0.27,1.56,-0.98,0.09,0.17,2.5218,-0.7352,1.7567,-1.0578,2.929529051818136,0.1802192358755894
2004-04,-1.83,-2.01,-3.1,3.45,-2.84,0.08,-5.38,-3.2185,-2.9001,0.0193,1.427,1.0187857126129574,-4.19020368775469
2004-05,1.17,-0.38,-0.25,-1.18,0.03,0.06,1.5,-0.3819,0.551,1.068,-0.2178,1.070243277554872,2.075021564800128
2004-06,1.86,2.56,1.18,1.2,-0.39,0.08,2.05,2.2399,-0.2618,0.5621,0.6322,-0.385733254363374,0.3415882352644006
2004-07,-4.06,-2.95,3.24,5.32,-1.66,0.1,-2.29,-3.3502,-0.9772,2.4066,3.0646,-3.0374441758695747,-5.769569780149652
2004-08,0.08,-1.13,0.97,1.23,-1.47,0.11,-1.59,-1.5163,-1.1997,-1.2272,0.176,0.4651060407667717,-4.988195688107555
2004-09,1.6,3.27,0.0,-1.49,-1.88,0.11,5.49,3.7951,-2.2121,-0.2123,-1.6176,1.3412537000629277,5.719343312207159
2004-10,1.43,0.19,-0.22,-0.52,0.49,0.11,-1.38,-0.7841,0.584,-1.4399,0.0033,-1.4258613014083377,2.5956748576344335
2004-11,4.54,4.11,1.41,-0.58,-0.22,0.15,3.16,4.4728,-0.4263,-1.1342,-1.6565,0.0160962642630879,2.9263852353772712
2004-12,3.43,-0.05,-0.22,-1.16,0.46,0.16,-2.87,-0.0411,0.3018,-0.8598,-1.1293,2.384365100634289,2.285947582358716
2005-01,-2.76,-1.17,2.06,2.74,-1.46,0.16,3.05,-0.3941,-0.4036,3.2457,1.2576,2.3638093509112057,1.6522855968082562
2005-02,1.89,-0.31,1.54,1.43,-0.05,0.16,3.37,0.1469,0.2917,3.5726,0.6662,-0.1672057561686202,4.184565352137337
2005-03,-1.97,-1.42,2.04,0.47,1.29,0.21,0.41,-1.7448,0.9394,0.535,1.8949,-1.688076021928997,-1.456238265294818
2005-04,-2.61,-3.98,0.07,0.97,-0.94,0.21,-0.69,-4.4794,-1.4563,-1.1019,2.1604,-1.0758673393317375,-5.06218472638974
2005-05,3.65,2.79,-0.64,-1.0,0.3,0.24,0.45,2.9656,-0.0579,0.9641,0.4214,3.080451590483557,5.181149515149297
2005-06,0.57,3.28,2.83,0.96,-0.51,0.23,2.05,3.8096,-0.1983,-0.4264,-0.4164,-2.070924247253026,-0.9193714498125338
2005-07,3.92,2.81,-0.79,-1.19,-0.82,0.24,0.06,2.7333,-2.0714,-0.2083,-0.4054,2.2933191084364646,5.4062329861360725
2005-08,-1.22,-0.89,1.32,-2.05,0.37,0.3,2.08,-0.7913,0.2355,-0.6848,-0.6039,-0.2619021000079602,0.508331987365751
2005-09,0.49,-0.34,0.71,0.27,-0.6,0.29,3.43,0.0044,-0.0266,0.8619,0.2637,-2.245806539556894,0.8838114608613168
2005-10,-2.02,-1.45,0.42,-0.93,-1.3,0.27,-1.39,-0.5108,-0.3149,1.1011,-0.5498,3.844101269850597,-0.2013130291140918
2005-11,3.61,0.84,-1.16,-0.76,-1.14,0.31,0.35,1.2182,-1.0482,0.7751,-0.6043,1.8286946227555667,5.316819918385796
2005-12,-0.25,-0.2,0.2,0.21,0.23,0.32,0.77,-0.0336,0.8804,0.2287,1.093,-2.2947352395251253,0.4908444424603475
2006-01,3.04,5.75,1.08,-0.64,-0.46,0.35,2.53,6.4413,-0.6797,-0.2611,0.8783,-0.4278533524665118,6.035676262179135
2006-02,-0.3,-0.42,-0.34,-0.51,1.91,0.34,-1.84,-0.395,2.4381,-0.9978,-1.0257,-1.8730056070906944,-2.139361232704018
2006-03,1.46,3.38,0.6,0.06,-0.41,0.37,1.26,3.1221,-1.3435,0.7652,-0.7877,3.996818245880674,3.6592130319900606
2006-04,0.73,-0.84,2.34,1.8,0.01,0.36,0.64,-0.3055,0.3427,0.826,-0.127,-0.4023208570839154,1.483588612786968
2006-05,-3.57,-2.85,2.41,1.15,1.46,0.43,-3.7,-3.5327,1.3126,-0.0785,-1.5898,-4.336525946965464,-6.203761656005602
2006-06,-0.35,-0.24,0.85,1.32,-0.07,0.4,1.54,-0.336,-0.3976,1.0467,0.6316,0.2950735823179728,-1.080583576776084
2006-07,-0.78,-3.63,2.6,1.63,0.9,0.4,-2.12,-3.1594,1.3479,0.5439,3.2046,-0.4351571770090268,-6.6474626192845605
2006-08,2.03,0.44,-2.06,-1.86,2.09,0.42,-3.38,0.4347,1.9253,-1.3348,-0.1456,-0.6089754323606034,-1.2106699186767544
2006-09,1.84,-1.46,0.08,0.82,0.6,0.41,-0.96,-0.9696,0.9827,0.6311,0.9507,4.666691382462407,0.3820458805176674
2006-10,3.23,1.98,-0.31,-0.12,0.28,0.41,-0.2,1.9782,0.1978,-0.2983,0.4435,-0.6971067288906285,2.5423736007323283
2006-11,1.71,0.71,0.14,0.15,-0.8,0.42,-1.03,0.3878,-1.5945,0.4951,-0.8997,-1.5728373499556358,3.473617554794628
2006-12,0.87,-0.81,2.73,-0.72,2.06,0.4,0.79,0.0007,1.8255,-0.5587,-1.2249,-0.6686743278518592,-3.3892977453246265
2007-01,1.4,0.07,-0.68,0.25,0.38,0.44,0.24,-0.0989,0.6262,0.0525,0.0683,-0.7862346269726816,4.1255035328174205
2007-02,-1.96,1.29,-0.14,-0.51,-0.71,0.38,-1.35,1.4242,-0.9689,-0.7332,-0.0687,0.541576369667851,1.9033407925494128
2007-03,0.68,0.2,-0.97,0.64,-0.65,0.43,2.56,-0.1752,-1.1827,0.4443,-0.2037,-0.7419217173228576,-1.548162675414233
2007-04,3.49,-2.04,-1.45,1.15,1.03,0.44,-0.24,-1.7361,0.8508,0.5382,1.1127,1.6210322978540417,2.8630203254458975
2007-05,3.24,0.4,-0.65,1.58,-1.36,0.41,-0.34,-0.2466,-2.3062,0.5284,0.1331,0.4545280073766644,2.2236948821388047
2007-06,-1.96,0.74,-1.05,0.53,0.08,0.4,0.51,0.5408,0.952,1.213,-0.5925,2.5114542810566576,0.7169754742386347
2007-07,-3.73,-2.99,-3.71,0.2,-1.13,0.4,2.94,-3.0422,-2.2506,1.5445,0.0496,3.396235868469178,0.1670866698648687
2007-08,0.92,-0.37,-1.86,-1.21,-0.53,0.42,0.1,-0.816,-1.32,0.9285,0.4943,1.1777305662284745,-4.371687101643184
2007-09,3.22,-2.44,-2.21,-0.52,-3.02,0.32,4.63,-2.4076,-3.2001,1.6183,-0.4745,0.506735418876092,-0.567136611156871
2007-10,1.8,-0.08,-2.98,-0.3,-0.09,0.32,5.02,0.3772,0.4574,1.2267,0.3453,-2.177335857215923,-0.8705662414458581
2007-11,-4.83,-3.02,-0.94,1.89,-0.29,0.34,0.99,-3.0164,0.1771,3.5961,1.4361,-1.8761589648077728,-5.4756723554596824
2007-12,-0.87,0.15,-0.55,0.87,-1.05,0.27,6.63,0.6429,-0.6026,2.3146,1.0642,2.1679415220841047,-0.6924653710560058
2008-01,-6.36,-0.65,3.97,2.14,2.14,0.21,-7.75,-0.7335,1.3985,-0.335,-0.8164,1.2336621085246249,4.9703186674839195
2008-02,-3.09,-0.66,-0.84,0.88,-0.93,0.13,6.1,-0.8807,-1.508,1.8089,1.36,2.784685212160709,0.2980417213626518
2008-03,-0.93,0.56,0.3,0.79,0.5,0.17,4.27,0.577,-0.3522,2.3694,-0.0305,0.5038216058156131,-1.527625244190145
2008-04,4.6,-1.2,-0.94,1.64,-2.47,0.18,-0.31,-0.9301,-2.3209,-0.8157,3.3207,-1.0074172253313862,4.294090471487899
2008-05,1.86,3.02,-1.43,0.93,-0.06,0.18,3.31,2.5275,-0.3475,-0.3489,0.0573,2.121407317581614,1.9374841747445748
2008-06,-8.44,1.18,-2.71,4.96,-0.55,0.17,12.75,1.8781,-0.1854,6.3701,1.042,2.1589580804125763,-5.335455909226416
2008-07,-0.77,3.72,5.42,-1.37,1.08,0.15,-5.13,5.9925,1.8031,-0.0192,-0.0866,4.887252281980881,-3.4610267501584246
2008-08,1.53,3.46,1.59,1.86,0.84,0.13,-4.02,1.8626,0.9417,-0.9233,2.0556,2.995637471715495,1.7726078333154094
2008-09,-9.24,0.25,5.91,2.41,1.78,0.15,0.28,0.6623,3.1609,1.6471,3.451,2.7696144968046177,-6.707161504863723
2008-10,-17.23,-3.34,-2.3,3.04,2.05,0.08,7.85,-3.4778,1.0392,5.8889,6.7419,5.115266816634878,-9.933449293582374
2008-11,-7.86,-3.89,-6.31,4.53,2.75,0.03,7.17,-5.2251,0.5016,3.5054,2.2205,-0.2714838773752115,-7.919584880715891
2008-12,1.74,3.29,0.14,0.06,-1.49,0.0,-5.09,3.5804,-2.3563,-0.6256,-0.7984,-2.7367887949033665,6.51490695563286
2009-01,-8.12,-2.14,-11.29,0.18,-1.17,0.0,-2.18,-2.9404,-0.9195,-0.7397,2.4443,1.1574720597037125,-8.671030069116469
2009-02,-10.1,-1.32,-6.95,1.19,-1.02,0.01,4.41,-1.6061,-1.8632,2.9127,2.997,8.184603226500764,1.791121929619921
2009-03,8.95,0.67,3.47,-2.52,-2.25,0.02,-11.87,0.958,-0.4563,-3.3319,0.0621,-0.0966111823593851,4.930089574634411
2009-04,10.18,7.13,5.36,1.31,0.13,0.01,-34.3,7.3504,3.5317,-13.9902,-1.9211,-7.4605269051941985,19.730712935229768
2009-05,5.21,-2.32,0.28,-0.78,-2.17,0.0,-12.49,-1.337,-2.4121,-3.2921,-0.587,-6.500586274716158,5.475577760777672
2009-06,0.43,2.29,-2.73,-1.41,-0.33,0.01,5.48,3.7792,0.4848,0.9567,2.5897,-0.1384113472901904,-5.701804815860267
2009-07,7.72,2.39,4.83,-0.46,3.14,0.01,-5.55,1.6803,2.0193,-4.9457,-1.0228,-4.100309483673136,3.4842601869184975
2009-08,3.33,-0.09,7.63,-3.02,3.34,0.01,-9.07,0.8741,2.2891,-2.5812,-1.5559,-8.424474411252358,8.057971481451931
2009-09,4.08,2.73,1.05,1.31,0.36,0.01,-4.79,2.4775,-1.1383,-2.7953,-2.6452,-1.5047684946099316,3.5118908189670783
2009-10,-2.59,-4.93,-4.21,4.17,-1.51,0.0,2.61,-4.6208,-0.2528,3.9382,2.9368,5.649800654360515,-4.141457647050251
2009-11,5.56,-2.68,-0.34,1.0,0.12,0.0,0.3,-2.3874,-0.3339,1.0111,-0.3241,-3.83161677279984,1.0607214900898665
2009-12,2.75,6.24,-0.17,1.02,-0.09,0.01,3.01,4.839,-0.1381,-1.8542,-0.126,-2.289120070141837,1.1920422888388238
2010-01,-3.36,0.34,0.43,-1.27,0.46,0.0,-5.4,0.3824,0.6653,-1.0677,-0.6848,-2.742572750118244,-1.1435250938105157
2010-02,3.4,1.51,3.23,-0.27,1.43,0.0,3.74,1.5068,0.703,-1.0406,-0.5169,1.694807199510362,2.627827813593786
2010-03,6.31,1.85,2.21,-0.65,1.69,0.01,3.76,2.0311,1.6201,-0.5102,-1.6988,-0.8895279870882455,5.431814604054108
2010-04,2.0,4.98,2.89,0.69,1.72,0.01,3.16,3.8994,3.063,-2.4885,-2.3485,-2.833288439305859,3.904272860530633
2010-05,-7.89,0.04,-2.44,1.3,-0.21,0.01,-0.25,0.0538,-0.4777,2.7377,1.741,3.706980065576926,-1.3431175343461832
2010-06,-5.57,-2.47,-4.7,-0.16,-1.55,0.01,-2.76,-2.3833,-2.491,1.3467,1.9119,2.2117660809627404,-6.688612456299381
2010-07,6.93,0.12,-0.31,0.24,2.01,0.01,1.88,0.4861,1.2168,-0.8604,0.3729,-1.337514961673869,3.062305649135366
2010-08,-4.77,-3.15,-1.9,0.53,-1.59,0.01,-0.06,-3.6733,-1.7234,-0.5062,-0.7079,-0.6573183055333498,-1.3563786409446443
2010-09,9.54,3.75,-3.16,-0.21,0.38,0.01,1.41,3.9594,1.142,0.509,0.0709,2.2778722378049787,3.03370338760649
2010-10,3.88,0.8,-2.43,1.19,-0.26,0.01,1.58,0.6988,-0.0223,0.6453,0.4586,-1.011256106335534,0.8022130845797726
2010-11,0.6,3.67,-0.96,0.45,1.59,0.01,2.66,3.6452,1.8646,-0.0799,-0.6143,4.453287483662494,1.7126569885138387
2010-12,6.82,1.03,3.7,-3.44,3.16,0.01,-3.03,0.4526,3.0162,-3.6797,-2.2361,-1.6678603778314316,1.7490465459892637
2011-01,1.99,-2.43,0.83,-0.76,0.83,0.01,-0.29,-1.9958,1.2925,0.5331,-1.3043,-2.307353898604503,1.5014783371205986
2011-02,3.49,1.65,1.27,-1.94,0.88,0.01,1.99,1.3851,1.442,-1.648,-0.8408,1.5326416006731014,0.2497402920564884
2011-03,0.46,2.62,-1.83,1.76,-0.03,0.01,3.4,1.852,-0.1315,-0.9575,0.3227,1.007171850657418,-1.3035998437461838
2011-04,2.9,-0.55,-2.43,1.01,-0.8,0.0,0.04,-0.878,-0.9779,1.5871,1.1108,1.5133656298165654,0.1714401058399373
2011-05,-1.27,-0.63,-2.12,2.08,-1.59,0.0,-0.62,-0.8588,-1.0351,0.1308,1.3826,2.0606601715322137,-0.5451383399266319
2011-06,-1.75,0.16,-0.42,2.49,-1.53,0.0,1.78,0.4599,-1.1515,2.8113,1.0009,1.0754031769244057,-3.2854505825532287
2011-07,-2.35,-1.2,-0.9,2.68,-1.81,0.0,0.18,-1.7834,-2.0383,0.7486,0.6584,-0.5406173691861249,-0.4136818041497903
2011-08,-5.99,-3.2,-2.36,3.3,-0.38,0.01,-0.28,-3.7375,-1.3168,2.5889,2.7071,3.1898929501985807,-5.719378979962975
2011-09,-7.59,-3.66,-1.72,2.04,0.24,0.0,-2.42,-4.7737,0.0766,-0.7641,4.899,2.0258323884142504,-6.893897542508887
2011-10,11.35,3.46,0.1,-2.16,-0.86,0.0,-1.43,5.1842,-0.5881,2.1402,-1.7028,-0.4590175794900064,4.928222408349314
2011-11,-0.28,-0.28,-0.46,1.86,1.49,0.0,3.84,-1.1385,1.5253,0.5804,1.2225,-0.9522165032723962,-2.7408631710112763
2011-12,0.74,-0.33,1.63,0.98,2.52,0.0,1.81,0.1386,2.6695,1.1493,-0.5716,-2.281163044431211,-1.8451895265577445
2012-01,5.05,2.06,-0.97,-2.01,-1.43,0.0,-7.91,2.7798,-0.574,-0.6313,-1.3395,0.8044620668467228,4.82165444856244
2012-02,4.42,-1.71,0.43,-0.48,-0.01,0.0,-0.29,-0.6691,0.0789,0.2919,0.0238,0.0161861773008142,5.141574662549941
2012-03,3.11,-0.47,1.14,-0.54,0.74,0.0,1.3,0.7263,1.4304,1.6789,1.8088,4.29185929295306,-2.2804475260602697
2012-04,-0.85,-0.55,-0.78,1.3,0.65,0.0,3.75,-1.0996,0.8585,1.0202,-0.3846,1.185618229743035,-2.295644550591558
2012-05,-6.19,-0.12,-1.07,2.08,2.31,0.01,6.49,-0.8812,2.6809,1.6079,2.3605,1.0229220822441265,-6.091821004037701
2012-06,3.89,0.84,0.62,-1.09,0.46,0.0,-1.06,1.4974,1.0217,-1.7619,0.3509,-0.6747352985655986,-2.270989584450267
2012-07,0.79,-2.78,-0.02,1.1,0.05,0.0,3.04,-3.0848,0.5093,1.5194,0.9808,-0.7907585651700022,0.4311593147278802
2012-08,2.55,0.44,1.3,-1.33,-0.84,0.01,-2.37,1.4204,-1.4664,-0.5072,-0.3883,2.8372350028176285,2.4279511859642833
2012-09,2.73,0.61,1.6,-1.49,1.55,0.01,-1.14,1.1701,1.2038,0.1979,-0.6925,-2.4411750305219138,0.4723515330574246
2012-10,-1.76,-0.89,3.59,-1.34,2.5,0.01,0.14,0.2241,1.8508,0.4723,-3.7218,-2.6221609347182206,0.070896649548735
2012-11,0.78,0.46,-0.84,0.6,0.84,0.01,0.49,0.3716,0.7994,1.7203,0.1868,1.9761101490115784,1.7970225636860793
2012-12,1.18,1.89,3.51,-1.85,0.91,0.01,-2.86,2.4277,-0.8369,-1.9895,-2.6235,-1.689200663530932,2.419422874961219
2013-01,5.57,0.48,0.96,-1.93,1.41,0.0,-1.79,0.1975,1.5622,-2.0267,-1.6667,-3.877516533021752,0.0165095274255344
2013-02,1.29,-0.25,0.11,-0.67,0.52,0.0,1.29,-0.621,0.7303,0.0662,0.438,-0.8735951667777409,-0.4591501691767141
2013-03,4.03,0.85,-0.19,0.14,1.38,0.0,1.92,1.0729,1.292,0.5017,-1.1605,-1.6041375894803145,0.3767085646648072
2013-04,1.55,-2.25,0.45,0.27,0.37,0.0,0.22,-2.8649,0.1008,-1.049,-0.2802,-2.116591885088926,2.2042017000334813
2013-05,2.8,2.06,2.63,-1.97,-0.87,0.0,-2.02,3.5114,-1.6629,-0.4309,-1.411,3.723001641492263,3.4617015871616807
2013-06,-1.2,1.57,0.03,-0.38,0.0,0.0,0.52,0.7559,0.7117,-0.1152,0.5336,-0.901261710261514,-3.4826045205325062
2013-07,5.65,1.81,0.57,-1.35,0.51,0.0,1.76,2.096,0.6492,-0.4789,-1.1004,0.3935045276849624,-0.5263839349977428
2013-08,-2.71,-0.06,-2.69,0.66,-2.16,0.0,0.02,-0.2103,-1.7886,0.5747,0.1682,2.686657738273168,1.490669750266016
2013-09,3.77,2.63,-1.22,-0.58,-1.36,0.0,3.06,2.4501,-0.7386,-0.9744,-1.0177,1.0683540042706774,0.5130959229326715
2013-10,4.18,-1.48,1.25,2.78,0.87,0.0,0.08,-1.6177,1.1612,1.337,0.7823,-0.9690443807809146,-0.8535882312605381
2013-11,3.13,1.41,0.32,0.14,0.04,0.0,0.44,1.9293,0.0148,1.5473,1.2051,2.046608854227072,-1.3545048556799275
2013-12,2.81,-0.45,-0.02,-0.46,0.09,0.0,0.02,-0.4381,0.7392,-0.1739,-1.7385,-1.65988433346983,1.180378507657753
2014-01,-3.32,0.58,-2.07,-3.88,-1.42,0.0,1.71,0.3303,-0.2918,-2.3112,0.3524,-0.7548237129793245,4.384571704060258
2014-02,4.65,0.14,-0.31,-0.23,-0.45,0.0,2.07,-0.3064,-0.6297,-1.4762,-0.0127,1.8330052292456989,3.6660443442292134
2014-03,0.43,-1.09,4.93,2.13,1.92,0.0,-3.29,-0.1623,2.7038,1.7701,1.5414,-0.4556502643202953,-0.9335185234682908
2014-04,-0.19,-4.12,1.17,3.48,1.02,0.0,-3.89,-4.6866,0.8015,1.0756,0.6944,-2.7577599344360215,-1.2442643627830652
2014-05,2.06,-1.89,-0.13,0.05,-1.0,0.0,0.87,-2.0366,-0.9378,-0.6562,0.5021,-1.046166377023161,0.8060095993946748
2014-06,2.61,3.11,-0.7,-1.89,-2.0,0.0,0.69,2.2426,-2.6584,-2.5842,0.2611,-1.247284864698861,1.5563528780669245
2014-07,-2.04,-4.29,0.03,0.89,0.52,0.0,-0.12,-3.5626,0.7158,1.1954,1.2336,1.456447189666421,0.0151635522683157
2014-08,4.24,0.31,-0.45,-0.64,-0.7,0.0,0.82,0.4495,-0.9247,0.1376,0.233,-0.2248995635334982,2.127695818203912
2014-09,-1.97,-3.72,-1.34,1.3,-0.51,0.0,0.5,-3.1026,-0.3101,3.0633,2.1813,3.357294058054938,-2.489517315254164
2014-10,2.52,3.73,-1.81,-0.57,-0.11,0.0,-0.06,3.6151,0.5283,1.6899,-0.1556,2.8379330009757453,-5.704300930221439
2014-11,2.55,-2.28,-3.09,1.5,0.27,0.0,0.69,-1.9772,0.3424,2.5253,0.4493,3.7064884116492,1.2880959658987834
2014-12,-0.06,2.86,2.27,-1.22,0.96,0.0,1.12,2.7694,0.4723,-0.6556,0.2993,0.9023527741374826,-2.4975487274247476
2015-01,-3.11,-0.92,-3.58,1.61,-1.65,0.0,3.84,-1.5792,-1.0729,-0.3707,1.4078,3.069967773668303,0.0317907267895378
2015-02,6.13,0.32,-1.86,-1.12,-1.82,0.0,-2.82,0.816,-1.3938,0.0837,-0.9756,3.109412815950807,3.368302318987615
2015-03,-1.12,3.07,-0.37,0.09,-0.52,0.0,2.74,2.8163,-0.2615,0.8338,-0.0421,4.413408904064142,-2.0479611792829644
2015-04,0.59,-3.09,1.82,0.06,-0.61,0.0,-7.27,-3.7918,-0.8011,-2.1972,-0.2287,-3.823195028475901,3.3606038826468954
2015-05,1.36,0.83,-1.14,-1.79,-0.74,0.0,5.82,1.735,-0.612,1.4466,0.2946,4.275301448929625,-0.6640406288843326
2015-06,-1.53,2.9,-0.79,0.44,-1.58,0.0,3.01,2.8606,-2.4461,1.2477,-0.7174,4.170292946752263,-1.4973780471771891
2015-07,1.54,-4.55,-4.13,0.3,-2.41,0.0,9.98,-4.0748,-2.7296,4.3509,2.583,4.675665034943877,-4.285348520693121
2015-08,-6.04,0.25,2.77,0.68,1.19,0.0,-2.09,0.5006,1.1632,0.7598,0.2619,-3.1707350571423043,0.4328305780020969
2015-09,-3.07,-2.79,0.56,1.77,-0.58,0.0,5.22,-3.3796,0.3072,4.2729,3.4773,3.1450836372642677,-7.297821496482437
2015-10,7.75,-2.07,-0.46,0.88,0.52,0.0,-3.28,-2.7651,0.6524,-2.314,1.0362,0.159461978826747,-0.878052172013144
2015-11,0.56,3.31,-0.42,-2.75,-0.99,0.0,2.28,3.4655,-0.5479,-1.7097,0.4651,1.793452887636593,-0.2579853839558721
2015-12,-2.17,-2.99,-2.61,0.5,-0.02,0.01,3.36,-2.0946,0.328,2.9435,3.3336,0.4987024743205115,-2.2642622832800163
2016-01,-5.77,-3.47,2.09,2.82,3.08,0.01,1.44,-2.8171,2.7736,5.3293,4.7834,3.105411318813034,-4.672863545189021
2016-02,-0.07,0.88,-0.57,3.25,2.02,0.02,-4.38,0.4861,1.7188,2.0303,-0.1345,-0.8857646404494712,3.5302948619017727
2016-03,6.96,1.07,1.19,0.77,-0.08,0.02,-5.01,1.0386,-0.7057,-2.1273,-2.7531,-5.927953843446354,4.464578352052873
2016-04,0.91,1.23,3.28,-2.97,1.9,0.01,-6.02,0.1069,1.2916,-7.2338,-5.236,-5.5384113780729605,2.79471495129191
2016-05,1.78,-0.61,-1.66,-1.09,-2.48,0.01,1.42,-0.501,-2.2596,0.9368,2.2551,3.067503986779218,-2.5162182800221533
2016-06,-0.05,0.45,-1.48,1.4,1.94,0.02,4.13,-0.3369,0.4911,0.273,-0.8264,-2.8617735052972604,-2.4020664229290167
2016-07,3.95,2.48,-1.32,1.26,-1.18,0.02,-3.34,2.3302,-2.1903,-0.5211,2.2562,0.6794689137420207,5.051852385589184
2016-08,0.49,1.68,3.18,-1.85,-0.34,0.02,-3.49,0.9735,-0.2318,-2.3925,-0.3905,1.1348209938167209,0.2625129456340636
2016-09,0.25,1.85,-1.24,-2.21,0.03,0.02,0.19,1.0162,0.2096,-3.078,-0.9288,-3.213995095757549,0.8354950925704152
2016-10,-2.02,-4.02,4.09,0.93,0.28,0.02,0.59,-3.4301,0.869,3.0152,2.029,-1.7280762288864882,-1.7817991390682075
2016-11,4.86,7.07,8.21,-0.18,3.7,0.01,-4.62,6.5782,2.978,-0.971,-2.5338,-0.3480069477760583,3.0223057079978632
2016-12,1.82,0.41,3.53,1.22,-0.23,0.03,-0.26,0.6324,-0.2455,1.5371,0.8248,-0.8448833695341662,-2.038303997206792
2017-01,1.94,-1.46,-2.75,-0.49,-0.99,0.04,-0.93,-1.8672,-2.0241,-1.3102,0.6337,-1.4062758566547595,0.8289894506973816
2017-02,3.57,-2.22,-1.67,0.47,-1.83,0.04,-1.65,-1.6698,-2.2401,2.0078,2.4684,2.709580972145531,-1.4848477983468331
2017-03,0.17,0.74,-3.35,0.61,-0.94,0.03,-1.02,1.2536,-1.2934,1.9001,1.2334,1.0765571388801964,-0.7155993170037345
2017-04,1.09,0.48,-2.13,1.9,-1.6,0.05,0.48,0.6004,-1.5686,1.0154,1.6603,0.9593115765758276,-1.818996346705859
2017-05,1.06,-3.06,-3.78,0.95,-1.79,0.06,1.48,-2.572,-1.559,1.3157,2.6916,1.5528985060290434,-2.1276641043226463
2017-06,0.78,2.58,1.48,-2.22,0.0,0.06,-0.09,3.0521,-0.5345,-1.3137,-1.8834,1.2177956450249772,1.6804067324464045
2017-07,1.87,-1.69,-0.31,-0.64,-0.2,0.07,1.68,-1.1238,-0.4273,1.5286,1.0232,-2.444058941246574,-0.026577058839039
2017-08,0.16,-1.82,-2.09,0.14,-2.38,0.09,3.26,-1.456,-2.8801,0.3901,1.5301,0.8078268236089814,-1.711882281192123
2017-09,2.51,4.78,3.14,-1.47,1.69,0.09,-1.32,4.9094,3.1398,0.4385,-1.7837,1.5306873894594064,2.2555731953046942
2017-10,2.25,-1.94,0.2,0.93,-3.25,0.09,4.27,-1.3341,-3.3035,1.3832,2.8967,2.185440186820631,-2.485879654228451
2017-11,3.12,-0.33,-0.03,3.16,-0.05,0.08,-0.87,0.2127,-0.4945,1.8841,1.165,3.272055414987518,1.9374339111594585
2017-12,1.06,-1.07,0.06,0.74,1.69,0.09,-1.54,-0.9107,1.7408,0.3386,-1.0643,0.4054477808437706,5.735375728660563
2018-01,5.57,-3.18,-1.29,-0.76,-0.96,0.12,4.05,-2.7667,-1.2905,-1.2835,2.5698,2.5510201013148492,-0.3279409218197582
2018-02,-3.65,0.32,-1.04,0.52,-2.37,0.11,3.58,0.183,-1.6974,-0.7709,4.466,2.621908550905272,-2.085056728653767
2018-03,-2.35,3.59,-0.21,-0.46,0.01,0.11,-1.13,2.8019,-0.1097,0.1504,0.463,0.3422405922591798,-0.8692039927240658
2018-04,0.28,0.93,0.54,-2.42,1.3,0.14,0.36,0.2757,1.586,-0.0324,-0.8221,-2.221203412456607,0.4548805289042112
2018-05,2.65,4.73,-3.2,-2.04,-1.5,0.14,3.89,4.9641,-0.9636,-1.7547,2.3324,3.9233312490832177,2.3346745401595648
2018-06,0.48,0.8,-2.34,0.79,0.24,0.14,-2.35,0.6134,-0.3929,1.4065,0.0872,1.176351097994699,1.795420264185621
2018-07,3.19,-1.93,0.47,1.56,0.35,0.16,-1.41,-1.3017,0.4681,1.9791,1.4064,0.6807942739050832,-2.3483534476568924
2018-08,3.44,0.64,-3.94,-0.31,-2.7,0.16,5.29,1.5016,-2.4129,0.3628,4.167,5.211877281009136,0.6736464969981704
2018-09,0.06,-2.48,-1.7,0.63,1.29,0.15,0.04,-3.1009,1.45,0.7193,0.9718,-1.5954645376576315,-0.393585388127915
2018-10,-7.68,-4.46,3.4,0.94,3.59,0.19,-1.99,-4.7513,4.1724,1.2653,-0.7543,-2.770986174749035,-4.247503065195668
2018-11,1.69,-0.77,0.3,-0.55,0.39,0.18,-1.37,-0.7807,-0.9826,0.6932,2.7784,-0.9712125419811036,-2.5244672440902893
2018-12,-9.57,-2.88,-1.84,-0.02,0.21,0.2,2.11,-3.0346,-0.8421,1.2754,2.4925,1.7499923493396352,-5.239448638481015
2019-01,8.4,3.03,-0.46,-0.8,-1.51,0.21,-8.68,2.0507,-0.9971,-3.9593,-7.1445,-1.9652823157236152,3.340758882717365
2019-02,3.4,1.74,-2.67,0.12,-1.59,0.18,0.86,1.1925,-2.5881,0.527,1.3807,4.539507655061525,0.8221468674702637
2019-03,1.1,-3.51,-4.17,0.9,-0.95,0.19,2.21,-3.4388,-0.4832,0.0942,0.6648,1.1652716807979413,-0.1679286130753077
2019-04,3.97,-1.17,2.15,1.61,-2.22,0.21,-2.97,-0.2524,-2.4268,1.8378,1.0612,3.09289754408395,-1.2777186739994506
2019-05,-6.94,-1.59,-2.37,-0.46,1.77,0.21,7.56,-1.9174,1.5221,0.6472,0.171,2.0844908865896628,-9.027856797523835
2019-06,6.93,0.37,-0.71,0.9,-0.44,0.18,-2.3,-0.43,-0.2681,-0.1339,-0.4102,1.5119563544770287,1.9017590597837144
2019-07,1.19,-1.78,0.48,-0.08,0.36,0.19,2.89,-1.6351,0.1745,0.4834,1.3001,1.9057686857290037,-0.5569422941928304
2019-08,-2.58,-3.24,-4.78,0.56,-0.68,0.16,6.92,-4.209,-1.0153,1.8765,1.5138,4.751451595718459,-6.4521416619435445
2019-09,1.43,0.27,6.75,1.84,3.37,0.18,-6.81,1.4364,2.9758,1.7112,-1.8618,-4.001329417924415,4.465356923006403
2019-10,2.06,0.26,-1.91,0.44,-0.96,0.16,0.15,0.823,-0.6405,0.8396,1.9432,2.5946033890132503,0.165384954427572
2019-11,3.87,0.44,-2.02,-1.59,-1.24,0.12,-2.66,0.0017,-1.0307,-1.3054,-0.6352,2.9539830630280317,2.5795322657792275
2019-12,2.77,0.97,1.75,0.01,1.24,0.14,-1.77,1.3017,1.8016,-1.2858,-0.7662,-3.445893559892499,3.832799349791527
2020-01,-0.11,-4.38,-6.25,-1.17,-2.32,0.13,5.98,-4.7449,-2.3964,-0.4568,2.4581,1.8507252837763664,-4.234252056596599
2020-02,-8.13,0.04,-3.81,-1.47,-2.51,0.12,-0.4,-1.3723,-2.2206,-0.4626,1.5515,3.859617516692459,-1.3031814730258495
2020-03,-13.39,-8.28,-13.87,-1.57,1.24,0.13,7.97,-8.4075,2.1202,5.8395,11.9071,16.06458990646289,-19.54733278585865
2020-04,13.65,2.56,-1.33,2.72,-1.0,0.0,-5.23,3.3984,-0.1436,-1.9135,-2.7459,-6.186851292523842,23.238283804658423
2020-05,5.58,1.97,-4.88,0.95,-3.26,0.01,0.43,2.4777,-3.7099,-0.6115,0.7014,4.399044598960411,7.361826909216718
2020-06,2.46,1.96,-2.2,0.09,0.54,0.01,-0.73,2.2921,0.2574,1.1653,1.6956,-2.1509528943174705,7.125224668859742
2020-07,5.77,-3.2,-1.41,0.41,1.02,0.01,7.61,-1.2545,-1.3813,3.3555,1.3992,5.185735489036691,2.5673573475173184
2020-08,7.63,-0.89,-2.97,4.28,-1.19,0.01,0.55,-2.0267,-2.9853,-0.7089,-1.6697,-2.7043358160594777,5.908700363428787
2020-09,-3.63,0.01,-2.71,-1.36,-1.85,0.01,3.12,0.592,-2.5136,1.1375,0.8072,5.768990110840244,0.1776507867683907
2020-10,-2.1,4.64,4.25,-0.83,-0.78,0.01,-3.05,2.6025,-0.4067,-2.6512,0.0726,-2.722840725534237,-0.925576940413686
2020-11,12.47,7.11,2.09,-2.2,1.4,0.01,-12.43,4.1354,3.1876,-14.3089,-9.8294,-12.610492133629748,16.67780012715987
2020-12,4.63,4.79,-1.51,-1.96,-0.12,0.01,-2.32,4.2013,-2.7157,-4.1575,-1.0062,-2.2608547680072033,4.657713834563237
2021-01,-0.03,6.94,3.01,-3.78,4.94,0.01,4.5,8.2266,6.4987,-1.9992,-7.1561,-1.951645048526407,15.015732131286374
2021-02,2.78,4.54,7.15,0.39,-1.94,0.0,-7.89,4.3707,-0.6657,-6.1829,-5.6844,-8.288464352362412,9.41182698898091
2021-03,3.08,-0.88,7.39,6.36,3.42,0.0,-6.14,-0.6519,4.6803,4.4253,-1.4957,-4.558307390245053,0.6462577675447445
2021-04,4.93,-3.16,-0.95,2.44,-2.7,0.0,1.16,-3.0234,-3.3593,2.2228,2.1599,2.4620735924094195,-0.6020289122010247
2021-05,0.29,1.22,7.09,2.45,3.04,0.0,0.88,1.5281,4.4315,2.5653,-1.5652,-5.349119575646544,2.7339751887156094
2021-06,2.75,-0.34,-7.87,-2.14,-0.94,0.0,2.2,-0.1273,-2.5541,-1.2674,3.6784,4.067020116194464,4.02761822672697
2021-07,1.27,-4.61,-1.78,5.46,-0.52,0.0,-2.28,-3.0131,-1.5395,7.473,5.3209,6.270420991069892,-7.024098978826343
2021-08,2.91,-0.68,-0.15,-0.28,-1.79,0.0,2.45,-0.7712,-2.054,1.2468,2.3736,1.808448720353395,0.9826981998472428
2021-09,-4.37,1.12,5.08,-1.96,2.1,0.0,1.49,0.7796,3.2832,-1.7584,-4.6872,-4.428056713456741,3.749633690570065
2021-10,6.65,-2.7,-0.49,1.66,-1.45,0.0,3.19,-1.9889,-2.2802,3.3116,3.3914,4.545933721781359,-0.3345310689153224
2021-11,-1.55,-1.77,-0.45,7.2,1.73,0.0,0.88,-0.6214,-0.3591,8.3907,4.796,3.350531174189042,0.2750578619560295
2021-12,3.1,-0.8,3.26,4.91,4.4,0.01,-2.6,-0.5947,5.2655,3.7494,1.2502,-1.7553716285167664,-3.8135955899940233
2022-01,-6.25,-4.06,12.75,0.84,7.72,0.0,-2.6,-3.734,10.3845,0.7958,-3.3889,-9.097125798541516,-2.1399397975201073
2022-02,-2.29,2.92,3.08,-2.09,3.12,0.0,1.76,3.1876,3.6933,-2.3836,-4.2422,-4.105003916048455,5.138075038187173
2022-03,3.05,-2.17,-1.81,-1.53,3.14,0.01,3.01,-1.8472,3.2339,-0.112,-1.4303,-2.903085798806271,1.38533502799858
2022-04,-9.46,-0.39,6.17,3.52,5.89,0.01,4.87,0.8844,6.0285,4.6841,0.0161,-2.5204759747530225,-1.5326460995891522
2022-05,-0.34,-0.06,8.39,1.56,3.97,0.03,2.43,0.807,5.733,1.064,1.2622,-0.2906954902137437,-0.3237487248073489
2022-06,-8.43,1.3,-5.97,1.81,-4.69,0.06,0.75,0.6968,-5.6119,1.0063,1.4046,8.042156412039404,-9.853175655129595
2022-07,9.57,1.82,-4.05,0.82,-6.83,0.08,-3.95,0.2844,-5.596,-2.0623,2.3743,1.7021973393313017,6.402287789231531
2022-08,-3.77,1.52,0.29,-4.75,1.29,0.19,2.04,1.4702,2.7022,-2.6136,-3.4257,-3.693354583997732,2.5906477810799577
2022-09,-9.35,-1.05,0.05,-1.51,-0.8,0.19,3.51,-1.7464,-0.3029,1.1599,1.6949,3.814908831429986,-3.2141301513915255
2022-10,7.83,1.89,8.01,3.34,6.64,0.23,3.96,4.8084,7.5208,5.1531,-0.895,-5.8514600983439085,2.2991357610518293
2022-11,4.6,-2.74,1.38,6.38,3.18,0.29,-1.98,-2.3135,2.1134,2.5263,1.3382,1.0975056915033532,2.0307496239018397
2022-12,-6.41,-0.15,1.37,0.25,4.2,0.33,4.55,0.3653,3.9516,-0.4662,-0.4092,0.3282961388790806,-4.271484103377466
2023-01,6.65,4.41,-4.01,-2.44,-4.47,0.35,-16.01,4.7247,-5.4623,-4.2413,-2.0987,-0.2907408237413311,9.011270382919756
2023-02,-2.58,0.66,-0.81,1.01,-1.33,0.34,0.15,-0.1313,-1.3424,2.9243,1.9794,4.9489113825012865,0.032992975268975
2023-03,2.51,-6.94,-8.85,2.24,-2.37,0.36,-2.47,-7.7886,-3.2743,1.1849,6.312,7.328701274387361,-4.078611836837453
2023-04,0.61,-2.56,-0.04,2.42,2.86,0.35,1.62,-1.9674,3.0871,-1.0976,-0.5297,0.5472324191541755,-1.457921634201098
2023-05,0.35,-0.38,-7.72,-1.81,-7.22,0.36,-0.63,-1.7025,-6.9667,-1.1789,1.7062,5.1519145361490715,-1.8303466613505792
2023-06,6.46,1.34,-0.26,2.18,-1.62,0.4,-2.37,2.6905,-1.4515,4.2909,0.2824,-1.804451519425665,5.313059737122328
2023-07,3.21,2.86,4.11,-0.57,0.57,0.45,-3.98,1.4887,-0.5918,-0.6995,-1.0095,-1.377562172903235,3.4607698708253753
2023-08,-2.39,-3.65,-1.06,3.43,-2.37,0.45,3.77,-2.3035,-0.8323,5.1629,5.0538,3.701069126603529,-3.414224895711515
2023-09,-5.24,-1.8,1.52,1.86,-0.83,0.43,0.26,-0.1586,-0.5022,3.3765,3.0499,0.9355753544078472,-0.1569036013944535
2023-10,-3.19,-4.04,0.19,2.46,-0.66,0.47,1.73,-2.6272,-0.3951,5.771,4.6495,1.3323590548317998,-4.991168852676797
2023-11,8.84,-0.12,1.64,-3.91,-1.0,0.44,2.75,-0.7873,-2.2334,-3.8269,-3.2768,1.2266915475463325,2.4733164360813964
2023-12,4.85,7.32,4.94,-3.07,1.32,0.43,-5.56,5.4177,0.4286,-3.6554,-4.2574,-0.1549589799065498,4.867058786899037
