Year_Month,RF_HXZ,Mkt-RF_HXZ,ME,IA,ROE,EG
1967-01,0.3927,8.1852,6.8122,-2.9263,1.8813,-2.5511
1967-02,0.3743,0.7557,1.6235,-0.2915,3.5399,2.1792
1967-03,0.3693,4.0169,1.9836,-1.6772,1.8417,-1.1192
1967-04,0.3344,3.8786,-0.67,-2.8972,1.0253,-1.6371
1967-05,0.3126,-4.2807,2.7366,2.1864,0.6038,0.1191
1967-06,0.2674,2.4199,6.2752,-2.0958,0.4116,-0.2834
1967-07,0.3153,4.5784,3.1053,2.3351,-0.5943,-0.1601
1967-08,0.324,-0.9048,0.3722,1.9161,-0.6134,0.063
1967-09,0.3177,3.1074,1.8017,-0.4057,0.7524,-0.9213
1967-10,0.3649,-3.0491,0.749,-2.4302,3.2851,0.224
1967-11,0.3416,0.3765,-0.0333,-2.7632,0.6936,0.0395
1967-12,0.3565,3.0233,4.5015,0.1486,0.7001,1.7035
1968-01,0.3934,-4.0255,5.1731,4.732,-2.922,0.9691
1968-02,0.3849,-3.7294,-1.8884,2.4577,-0.5038,2.9672
1968-03,0.3977,0.188,-1.951,-0.7337,1.9245,1.4344
1968-04,0.4263,9.0295,5.4582,-2.6749,3.6776,-1.8747
1968-05,0.4672,2.2564,6.7203,-2.2351,2.0131,-0.2809
1968-06,0.4436,0.6745,-0.4046,2.4165,-0.3072,0.0598
1968-07,0.479,-2.6873,-1.1928,2.7389,-1.9663,3.6103
1968-08,0.4476,1.3272,2.1751,0.643,-0.6662,1.5939
1968-09,0.4203,4.0566,1.4385,-0.5693,-3.4099,-1.082
1968-10,0.4394,0.4255,-0.6355,2.6082,0.4414,2.4953
1968-11,0.4457,5.4064,2.7157,-1.3424,-0.4038,-0.9692
1968-12,0.4249,-3.9304,2.9681,2.651,-0.6141,-0.4851
1969-01,0.5025,-1.2291,-0.3821,1.2085,-0.1173,0.2955
1969-02,0.4619,-5.8496,-3.8586,0.7873,0.9745,2.2835
1969-03,0.4802,2.66,-0.3377,0.5026,2.0353,2.5602
1969-04,0.4859,1.5003,-0.186,0.5287,2.0202,-0.1537
1969-05,0.5215,-0.1257,0.1945,1.5413,0.1962,0.2109
1969-06,0.5137,-7.1923,-4.7563,-0.6301,3.3315,2.5267
1969-07,0.552,-7.0331,-2.8952,1.9907,2.0776,3.6224
1969-08,0.589,4.6007,0.9925,-2.654,0.5167,-2.0271
1969-09,0.5856,-2.9387,0.6882,0.0431,1.7208,2.6463
1969-10,0.5724,5.081,2.9754,-1.4818,-1.4493,-1.6776
1969-11,0.5509,-3.8235,-2.0435,0.2112,2.8535,2.3906
1969-12,0.5846,-2.5834,-3.6947,-0.6363,3.463,1.7306
1970-01,0.5781,-8.0676,3.6617,3.8252,-0.741,3.52
1970-02,0.6167,5.0779,-2.4032,1.6171,-2.2721,-0.2221
1970-03,0.5542,-1.0373,-1.4167,3.3852,-0.9683,3.2222
1970-04,0.5286,-11.0383,-4.5676,5.2928,0.1614,5.757
1970-05,0.5546,-6.9458,-3.3976,3.2098,0.1132,3.9522
1970-06,0.5546,-5.7634,-2.1125,3.6689,2.4483,4.3742
1970-07,0.4886,6.949,-0.6124,2.6318,-0.3288,-0.9592
1970-08,0.502,4.5098,0.714,-0.8617,-3.2704,-2.1536
1970-09,0.5034,4.2154,7.2316,-4.5548,-1.3443,-5.5793
1970-10,0.4954,-2.3108,-3.1548,2.9696,5.4758,4.1378
1970-11,0.4489,4.6032,-3.85,1.0459,1.0649,2.3885
1970-12,0.3786,5.7758,2.7708,0.4188,-1.469,-0.3391
1971-01,0.3777,4.8376,6.9078,-0.3554,-4.3275,-3.3915
1971-02,0.3344,1.3927,1.4581,0.5393,2.4506,0.8035
1971-03,0.2924,4.1315,2.6789,-2.0113,1.9334,-0.2298
1971-04,0.2804,3.1513,-0.2008,1.2726,-1.2082,-0.9662
1971-05,0.3127,-4.0032,-1.4904,0.8992,1.4113,0.9227
1971-06,0.3505,-0.069,-0.6579,-0.6543,4.3498,2.268
1971-07,0.4272,-4.5182,0.0459,2.4409,2.6442,0.9187
1971-08,0.4446,3.8106,-2.1376,1.6632,-3.3217,-0.0862
1971-09,0.363,-0.8462,0.3025,0.068,2.7583,1.2805
1971-10,0.3855,-4.4382,-1.1067,-0.6717,1.9473,2.207
1971-11,0.3506,-0.44,-2.8745,-0.2867,1.4712,1.5536
1971-12,0.3152,8.7371,2.9225,-2.01,-1.175,-1.4645
1972-01,0.285,2.4876,6.5296,-0.0273,-6.8199,1.8662
1972-02,0.2659,2.8485,0.521,1.9924,1.0235,-0.435
1972-03,0.259,0.6398,-1.0859,1.7616,2.1599,1.6356
1972-04,0.2962,0.2728,0.296,0.27,0.7183,0.2067
1972-05,0.2942,1.2622,-2.7554,-1.7459,1.8952,1.2866
1972-06,0.28,-2.4172,0.4535,-0.1612,3.4718,1.6544
1972-07,0.3084,-0.8379,-2.0219,-0.3931,2.1954,3.3015
1972-08,0.2988,3.2486,-3.623,3.6277,-1.443,0.8169
1972-09,0.3546,-1.1495,-1.0852,-1.0033,2.1667,0.4424
1972-10,0.3891,0.5271,-3.1796,-0.418,-0.5148,0.5797
1972-11,0.3739,4.5932,-1.0175,2.4945,-4.1021,0.6461
1972-12,0.4185,0.5727,-1.8973,-1.3273,3.0319,1.7622
1973-01,0.441,-3.2918,-2.656,0.3368,-0.571,3.444
1973-02,0.4277,-4.8635,-4.5526,0.1236,-1.0831,1.6486
1973-03,0.475,-1.3435,-1.8269,0.6328,-1.8388,3.2647
1973-04,0.5002,-5.6575,-2.935,3.0786,-0.6049,4.1684
1973-05,0.5098,-2.9546,-5.7165,-0.5129,1.4353,1.5193
1973-06,0.5379,-1.59,-1.3459,0.4562,-0.0012,2.9751
1973-07,0.654,5.0255,8.0705,-5.6569,1.3051,-4.1545
1973-08,0.6855,-3.8069,-1.8721,1.7695,1.6194,1.4998
1973-09,0.6749,4.7527,5.4395,2.0999,-1.6754,-1.5858
1973-10,0.6856,-0.8621,-0.957,2.8796,0.8763,4.0331
1973-11,0.5529,-12.7439,-7.2199,2.3008,-0.7897,2.2419
1973-12,0.6961,0.6667,-4.8503,2.2193,3.3276,4.4647
1974-01,0.6274,-0.1619,11.8375,2.3603,-4.4602,-0.4965
1974-02,0.5819,-0.4736,-0.5471,2.0538,-1.2343,1.4282
1974-03,0.5677,-2.8245,1.905,-0.0175,1.8657,1.07
1974-04,0.7949,-5.331,-0.4707,2.3712,2.2928,2.4687
1974-05,0.7235,-4.6599,-4.1023,-0.4303,2.2588,0.3093
1974-06,0.6892,-2.9154,0.2453,1.5566,1.5503,2.0198
1974-07,0.6756,-8.0181,3.5542,4.5057,2.5255,5.6961
1974-08,0.594,-9.344,2.1729,3.2553,2.8417,4.9746
1974-09,0.7997,-11.7639,1.9885,4.932,-2.2989,3.5397
1974-10,0.5254,16.0666,-6.0389,-1.487,8.8612,0.9698
1974-11,0.5139,-4.4797,-0.8823,2.7406,1.7617,1.3955
1974-12,0.7009,-3.4488,-3.9173,2.1538,0.422,1.9734
1975-01,0.5387,13.7056,12.5918,-0.7205,-11.6191,-5.4952
1975-02,0.4326,5.557,-1.4173,-1.7234,3.6003,0.574
1975-03,0.4014,2.6678,3.1928,-0.5984,-1.767,-1.8094
1975-04,0.4489,4.2101,-1.3333,-0.0936,3.3983,2.2158
1975-05,0.4869,5.141,3.2863,-0.1525,-0.2663,0.0244
1975-06,0.4133,4.8545,1.6413,0.3354,-1.6419,-0.6996
1975-07,0.4811,-6.5871,2.9593,1.4598,-1.4083,1.7789
1975-08,0.4815,-2.8497,-3.2148,-0.1403,0.6873,1.3673
1975-09,0.5575,-4.291,0.6781,1.3668,1.677,3.2839
1975-10,0.5185,5.3413,-4.597,3.1196,2.5741,2.5221
1975-11,0.4127,2.6413,-0.4411,1.5571,0.6959,1.6136
1975-12,0.4983,-1.6279,0.2818,0.0111,-2.2596,0.4872
1976-01,0.4402,12.1724,6.8426,1.3805,-2.6249,0.941
1976-02,0.3452,0.3125,6.9458,2.2167,-3.6997,0.8386
1976-03,0.4344,2.285,-0.4361,1.7776,2.411,1.5931
1976-04,0.444,-1.5107,-0.4866,-0.9555,-0.2693,-0.0135
1976-05,0.4124,-1.3766,-1.2126,-0.9846,0.4517,0.4205
1976-06,0.4446,4.0397,0.0453,1.3001,-0.0271,0.9209
1976-07,0.439,-1.0323,1.2082,0.8559,0.7259,1.63
1976-08,0.4745,-0.6094,-2.1042,-0.5939,-0.0105,0.6296
1976-09,0.3924,2.1069,-0.284,-1.4853,1.0646,0.9911
1976-10,0.4092,-2.4233,0.6837,-1.0682,0.3201,-0.5163
1976-11,0.444,0.309,3.3528,-0.3773,-0.6261,0.1132
1976-12,0.3579,5.696,3.4032,1.7912,-1.0562,1.1166
1977-01,0.3594,-4.0293,5.98,1.0172,-2.1629,1.6572
1977-02,0.3499,-1.9367,1.0877,0.0981,1.237,0.4244
1977-03,0.3769,-1.3685,1.477,-0.2503,0.3138,-0.3321
1977-04,0.4114,0.114,1.3098,1.1605,0.3746,0.7834
1977-05,0.3855,-1.4659,1.4822,0.2215,1.7144,2.6935
1977-06,0.3716,4.739,3.1075,-0.7125,2.3354,2.9427
1977-07,0.3873,-1.6568,0.9981,1.0573,1.6654,2.4073
1977-08,0.4993,-1.8072,-0.2601,-0.8401,1.421,-0.1136
1977-09,0.433,-0.2699,1.4975,-0.0956,1.4313,1.5155
1977-10,0.4943,-4.3863,1.4394,-0.6125,-1.0334,1.1568
1977-11,0.4959,3.999,4.6235,1.2408,2.6072,1.4818
1977-12,0.47,0.2831,1.447,0.1312,1.3266,1.8425
1978-01,0.5374,-6.0473,2.3472,0.9316,-1.8024,0.1592
1978-02,0.4941,-1.4121,4.1208,1.3398,0.0059,1.6506
1978-03,0.5017,2.8714,3.4262,2.4596,0.178,0.0973
1978-04,0.5712,7.826,-0.1618,-0.3298,5.6669,0.5831
1978-05,0.5317,1.7363,3.7406,0.8051,0.4743,0.7376
1978-06,0.5369,-1.6885,1.4427,0.4821,1.3479,1.1232
1978-07,0.5591,5.102,0.2704,0.3971,1.6329,2.6963
1978-08,0.555,3.7437,4.6893,1.196,2.0147,0.6661
1978-09,0.5964,-1.4064,-0.8226,0.4468,-3.4045,-0.8352
1978-10,0.7498,-11.9724,-10.1883,-0.5956,-2.2443,0.9893
1978-11,0.7041,2.7187,4.1542,-0.8624,1.31,1.5057
1978-12,0.7372,0.9239,0.9674,-1.7856,1.9383,2.5046
1979-01,0.7882,4.2089,4.0118,2.1569,-0.7747,-1.3434
1979-02,0.7324,-3.5587,0.3373,-0.1889,-2.2888,0.5501
1979-03,0.8928,5.5859,3.7194,1.3599,2.7614,0.6033
1979-04,0.8489,-0.1153,2.2869,1.0161,2.162,-0.3026
1979-05,0.8161,-2.2031,0.6535,-0.0723,-0.8405,0.543
1979-06,0.7858,3.8639,0.7612,-0.642,-0.9832,-1.8183
1979-07,0.841,0.7485,1.2433,0.7427,0.5163,-0.4344
1979-08,0.7506,5.5385,1.6648,-0.3503,2.9616,0.0183
1979-09,0.7732,-0.7533,0.0448,0.1081,0.7035,2.9999
1979-10,0.9621,-8.1773,-3.1723,0.072,1.0303,1.6857
1979-11,0.9878,5.2094,2.1523,-2.3923,2.3423,-0.3321
1979-12,1.0209,1.7155,3.9488,-1.0325,1.1576,-0.1427
1980-01,0.7968,5.4954,0.6856,1.6011,1.6908,0.5075
1980-02,1.0654,-1.3981,-1.2553,1.7384,2.2085,3.5215
1980-03,1.2009,-12.8931,-6.6311,0.4902,-1.0561,-0.8975
1980-04,1.2865,3.9336,1.3721,1.292,0.1315,1.527
1980-05,0.7883,5.2656,1.5081,-1.4097,-0.9435,-0.8711
1980-06,0.6312,3.0379,1.4531,-0.8706,2.8361,0.7824
1980-07,0.5281,6.4901,3.6685,-2.0836,-0.376,-3.2905
1980-08,0.5973,1.8483,4.5284,0.574,2.5483,1.6329
1980-09,0.8698,2.0676,0.6982,-0.4471,5.2169,2.3899
1980-10,0.8912,1.126,1.0605,0.5273,4.1939,2.6902
1980-11,0.8895,9.6499,-5.1073,-1.9974,9.0598,0.5686
1980-12,1.4149,-4.594,1.0538,0.935,-1.2569,0.0925
1981-01,0.9957,-4.9937,3.7945,2.4815,-4.9423,0.7415
1981-02,1.0685,0.5716,-0.0834,1.8542,0.789,1.6319
1981-03,1.3157,3.4501,3.456,-1.8348,-1.4715,-1.87
1981-04,1.0756,-2.1749,4.2606,2.4423,1.3085,1.0692
1981-05,1.0646,0.1984,2.6196,-0.4474,-0.1153,1.7028
1981-06,1.5158,-2.5098,-0.6758,2.69,0.0218,1.7127
1981-07,1.1915,-1.4902,-1.8126,-2.0459,3.0661,-0.5199
1981-08,1.2804,-7.0074,-1.3698,1.4792,0.6495,2.5305
1981-09,1.2794,-7.1791,-1.7674,3.203,0.4439,3.9584
1981-10,1.1685,4.9279,1.8475,-1.0688,4.7505,-1.2313
1981-11,1.103,3.3194,-1.2442,0.8717,0.8913,2.1547
1981-12,0.8738,-3.6308,1.2971,1.8257,-0.4884,1.3495
1982-01,0.7306,-3.1675,-0.3342,1.8289,-1.5697,0.6537
1982-02,0.9176,-5.8456,0.5434,4.6477,0.2604,2.9919
1982-03,1.1077,-1.9771,0.584,1.8158,-1.7187,2.6123
1982-04,1.129,3.2641,0.4349,1.1523,1.9335,0.5208
1982-05,0.9592,-3.8098,-0.4383,-0.4864,-0.4619,1.0849
1982-06,1.071,-3.1715,0.9337,2.402,-0.3307,3.2813
1982-07,1.021,-3.1604,1.6572,2.033,2.6567,3.9233
1982-08,0.8342,11.0522,-3.3998,-0.2313,-1.113,-2.716
1982-09,0.5118,1.2968,2.9996,0.8538,3.3642,3.4851
1982-10,0.5475,11.3367,0.9019,-0.9357,-0.7816,-0.6333
1982-11,0.7201,4.5867,4.503,1.5525,3.282,3.9336
1982-12,0.6289,0.6062,-0.6529,0.6593,-0.6188,0.0635
1983-01,0.6864,3.5938,2.3781,-0.4342,-2.1214,-1.7204
1983-02,0.6186,2.5819,3.6625,1.3022,3.0029,1.8809
1983-03,0.6326,2.8196,1.6883,2.9888,1.2355,2.0629
1983-04,0.6918,6.6876,-0.3734,2.2915,0.5902,2.3557
1983-05,0.7584,0.4543,6.1617,-1.4138,-3.5987,-3.7338
1983-06,0.6661,3.0717,2.0286,-1.1767,1.5947,2.6379
1983-07,0.6917,-4.0176,0.621,2.8941,1.2493,3.0759
1983-08,0.8342,-0.5699,-4.8465,1.3062,-0.6707,0.3201
1983-09,0.7607,0.9204,0.3673,1.4393,3.2143,2.9507
1983-10,0.7433,-3.4214,-3.9853,2.7519,1.4329,3.7155
1983-11,0.7199,2.1445,2.1412,1.0773,-0.1428,-1.7882
1983-12,0.7039,-1.7477,-1.1226,1.3473,-1.5498,1.0921
1984-01,0.8083,-1.956,-1.0795,2.4216,-3.7825,0.9207
1984-02,0.7328,-4.7811,-1.7614,0.8081,-0.6922,0.767
1984-03,0.728,0.6344,-0.2057,0.7438,-0.7087,1.3193
1984-04,0.813,-0.5126,-1.0198,1.1412,2.1254,2.4241
1984-05,0.7898,-5.9686,-0.4289,-1.4779,1.8038,1.8653
1984-06,0.7534,1.8038,0.4361,-2.224,1.7342,0.5022
1984-07,0.8755,-2.7911,-2.4358,-1.1333,3.5624,2.6832
1984-08,0.7963,10.288,0.2388,-0.5642,0.9595,0.2173
1984-09,0.8293,-0.7716,-0.6136,2.6125,0.2634,1.2525
1984-10,0.9766,-0.832,-1.3783,-0.1114,2.7274,1.6277
1984-11,0.7334,-1.7638,-1.0661,2.2324,0.8237,1.603
1984-12,0.6923,1.7776,-0.437,-0.7952,2.5304,1.1563
1985-01,0.6474,7.9611,3.4587,-3.5197,0.9805,-1.7202
1985-02,0.6033,1.1967,0.7533,1.0872,1.4508,2.1784
1985-03,0.616,-0.8418,-1.9802,3.2773,0.9209,2.142
1985-04,0.7565,-0.997,-0.701,1.4232,0.1512,1.8619
1985-05,0.6062,5.1202,-1.6963,-1.1269,3.2405,1.5343
1985-06,0.5546,1.2633,-0.5336,-0.1719,2.8203,1.7054
1985-07,0.6196,-0.7116,2.3597,-0.718,-1.7551,1.3672
1985-08,0.5792,-1.0292,-0.1466,2.0278,0.4445,1.0229
1985-09,0.6049,-4.5087,-1.8332,1.9335,1.1424,1.7368
1985-10,0.6021,4.0507,-0.2573,0.2661,2.21,2.8835
1985-11,0.6156,6.4317,-0.2249,-1.682,1.7623,-0.9011
1985-12,0.6139,3.9068,0.2499,-1.4596,1.6959,-0.9985
1986-01,0.4865,0.7224,1.1173,-0.724,1.6676,1.7846
1986-02,0.5296,7.117,-0.4266,-1.3847,2.2307,0.7408
1986-03,0.5963,4.8773,0.5853,1.2226,2.0063,1.6661
1986-04,0.5341,-1.2942,1.0642,-1.5692,0.628,-0.0194
1986-05,0.4934,4.6066,-1.1843,1.3302,3.3736,0.9855
1986-06,0.5246,1.0335,-0.2493,1.7528,5.2824,0.8718
1986-07,0.5011,-6.4156,-2.6442,1.4526,3.1619,2.8576
1986-08,0.4614,6.0496,-4.4253,3.0245,-2.7297,1.6651
1986-09,0.4783,-8.6052,0.6344,3.2313,-3.9524,-0.3259
1986-10,0.4209,4.6836,-1.7298,0.5689,1.4996,0.6009
1986-11,0.3924,1.1602,-1.9743,0.4243,1.1473,3.7063
1986-12,0.4767,-3.2308,0.8393,1.0661,1.8831,1.6472
1987-01,0.4151,12.4379,-1.23,-1.2538,0.9991,2.9428
1987-02,0.4309,4.3777,3.3735,-1.9012,2.101,-0.5604
1987-03,0.5012,1.6042,-0.6612,4.2147,-1.121,1.3151
1987-04,0.4285,-2.0802,-2.4905,0.3763,-1.3785,0.6453
1987-05,0.376,0.1096,-1.2308,-0.1171,-2.3334,-0.2235
1987-06,0.5031,3.8854,-1.5507,1.4229,1.4697,-0.2278
1987-07,0.4058,3.8826,-2.0675,0.1261,-1.8073,-0.6309
1987-08,0.4744,3.5169,-0.1931,-0.2372,3.7936,2.5282
1987-09,0.482,-2.6135,0.6209,1.9149,0.5872,1.8374
1987-10,0.604,-23.1861,-7.4686,3.3551,0.3344,2.6169
1987-11,0.3366,-7.7278,3.275,0.5998,-0.6687,0.8926
1987-12,0.2988,6.9069,0.2421,-2.426,3.8843,1.674
1988-01,0.2762,4.2239,-0.751,1.3194,-4.0669,-1.7562
1988-02,0.4564,4.7515,3.5117,-0.6254,1.0352,-0.5616
1988-03,0.4402,-2.2538,5.709,1.6772,-2.1555,-2.028
1988-04,0.4577,0.5651,0.9169,2.1312,0.644,0.9061
1988-05,0.5051,-0.2813,-1.2091,0.4677,-0.1678,1.3142
1988-06,0.4832,4.7832,2.7761,-3.2454,2.2288,1.8257
1988-07,0.506,-1.2465,0.2177,1.1077,-1.134,0.0197
1988-08,0.5957,-3.2996,0.03,1.6686,-2.1518,-0.1886
1988-09,0.6145,3.2965,-1.4556,-0.42,2.1771,0.819
1988-10,0.6074,1.1583,-2.8125,0.5013,0.056,0.6653
1988-11,0.5742,-2.2855,-1.928,1.3928,-0.4884,0.3746
1988-12,0.6306,1.4837,2.4204,0.4539,0.7818,0.5134
1989-01,0.5766,6.0383,-2.204,0.0107,-0.3507,1.5548
1989-02,0.611,-2.2487,2.9516,1.5631,-0.4588,-0.1586
1989-03,0.6213,1.6143,1.3323,1.2637,-0.142,0.7382
1989-04,0.681,4.3075,-0.9415,-0.2841,1.1641,-0.2715
1989-05,0.8006,3.3236,0.0394,0.1016,1.1975,0.366
1989-06,0.7147,-1.3768,-0.7322,1.593,-0.1521,-0.9466
1989-07,0.704,7.1683,-3.464,-0.4503,4.9063,2.4612
1989-08,0.6684,1.5108,0.484,-0.4255,1.6506,0.1478
1989-09,0.6387,-0.755,0.7698,1.1982,1.6439,1.9118
1989-10,0.682,-3.6616,-3.3543,1.2994,1.4077,2.335
1989-11,0.634,1.0795,-1.3397,1.6323,0.2405,-0.6582
1989-12,0.5941,1.1758,-1.9468,1.5752,1.0677,2.4137
1990-01,0.5852,-7.8121,-1.2188,0.925,0.0355,-0.2262
1990-02,0.5818,1.1004,1.1796,-1.0948,-0.3925,0.0956
1990-03,0.638,1.8341,1.2208,-0.3645,2.2864,1.6703
1990-04,0.6829,-3.3489,-0.4983,-0.7918,1.9801,0.6246
1990-05,0.6404,8.4547,-1.6377,-0.8618,3.7369,2.6144
1990-06,0.5898,-1.0524,1.845,0.2453,2.2253,-0.2721
1990-07,0.6704,-1.8917,-2.4684,4.0112,2.5571,-0.0068
1990-08,0.6154,-10.075,-4.526,3.7203,-0.9983,1.2731
1990-09,0.5984,-6.1098,-3.4191,2.6212,-0.4552,2.7381
1990-10,0.6559,-1.8955,-5.0423,0.2605,2.077,3.0536
1990-11,0.5651,6.3398,0.4489,-3.9833,1.5215,-0.8312
1990-12,0.5989,2.4606,1.3158,-1.9466,3.8535,1.4665
1991-01,0.4637,4.7365,3.3624,-3.9503,0.1591,1.5865
1991-02,0.4767,7.1852,3.6299,0.1463,-1.2402,-0.6779
1991-03,0.4391,2.6593,3.9312,-0.9285,1.6779,0.0366
1991-04,0.5335,-0.2776,-0.7093,0.4677,1.3981,0.6157
1991-05,0.4461,3.6749,-0.5648,-1.9526,-0.7118,-1.0619
1991-06,0.4171,-4.9395,0.0591,0.6135,1.3683,0.4831
1991-07,0.484,4.2401,-0.5405,-0.6418,3.0468,0.3864
1991-08,0.461,2.3149,1.2962,-0.0359,1.1586,-0.2496
1991-09,0.4558,-1.5905,1.812,-0.8242,-0.3644,0.2084
1991-10,0.4246,1.2858,0.548,1.3518,-0.0451,3.2018
1991-11,0.3915,-4.1854,-0.2929,0.3063,3.2845,0.3457
1991-12,0.3792,10.8282,-1.4813,-2.0278,6.7592,-0.4648
1992-01,0.3059,-0.5529,8.3447,1.5044,-4.0675,1.5419
1992-02,0.2828,1.0845,1.4019,2.2609,0.7464,2.2092
1992-03,0.3376,-2.6549,-1.1984,2.0114,1.0075,2.0118
1992-04,0.3303,1.0759,-6.9392,1.8032,-1.7011,2.0023
1992-05,0.2758,0.2994,-0.26,0.2946,-0.2076,-0.7499
1992-06,0.3201,-2.3292,-2.6362,0.6498,1.0499,0.7786
1992-07,0.2892,3.7907,-0.8431,0.3915,2.5486,-0.024
1992-08,0.2605,-2.3769,-0.3027,-0.7708,1.5206,-0.8624
1992-09,0.2573,1.1928,0.6797,-0.3975,2.3975,-0.8276
1992-10,0.2286,1.0161,1.5547,-0.3589,2.1272,0.61
1992-11,0.2346,4.1278,3.6882,-1.1712,0.9448,-0.1423
1992-12,0.227,1.5884,2.743,1.4108,1.8297,1.04
1993-01,0.2335,0.9302,2.3197,2.9827,-1.4431,0.0495
1993-02,0.2209,0.1217,-3.3152,3.6569,-1.4786,2.1469
1993-03,0.2538,2.3137,-0.0141,0.9273,1.7906,0.5639
1993-04,0.2372,-3.0466,-1.1434,1.201,-3.0656,1.9917
1993-05,0.2168,2.8843,1.8045,-0.8479,-0.5601,-0.273
1993-06,0.2756,0.2822,1.5893,1.8188,3.004,1.4634
1993-07,0.2402,-0.344,1.3909,1.4591,-0.5623,0.8502
1993-08,0.253,3.7117,-0.019,-0.0614,0.4572,0.7642
1993-09,0.2356,-0.1005,3.1054,0.2696,0.9427,1.3638
1993-10,0.221,1.4172,0.4216,-0.5641,-1.4093,-1.4198
1993-11,0.2477,-1.8646,-1.8618,-0.7507,-0.7095,0.1379
1993-12,0.2263,1.6454,2.1125,-0.2555,2.3869,2.2733
1994-01,0.2503,2.8669,0.159,1.1272,-0.922,0.9311
1994-02,0.212,-2.5444,2.6526,-0.4691,2.6619,1.598
1994-03,0.2469,-4.7556,-0.9378,0.9681,0.2218,1.3513
1994-04,0.2711,0.6802,-0.819,1.2741,1.529,1.5131
1994-05,0.315,0.58,-1.9848,0.512,-0.7588,1.4199
1994-06,0.3118,-3.0373,-0.8441,0.9202,0.1932,1.3288
1994-07,0.2751,2.8161,-1.4321,0.4259,0.7148,-0.0945
1994-08,0.3687,4.0148,2.0904,-0.6915,2.061,2.6805
1994-09,0.3659,-2.2829,2.2081,0.5879,1.0911,0.9738
1994-10,0.384,1.3466,-1.8201,0.1613,0.3556,2.448
1994-11,0.3691,-4.0276,0.5354,-1.0042,1.3703,1.4457
1994-12,0.443,0.859,1.1739,1.2933,3.9844,3.7209
1995-01,0.4156,1.7977,-2.4308,-0.0027,-0.063,1.1177
1995-02,0.3983,3.6322,-0.6967,-0.8485,0.5097,1.2099
1995-03,0.4134,2.2357,-1.2145,0.1685,1.2654,0.7805
1995-04,0.445,2.1075,-0.0076,0.0068,0.142,3.4497
1995-05,0.5355,2.8934,-2.2038,0.8586,-1.0066,1.4624
1995-06,0.4714,2.7151,3.219,-1.7465,2.1275,1.8099
1995-07,0.4522,3.7121,1.7624,-2.5443,0.9451,0.3138
1995-08,0.4637,0.5526,2.3538,2.1996,0.1383,1.2954
1995-09,0.4309,3.351,-0.7905,1.9328,1.3917,3.123
1995-10,0.4714,-1.5134,-5.0247,0.7822,2.7798,4.4585
1995-11,0.4108,3.9618,-0.7575,1.1261,-0.2398,-1.2715
1995-12,0.4882,1.0389,0.6315,3.1163,0.2794,0.4029
1996-01,0.4278,2.2549,-2.6865,2.451,-1.5087,1.4014
1996-02,0.3908,1.3294,2.7354,-0.9876,3.1394,0.7364
1996-03,0.3943,0.728,1.873,-0.6897,0.2756,-1.3301
1996-04,0.4579,2.0645,5.1852,-1.8073,2.8673,1.1731
1996-05,0.3982,2.3872,4.4631,1.0265,1.864,-1.4379
1996-06,0.4,-1.134,-4.2992,1.7381,0.866,1.6996
1996-07,0.4497,-5.9557,-3.3585,2.0165,2.415,2.9393
1996-08,0.4122,2.7697,2.4811,-1.8529,0.1305,-1.3704
1996-09,0.4375,5.0076,-1.4457,-1.7381,2.2071,2.9315
1996-10,0.4246,0.8672,-2.4195,3.6633,1.8831,3.2184
1996-11,0.3941,6.2603,-3.5327,-1.3109,0.8165,5.389
1996-12,0.4404,-1.6784,3.3237,1.2254,0.9371,1.7538
1997-01,0.4014,5.0141,-0.795,-0.6466,1.8159,2.5674
1997-02,0.3788,-0.4744,-2.4667,2.9153,-1.5374,0.6426
1997-03,0.431,-5.0208,-0.5279,1.7515,1.7708,0.2068
1997-04,0.4313,4.0341,-4.7258,-1.8801,3.8599,2.9932
1997-05,0.4263,6.7947,5.0194,-3.2305,-0.2201,-1.4972
1997-06,0.3744,4.0843,1.0326,0.2313,2.1092,0.1107
1997-07,0.4294,7.3144,-1.4173,-3.0399,1.2853,1.2829
1997-08,0.4058,-4.0945,7.4961,-0.7059,-1.4198,0.4401
1997-09,0.4576,5.3255,2.435,-0.1259,-1.0418,-2.6061
1997-10,0.3911,-3.7622,-1.0927,2.6609,-1.0477,-1.4187
1997-11,0.3773,2.9975,-5.5217,2.8803,1.4029,3.6732
1997-12,0.4629,1.3478,-2.2245,2.2364,1.5724,-2.3996
1998-01,0.4204,0.1508,-1.216,-1.2061,2.1884,2.5942
1998-02,0.3847,7.0319,1.0586,-2.453,1.1388,-0.2956
1998-03,0.4485,4.7027,-0.3378,0.4996,-0.1759,-1.0612
1998-04,0.4308,0.7319,0.4968,0.1834,-0.1992,2.2959
1998-05,0.3805,-3.04,-2.6343,2.2554,1.7795,1.0564
1998-06,0.4021,3.1842,-3.2841,-1.5159,3.159,0.4225
1998-07,0.3873,-2.407,-5.7045,1.8848,0.9703,2.8077
1998-08,0.4012,-16.024,-6.1863,5.4604,3.0578,6.7132
1998-09,0.3875,6.2598,-2.0592,-3.0812,-1.8265,1.275
1998-10,0.3353,6.97,-2.1688,-0.9612,0.6389,-0.5144
1998-11,0.3233,6.0495,0.8958,-0.0254,1.3699,1.2936
1998-12,0.3779,6.1316,-1.8735,-2.9332,2.9291,-2.2555
1999-01,0.3494,3.4923,-1.8912,-4.4699,-3.2508,-1.0681
1999-02,0.3372,-4.0599,-4.2284,4.8135,0.016,0.0109
1999-03,0.4076,3.4926,-5.5833,0.3158,-0.6922,0.4002
1999-04,0.3784,4.3247,3.9806,2.6555,-5.152,0.4435
1999-05,0.3463,-2.4584,4.945,0.4504,0.6804,1.8903
1999-06,0.4098,4.7476,3.1512,-2.1112,2.391,4.329
1999-07,0.3658,-3.4774,2.264,3.4338,1.0281,1.9786
1999-08,0.3876,-1.3697,-1.5497,-1.1989,-0.0297,4.6299
1999-09,0.3705,-2.7546,1.7307,-1.3826,-0.1695,-1.0359
1999-10,0.3581,6.117,-5.6493,0.3316,2.0317,1.7882
1999-11,0.3811,3.3602,5.7518,-3.931,-3.0073,1.1586
1999-12,0.3764,7.753,4.1765,-5.4904,-5.4444,-0.6029
2000-01,0.4343,-4.761,5.6171,2.9355,-4.9998,0.6319
2000-02,0.4295,2.4578,22.1445,-5.3931,-7.5531,-3.1144
2000-03,0.4377,5.2266,-14.402,1.835,7.6849,3.5075
2000-04,0.4595,-6.378,-4.8609,3.7873,8.7094,5.1049
2000-05,0.4782,-4.3692,-4.595,0.5085,0.0196,3.7037
2000-06,0.3744,4.6557,10.2649,-3.3905,-4.7546,-1.8045
2000-07,0.4772,-2.42,0.995,2.2468,3.4292,3.2749
2000-08,0.5002,7.0279,0.4492,-0.7996,-2.082,-1.098
2000-09,0.5093,-5.4345,1.6354,5.2247,2.1026,0.7955
2000-10,0.5217,-2.7431,-2.223,2.9226,7.3215,6.4705
2000-11,0.4966,-10.6882,1.5397,7.4487,10.3593,10.9018
2000-12,0.4909,1.195,4.6807,6.3542,5.186,0.5126
2001-01,0.5243,3.2558,2.7241,-7.1285,-10.7883,-6.1594
2001-02,0.3653,-10.0211,2.8959,9.2309,5.2077,6.3589
2001-03,0.432,-7.2656,2.962,3.7704,3.474,2.6585
2001-04,0.3864,7.9365,-0.9199,-3.754,0.0915,-5.4515
2001-05,0.3183,0.6848,4.3577,2.3804,-2.5165,-0.2513
2001-06,0.2778,-1.9317,6.711,-1.7973,-0.806,1.9723
2001-07,0.2999,-2.1314,-2.1452,1.3768,3.8735,5.5121
2001-08,0.2996,-6.3871,2.3699,5.641,4.3155,5.6455
2001-09,0.273,-9.2292,-4.9253,2.8644,9.192,5.7667
2001-10,0.2154,2.4886,3.4861,-2.9867,-4.3754,-0.5555
2001-11,0.1749,7.5282,-1.3907,-1.1391,-8.4893,-2.9927
2001-12,0.1484,1.6086,5.3201,-0.1753,0.5419,-2.257
2002-01,0.139,-1.4322,0.7237,3.2498,0.3033,4.2877
2002-02,0.1285,-2.2918,-0.4922,4.4456,5.3235,3.7643
2002-03,0.1341,4.238,4.6097,0.7761,-4.7001,-0.5528
2002-04,0.1546,-5.2053,7.5846,4.0731,5.4639,4.0819
2002-05,0.1442,-1.3564,-3.1795,2.1865,1.8111,0.6156
2002-06,0.1312,-7.2084,3.5661,3.5485,4.9409,0.5052
2002-07,0.1507,-8.19,-6.3911,1.9786,6.7016,4.9683
2002-08,0.1402,0.4931,0.0007,-0.8574,2.5491,-1.7192
2002-09,0.1414,-10.3255,3.12,-2.1364,4.4049,1.1299
2002-10,0.1334,7.8302,-5.1206,0.2843,-4.5614,1.5123
2002-11,0.1166,5.9526,1.496,3.2719,-11.1725,-3.1022
2002-12,0.1079,-5.7527,0.0671,-2.2589,5.3188,2.2776
2003-01,0.0934,-2.5616,-0.9824,0.6982,-0.589,0.7808
2003-02,0.0871,-1.8827,-2.0245,-0.1272,0.8778,1.3997
2003-03,0.102,1.0908,1.4039,-0.1257,3.4092,-0.9347
2003-04,0.0939,8.1807,2.3547,1.0369,-4.4513,-2.9391
2003-05,0.0903,6.0466,3.8174,1.848,-8.2331,-1.6245
2003-06,0.0984,1.4214,2.221,-1.0629,1.0948,-0.1291
2003-07,0.0674,2.3358,4.3762,2.3405,-1.7422,-0.8789
2003-08,0.0689,2.3281,2.2397,2.3621,-1.2384,-1.6327
2003-09,0.0865,-1.2401,0.6889,0.2279,1.2631,2.3261
2003-10,0.07,6.0782,3.0474,1.031,-1.7507,-0.5642
2003-11,0.0725,1.3471,2.1957,2.3052,0.7767,0.5379
2003-12,0.0831,4.2829,-2.7811,0.774,-1.7394,-1.3486
2004-01,0.0696,2.1524,3.1121,2.0585,-2.4364,0.837
2004-02,0.0623,1.3997,-0.3075,-0.8855,2.1354,-0.0152
2004-03,0.0844,-1.3162,2.5218,-0.7352,1.7567,-1.0578
2004-04,0.0795,-1.8093,-3.2185,-2.9001,0.0193,1.427
2004-05,0.0603,1.1743,-0.3819,0.551,1.068,-0.2178
2004-06,0.0817,1.8607,2.2399,-0.2618,0.5621,0.6322
2004-07,0.0919,-4.0402,-3.3502,-0.9772,2.4066,3.0646
2004-08,0.1116,0.0745,-1.5163,-1.1997,-1.2272,0.176
2004-09,0.1185,1.5944,3.7951,-2.2121,-0.2123,-1.6176
2004-10,0.1129,1.425,-0.7841,0.584,-1.4399,0.0033
2004-11,0.1541,4.5313,4.4728,-0.4263,-1.1342,-1.6565
2004-12,0.1672,3.4169,-0.0411,0.3018,-0.8598,-1.1293
2005-01,0.1661,-2.7538,-0.3941,-0.4036,3.2457,1.2576
2005-02,0.1641,1.8819,0.1469,0.2917,3.5726,0.6662
2005-03,0.2123,-1.9348,-1.7448,0.9394,0.535,1.8949
2005-04,0.2072,-2.6089,-4.4794,-1.4563,-1.1019,2.1604
2005-05,0.2395,3.6511,2.9656,-0.0579,0.9641,0.4214
2005-06,0.2263,0.5711,3.8096,-0.1983,-0.4264,-0.4164
2005-07,0.2383,3.9142,2.7333,-2.0714,-0.2083,-0.4054
2005-08,0.292,-1.1886,-0.7913,0.2355,-0.6848,-0.6039
2005-09,0.2848,0.4859,0.0044,-0.0266,0.8619,0.2637
2005-10,0.2728,-2.044,-0.5108,-0.3149,1.1011,-0.5498
2005-11,0.3045,3.6182,1.2182,-1.0482,0.7751,-0.6043
2005-12,0.316,-0.2427,-0.0336,0.8804,0.2287,1.093
2006-01,0.3488,3.0346,6.4413,-0.6797,-0.2611,0.8783
2006-02,0.3322,-0.2924,-0.395,2.4381,-0.9978,-1.0257
2006-03,0.3642,1.4637,3.1221,-1.3435,0.7652,-0.7877
2006-04,0.3559,0.7325,-0.3055,0.3427,0.826,-0.127
2006-05,0.4195,-3.5448,-3.5327,1.3126,-0.0785,-1.5898
2006-06,0.397,-0.3492,-0.336,-0.3976,1.0467,0.6316
2006-07,0.3976,-0.776,-3.1594,1.3479,0.5439,3.2046
2006-08,0.4283,2.0201,0.4347,1.9253,-1.3348,-0.1456
2006-09,0.4047,1.8459,-0.9696,0.9827,0.6311,0.9507
2006-10,0.4076,3.2203,1.9782,0.1978,-0.2983,0.4435
2006-11,0.4243,1.7004,0.3878,-1.5945,0.4951,-0.8997
2006-12,0.4036,0.8643,0.0007,1.8255,-0.5587,-1.2249
2007-01,0.4328,1.3927,-0.0989,0.6262,0.0525,0.0683
2007-02,0.3837,-1.956,1.4242,-0.9689,-0.7332,-0.0687
2007-03,0.4257,0.6903,-0.1752,-1.1827,0.4443,-0.2037
2007-04,0.4348,3.4826,-1.7361,0.8508,0.5382,1.1127
2007-05,0.4046,3.2406,-0.2466,-2.3062,0.5284,0.1331
2007-06,0.3918,-1.949,0.5408,0.952,1.213,-0.5925
2007-07,0.3962,-3.7107,-3.0422,-2.2506,1.5445,0.0496
2007-08,0.4205,0.9173,-0.816,-1.32,0.9285,0.4943
2007-09,0.3347,3.2019,-2.4076,-3.2001,1.6183,-0.4745
2007-10,0.3212,1.802,0.3772,0.4574,1.2267,0.3453
2007-11,0.3395,-4.8017,-3.0164,0.1771,3.5961,1.4361
2007-12,0.2921,-0.8795,0.6429,-0.6026,2.3146,1.0642
2008-01,0.243,-6.3712,-0.7335,1.3985,-0.335,-0.8164
2008-02,0.1325,-3.0844,-0.8807,-1.508,1.8089,1.36
2008-03,0.1869,-0.9533,0.577,-0.3522,2.3694,-0.0305
2008-04,0.1025,4.6755,-0.9301,-2.3209,-0.8157,3.3207
2008-05,0.0946,1.942,2.5275,-0.3475,-0.3489,0.0573
2008-06,0.175,-8.4279,1.8781,-0.1854,6.3701,1.042
2008-07,0.144,-0.7579,5.9925,1.8031,-0.0192,-0.0866
2008-08,0.1282,1.5212,1.8626,0.9417,-0.9233,2.0556
2008-09,0.153,-9.292,0.6623,3.1609,1.6471,3.451
2008-10,0.0792,-17.1779,-3.4778,1.0392,5.8889,6.7419
2008-11,0.0228,-7.7499,-5.2251,0.5016,3.5054,2.2205
2008-12,0.0029,1.7427,3.5804,-2.3563,-0.6256,-0.7984
2009-01,0.0023,-8.059,-2.9404,-0.9195,-0.7397,2.4443
2009-02,0.0147,-10.0887,-1.6061,-1.8632,2.9127,2.997
2009-03,0.0159,8.9657,0.958,-0.4563,-3.3319,0.0621
2009-04,0.0125,10.1649,7.3504,3.5317,-13.9902,-1.9211
2009-05,0.0017,5.2051,-1.337,-2.4121,-3.2921,-0.587
2009-06,0.0075,0.4284,3.7792,0.4848,0.9567,2.5897
2009-07,0.0119,7.7115,1.6803,2.0193,-4.9457,-1.0228
2009-08,0.0116,3.3288,0.8741,2.2891,-2.5812,-1.5559
2009-09,0.0079,4.0766,2.4775,-1.1383,-2.7953,-2.6452
2009-10,0.004,-2.5535,-4.6208,-0.2528,3.9382,2.9368
2009-11,0.0004,5.5693,-2.3874,-0.3339,1.0111,-0.3241
2009-12,0.0062,2.746,4.839,-0.1381,-1.8542,-0.126
2010-01,0.0028,-3.3484,0.3824,0.6653,-1.0677,-0.6848
2010-02,0.001,3.3894,1.5068,0.703,-1.0406,-0.5169
2010-03,0.0068,6.3066,2.0311,1.6201,-0.5102,-1.6988
2010-04,0.0111,1.9985,3.8994,3.063,-2.4885,-2.3485
2010-05,0.0112,-7.8916,0.0538,-0.4777,2.7377,1.741
2010-06,0.0127,-5.5539,-2.3833,-2.491,1.3467,1.9119
2010-07,0.0142,6.9082,0.4861,1.2168,-0.8604,0.3729
2010-08,0.0126,-4.7708,-3.6733,-1.7234,-0.5062,-0.7079
2010-09,0.0125,9.5407,3.9594,1.142,0.509,0.0709
2010-10,0.0112,3.8684,0.6988,-0.0223,0.6453,0.4586
2010-11,0.0114,0.5951,3.6452,1.8646,-0.0799,-0.6143
2010-12,0.014,6.8135,0.4526,3.0162,-3.6797,-2.2361
2011-01,0.0066,1.9888,-1.9958,1.2925,0.5331,-1.3043
2011-02,0.0122,3.4831,1.3851,1.442,-1.648,-0.8408
2011-03,0.0067,0.4538,1.852,-0.1315,-0.9575,0.3227
2011-04,0.0053,2.8931,-0.878,-0.9779,1.5871,1.1108
2011-05,0.0013,-1.2686,-0.8588,-1.0351,0.1308,1.3826
2011-06,0.0035,-1.7419,0.4599,-1.1515,2.8113,1.0009
2011-07,-0.0028,-2.3484,-1.7834,-2.0383,0.7486,0.6584
2011-08,0.0083,-5.9801,-3.7375,-1.3168,2.5889,2.7071
2011-09,-0.0001,-7.5695,-4.7737,0.0766,-0.7641,4.899
2011-10,0.0014,11.3322,5.1842,-0.5881,2.1402,-1.7028
2011-11,0.0004,-0.2796,-1.1385,1.5253,0.5804,1.2225
2011-12,0.0,0.7396,0.1386,2.6695,1.1493,-0.5716
2012-01,-0.0002,5.0531,2.7798,-0.574,-0.6313,-1.3395
2012-02,0.0031,4.4179,-0.6691,0.0789,0.2919,0.0238
2012-03,0.0046,3.1094,0.7263,1.4304,1.6789,1.8088
2012-04,0.0029,-0.8431,-1.0996,0.8585,1.0202,-0.3846
2012-05,0.0065,-6.17,-0.8812,2.6809,1.6079,2.3605
2012-06,0.0022,3.8919,1.4974,1.0217,-1.7619,0.3509
2012-07,0.0032,0.7869,-3.0848,0.5093,1.5194,0.9808
2012-08,0.005,2.5482,1.4204,-1.4664,-0.5072,-0.3883
2012-09,0.0067,2.7322,1.1701,1.2038,0.1979,-0.6925
2012-10,0.0037,-1.7522,0.2241,1.8508,0.4723,-3.7218
2012-11,0.0085,0.7763,0.3716,0.7994,1.7203,0.1868
2012-12,0.0103,1.1754,2.4277,-0.8369,-1.9895,-2.6235
2013-01,0.0022,5.5689,0.1975,1.5622,-2.0267,-1.6667
2013-02,0.0054,1.2861,-0.621,0.7303,0.0662,0.438
2013-03,0.0041,4.0325,1.0729,1.292,0.5017,-1.1605
2013-04,0.0037,1.5536,-2.8649,0.1008,-1.049,-0.2802
2013-05,0.0012,2.8026,3.5114,-1.6629,-0.4309,-1.411
2013-06,0.0013,-1.1911,0.7559,0.7117,-0.1152,0.5336
2013-07,0.0009,5.6431,2.096,0.6492,-0.4789,-1.1004
2013-08,0.0009,-2.7045,-0.2103,-1.7886,0.5747,0.1682
2013-09,0.0008,3.7668,2.4501,-0.7386,-0.9744,-1.0177
2013-10,0.0017,4.1692,-1.6177,1.1612,1.337,0.7823
2013-11,0.0032,3.1221,1.9293,0.0148,1.5473,1.2051
2013-12,0.0023,2.8045,-0.4381,0.7392,-0.1739,-1.7385
2014-01,0.0012,-3.3179,0.3303,-0.2918,-2.3112,0.3524
2014-02,0.0045,4.6487,-0.3064,-0.6297,-1.4762,-0.0127
2014-03,0.0028,0.431,-0.1623,2.7038,1.7701,1.5414
2014-04,0.0015,-0.188,-4.6866,0.8015,1.0756,0.6944
2014-05,0.0008,2.0606,-2.0366,-0.9378,-0.6562,0.5021
2014-06,0.002,2.6075,2.2426,-2.6584,-2.5842,0.2611
2014-07,0.0013,-2.0368,-3.5626,0.7158,1.1954,1.2336
2014-08,0.0003,4.2324,0.4495,-0.9247,0.1376,0.233
2014-09,0.0004,-1.9687,-3.1026,-0.3101,3.0633,2.1813
2014-10,0.0012,2.5115,3.6151,0.5283,1.6899,-0.1556
2014-11,-0.0001,2.5492,-1.9772,0.3424,2.5253,0.4493
2014-12,0.0005,-0.0597,2.7694,0.4723,-0.6556,0.2993
2015-01,0.0013,-3.0997,-1.5792,-1.0729,-0.3707,1.4078
2015-02,-0.0021,6.1287,0.816,-1.3938,0.0837,-0.9756
2015-03,-0.0008,-1.1024,2.8163,-0.2615,0.8338,-0.0421
2015-04,0.0029,0.5888,-3.7918,-0.8011,-2.1972,-0.2287
2015-05,-0.0005,1.363,1.735,-0.612,1.4466,0.2946
2015-06,0.0004,-1.5262,2.8606,-2.4461,1.2477,-0.7174
2015-07,-0.0037,1.5494,-4.0748,-2.7296,4.3509,2.583
2015-08,0.0027,-6.0237,0.5006,1.1632,0.7598,0.2619
2015-09,-0.0006,-3.0664,-3.3796,0.3072,4.2729,3.4773
2015-10,-0.0027,7.7463,-2.7651,0.6524,-2.314,1.0362
2015-11,0.002,0.5639,3.4655,-0.5479,-1.7097,0.4651
2015-12,0.0103,-2.1647,-2.0946,0.328,2.9435,3.3336
2016-01,0.0037,-5.755,-2.8171,2.7736,5.3293,4.7834
2016-02,0.0205,-0.0703,0.4861,1.7188,2.0303,-0.1345
2016-03,0.019,6.9519,1.0386,-0.7057,-2.1273,-2.7531
2016-04,0.0051,0.9152,0.1069,1.2916,-7.2338,-5.236
2016-05,0.0115,1.7709,-0.501,-2.2596,0.9368,2.2551
2016-06,0.0188,-0.0424,-0.3369,0.4911,0.273,-0.8264
2016-07,0.0171,3.9514,2.3302,-2.1903,-0.5211,2.2562
2016-08,0.0165,0.496,0.9735,-0.2318,-2.3925,-0.3905
2016-09,0.0219,0.2632,1.0162,0.2096,-3.078,-0.9288
2016-10,0.0168,-2.0198,-3.4301,0.869,3.0152,2.029
2016-11,0.0136,4.863,6.5782,2.978,-0.971,-2.5338
2016-12,0.0239,1.8158,0.6324,-0.2455,1.5371,0.8248
2017-01,0.0358,1.9371,-1.8672,-2.0241,-1.3102,0.6337
2017-02,0.0364,3.5584,-1.6698,-2.2401,2.0078,2.4684
2017-03,0.0353,0.1675,1.2536,-1.2934,1.9001,1.2334
2017-04,0.0537,1.0866,0.6004,-1.5686,1.0154,1.6603
2017-05,0.0614,1.0616,-2.572,-1.559,1.3157,2.6916
2017-06,0.0617,0.7957,3.0521,-0.5345,-1.3137,-1.8834
2017-07,0.0722,1.8658,-1.1238,-0.4273,1.5286,1.0232
2017-08,0.0827,0.1621,-1.456,-2.8801,0.3901,1.5301
2017-09,0.0944,2.5063,4.9094,3.1398,0.4385,-1.7837
2017-10,0.084,2.251,-1.3341,-3.3035,1.3832,2.8967
2017-11,0.0826,3.1194,0.2127,-0.4945,1.8841,1.165
2017-12,0.0884,1.0529,-0.9107,1.7408,0.3386,-1.0643
2018-01,0.1121,5.5756,-2.7667,-1.2905,-1.2835,2.5698
2018-02,0.1073,-3.6456,0.183,-1.6974,-0.7709,4.466
2018-03,0.0261,-2.2543,2.8019,-0.1097,0.1504,0.463
2018-04,0.1433,0.2831,0.2757,1.586,-0.0324,-0.8221
2018-05,0.1401,2.6469,4.9641,-0.9636,-1.7547,2.3324
2018-06,0.1408,0.4897,0.6134,-0.3929,1.4065,0.0872
2018-07,0.1558,3.1969,-1.3017,0.4681,1.9791,1.4064
2018-08,0.1575,3.4463,1.5016,-2.4129,0.3628,4.167
2018-09,0.149,0.0589,-3.1009,1.45,0.7193,0.9718
2018-10,0.189,-7.6461,-4.7513,4.1724,1.2653,-0.7543
2018-11,0.1795,1.7068,-0.7807,-0.9826,0.6932,2.7784
2018-12,0.193,-9.5425,-3.0346,-0.8421,1.2754,2.4925
2019-01,0.192,8.4105,2.0507,-0.9971,-3.9593,-7.1445
2019-02,0.1809,3.3948,1.1925,-2.5881,0.527,1.3807
2019-03,0.1935,1.1006,-3.4388,-0.4832,0.0942,0.6648
2019-04,0.2125,3.9596,-0.2524,-2.4268,1.8378,1.0612
2019-05,0.1983,-6.9253,-1.9174,1.5221,0.6472,0.171
2019-06,0.1853,6.9265,-0.43,-0.2681,-0.1339,-0.4102
2019-07,0.1783,1.2215,-1.6351,0.1745,0.4834,1.3001
2019-08,0.1908,-2.6013,-4.209,-1.0153,1.8765,1.5138
2019-09,0.1787,1.4296,1.4364,2.9758,1.7112,-1.8618
2019-10,0.1531,2.0626,0.823,-0.6405,0.8396,1.9432
2019-11,0.1197,3.8673,0.0017,-1.0307,-1.3054,-0.6352
2019-12,0.1431,2.7638,1.3017,1.8016,-1.2858,-0.7662
2020-01,0.1164,-0.0914,-4.7449,-2.3964,-0.4568,2.4581
2020-02,0.1208,-8.1279,-1.3723,-2.2206,-0.4626,1.5515
2020-03,0.1268,-13.3727,-8.4075,2.1202,5.8395,11.9071
2020-04,0.0003,13.5889,3.3984,-0.1436,-1.9135,-2.7459
2020-05,0.0059,5.5812,2.4777,-3.7099,-0.6115,0.7014
2020-06,0.0111,2.4585,2.2921,0.2574,1.1653,1.6956
2020-07,0.0096,5.7699,-1.2545,-1.3813,3.3555,1.3992
2020-08,0.0079,7.6253,-2.0267,-2.9853,-0.7089,-1.6697
2020-09,0.0076,-3.6264,0.592,-2.5136,1.1375,0.8072
2020-10,0.0073,-2.1012,2.6025,-0.4067,-2.6512,0.0726
2020-11,0.0066,12.4674,4.1354,3.1876,-14.3089,-9.8294
2020-12,0.006,4.6312,4.2013,-2.7157,-4.1575,-1.0062
2021-01,0.0046,-0.02,8.2266,6.4987,-1.9992,-7.1561
2021-02,0.0045,2.7752,4.3707,-0.6657,-6.1829,-5.6844
2021-03,0.0027,3.0829,-0.6519,4.6803,4.4253,-1.4957
2021-04,0.0014,4.9216,-3.0234,-3.3593,2.2228,2.1599
2021-05,0.0005,0.2859,1.5281,4.4315,2.5653,-1.5652
2021-06,0.0004,2.7473,-0.1273,-2.5541,-1.2674,3.6784
2021-07,0.0031,1.2679,-3.0131,-1.5395,7.473,5.3209
2021-08,0.0049,2.9046,-0.7712,-2.054,1.2468,2.3736
2021-09,0.0033,-4.371,0.7796,3.2832,-1.7584,-4.6872
2021-10,0.0037,6.6465,-1.9889,-2.2802,3.3116,3.3914
2021-11,0.0044,-1.5453,-0.6214,-0.3591,8.3907,4.796
2021-12,0.0067,3.1022,-0.5947,5.2655,3.7494,1.2502
2022-01,0.0044,-6.2517,-3.734,10.3845,0.7958,-3.3889
2022-02,0.0028,-2.2853,3.1876,3.6933,-2.3836,-4.2422
2022-03,0.006,3.0523,-1.8472,3.2339,-0.112,-1.4303
2022-04,0.0037,-9.4447,0.8844,6.0285,4.6841,0.0161
2022-05,0.0307,-0.3444,0.807,5.733,1.064,1.2622
2022-06,0.0567,-8.4199,0.6968,-5.6119,1.0063,1.4046
2022-07,0.0812,9.5542,0.2844,-5.596,-2.0623,2.3743
2022-08,0.1901,-3.773,1.4702,2.7022,-2.6136,-3.4257
2022-09,0.1929,-9.3453,-1.7464,-0.3029,1.1599,1.6949
2022-10,0.2327,7.8328,4.8084,7.5208,5.1531,-0.895
2022-11,0.2856,4.6077,-2.3135,2.1134,2.5263,1.3382
2022-12,0.3379,-6.4056,0.3653,3.9516,-0.4662,-0.4092
2023-01,0.3506,6.6453,4.7247,-5.4623,-4.2413,-2.0987
2023-02,0.345,-2.5828,-0.1313,-1.3424,2.9243,1.9794
2023-03,0.3638,2.4609,-7.7886,-3.2743,1.1849,6.312
2023-04,0.364,0.5941,-1.9674,3.0871,-1.0976,-0.5297
2023-05,0.3662,0.3433,-1.7025,-6.9667,-1.1789,1.7062
2023-06,0.4078,6.4543,2.6905,-1.4515,4.2909,0.2824
2023-07,0.4391,3.2194,1.4887,-0.5918,-0.6995,-1.0095
2023-08,0.4537,-2.3886,-2.3035,-0.8323,5.1629,5.0538
2023-09,0.4267,-5.2404,-0.1586,-0.5022,3.3765,3.0499
2023-10,0.4715,-3.1794,-2.6272,-0.3951,5.771,4.6495
2023-11,0.4424,8.8694,-0.7873,-2.2334,-3.8269,-3.2768
2023-12,0.4266,4.8532,5.4177,0.4286,-3.6554,-4.2574
